rank,region,period,amount,count,ticket,share_korean,share_chinese,share_japanese,share_western,share_bakery,share_supermarket,share_convenience,concentration,amount_growth,count_growth,ticket_growth,share_change_korean,share_change_chinese,share_change_japanese,share_change_western,share_change_bakery,share_change_supermarket,share_change_convenience,year,q,quarter,future_growth,target,missing_features,similarity_score,out_of_range_features,out_of_range_count,interpretation,positive_score_drivers,negative_score_drivers,percentile_amount_growth,percentile_count_growth,percentile_ticket_growth,percentile_concentration,percentile_q,percentile_share_korean,percentile_share_chinese,percentile_share_japanese,percentile_share_western,percentile_share_bakery,percentile_share_supermarket,percentile_share_convenience,percentile_share_change_korean,percentile_share_change_chinese,percentile_share_change_japanese,percentile_share_change_western,percentile_share_change_bakery,percentile_share_change_supermarket,percentile_share_change_convenience,evidence
1,강원특별자치도 평창군,8105,6793560000.0,292342.0,23238.398861607297,0.5767668203416176,0.02405807853319909,0.0069683641566424676,0.0831169519368343,0.020033678954774817,0.11341329141127773,0.17564281466565393,0.38431006329285466,-0.07892299953766913,-0.07297490130170758,-0.006416329228101425,0.031056396746201864,0.0008764557111368212,-0.002835490950757944,-0.025349126399099933,0.0003974967503106823,0.008710938947027028,-0.012856670804818587,2026,2,20262,,,0,96.61807570793252,"share_japanese, share_change_western",2,탐색용: 검증 적중률이 무작위 기준을 넘지 못함,share_change_western=+2.347; share_change_convenience=+0.365; amount_growth=+0.362,share_japanese=-0.148; concentration=-0.082; share_western=-0.076,0.11555555555555555,0.15777777777777777,0.41333333333333333,0.9022222222222223,0.5,0.8711111111111111,0.2822222222222222,0.0,0.8777777777777778,0.02,0.18,0.7311111111111112,0.8577777777777778,0.7244444444444444,0.09333333333333334,0.0,0.6511111111111111,0.7911111111111111,0.2088888888888889,매출 전분기 대비 -7.9%; 건수 -7.3%; 건당금액 -0.6%; 최대 업종 한식
2,강원특별자치도 홍천군,8105,10676780000.0,547516.0,19500.3981618802,0.5118434584209846,0.02709805765408672,0.01779656413263175,0.06954250251480315,0.017852760851118032,0.22610187715771984,0.1297647792686559,0.33615058587082147,0.045418939930989444,0.06947789517274239,-0.02249598177797507,0.045284433186281836,-0.001684112381515241,-0.0038936087072612494,-0.017621599426659237,-0.0037933501533743176,-0.029095461115761223,0.010803698598289349,2026,2,20262,,,0,88.01950660653472,,0,탐색용: 검증 적중률이 무작위 기준을 넘지 못함,share_change_western=+1.631; share_change_korean=+0.474; ticket_growth=+0.332,share_change_convenience=-0.359; amount_growth=-0.105; share_japanese=-0.086,0.6888888888888889,0.7355555555555555,0.25333333333333335,0.56,0.5,0.5066666666666667,0.4711111111111111,0.23555555555555555,0.8333333333333334,0.008888888888888889,0.7111111111111111,0.19333333333333333,0.9066666666666666,0.2088888888888889,0.04666666666666667,0.0022222222222222222,0.11777777777777777,0.13333333333333333,0.8533333333333334,매출 전분기 대비 +4.5%; 건수 +6.9%; 건당금액 -2.2%; 최대 업종 한식
3,전라남도 함평군,8105,2863790000.0,136742.0,20943.01677611853,0.6619933724190671,0.03674501272788857,0.0029925378606671577,0.11474654216964232,0.018276479769815526,0.05835972609723478,0.1068863289556846,0.46792571997042287,0.17716768470638522,0.1506104692745891,0.023080978437941102,0.039594306330066,-0.0037683094796271133,-0.0005753967655629166,-0.02366301397600175,-0.003028364893491474,-0.009406368658559004,0.0008471474431762799,2026,2,20262,,,0,80.14468832268248,"concentration, share_korean, share_japanese, share_supermarket, share_change_western",5,탐색용: 검증 적중률이 무작위 기준을 넘지 못함,share_change_western=+2.191; share_change_korean=+0.407; share_bakery=+0.207,amount_growth=-0.599; concentration=-0.224; count_growth=-0.186,0.94,0.9288888888888889,0.6666666666666666,1.0,0.5,1.0,0.5955555555555555,0.0,0.96,0.008888888888888889,0.0,0.044444444444444446,0.8888888888888888,0.02,0.4266666666666667,0.0,0.1688888888888889,0.3244444444444444,0.4911111111111111,매출 전분기 대비 +17.7%; 건수 +15.1%; 건당금액 +2.3%; 최대 업종 한식
4,인천광역시 중구,8105,39037350000.0,2432351.0,16049.225625742338,0.41049584564526026,0.05224714280042062,0.043440448698490036,0.1766380146193325,0.041962889386702736,0.08277457358145468,0.19244108526833917,0.24997074943113903,-0.01582848840507256,0.00726767961417929,-0.022929523588107736,0.011233167211096684,0.0015026486986654056,0.0026396861154795934,-0.01386252250150316,-0.004205299899671541,-0.0021515291297638933,0.004843849505696912,2026,2,20262,,,0,74.87594236435933,,0,탐색용: 검증 적중률이 무작위 기준을 넘지 못함,share_change_western=+1.283; ticket_growth=+0.336; concentration=+0.146,share_western=-0.232; share_change_convenience=-0.176; share_korean=-0.134,0.36,0.5955555555555555,0.24888888888888888,0.0044444444444444444,0.5,0.04,0.8555555555555555,0.7422222222222222,0.9955555555555555,0.6,0.03111111111111111,0.8488888888888889,0.6577777777777778,0.82,0.9044444444444445,0.0044444444444444444,0.09777777777777778,0.45555555555555555,0.6422222222222222,매출 전분기 대비 -1.6%; 건수 +0.7%; 건당금액 -2.3%; 최대 업종 한식
5,강원특별자치도 정선군,8105,7228960000.0,332173.0,21762.635734993513,0.4850158252362719,0.04053556804851597,0.008716329873176778,0.06407422367809477,0.027915495451627897,0.1779011088731989,0.19584144883911378,0.3118469160610731,0.21933060420366934,0.20714241586202142,0.010096727760944724,-0.018129083452581962,0.0004790963172728313,-0.00108863349947424,-0.024165386484792772,0.0036569399337426506,0.06459668609761669,-0.02534961891178314,2026,2,20262,,,0,73.23812406663015,"share_japanese, share_change_western",2,탐색용: 검증 적중률이 무작위 기준을 넘지 못함,share_change_western=+2.237; share_change_convenience=+0.748; share_bakery=+0.114,amount_growth=-0.757; share_change_korean=-0.280; share_change_supermarket=-0.259,0.9644444444444444,0.9888888888888889,0.5755555555555556,0.24888888888888888,0.5,0.28888888888888886,0.6444444444444445,0.0,0.8111111111111111,0.11777777777777777,0.45555555555555555,0.8688888888888889,0.11333333333333333,0.6577777777777778,0.31555555555555553,0.0,0.9222222222222223,0.9955555555555555,0.02,매출 전분기 대비 +21.9%; 건수 +20.7%; 건당금액 +1.0%; 최대 업종 한식
6,강원특별자치도 속초시,8105,27460210000.0,1080023.0,25425.578899708617,0.5483333885647633,0.014912121939344236,0.09111510800536485,0.08994432307691748,0.021512217131624267,0.09870099318249934,0.1354818480994865,0.34584381326182606,0.06337364131434464,0.0940442713820322,-0.028034176376558695,0.010389711310523353,-0.001843048801297974,0.003895901750018499,-0.003166764541534889,-0.001479867262267072,-0.009544271723689449,0.0017483392682475507,2026,2,20262,,,0,70.15793375405828,"share_chinese, share_japanese",2,탐색용: 검증 적중률이 무작위 기준을 넘지 못함,ticket_growth=+0.387; share_japanese=+0.339; share_change_western=+0.293,amount_growth=-0.172; count_growth=-0.112; share_western=-0.088,0.76,0.7888888888888889,0.21777777777777776,0.6577777777777778,0.5,0.7644444444444445,0.0,1.0,0.9022222222222223,0.02,0.11555555555555555,0.23333333333333334,0.6444444444444445,0.18,0.9533333333333334,0.10222222222222223,0.32666666666666666,0.32222222222222224,0.5311111111111111,매출 전분기 대비 +6.3%; 건수 +9.4%; 건당금액 -2.8%; 최대 업종 한식
7,충청북도 괴산군,8105,4374820000.0,200968.0,21768.739301779387,0.47044906990459034,0.04242688842055216,0.011374182252069799,0.08557609227351068,0.01952308894994537,0.25219551890134906,0.11845515929798255,0.3085903633462304,0.00428358921619032,0.1544444572098207,-0.13007197276216687,0.06438960468751842,-0.0018804832095073443,-0.004704198707307268,0.011320325726827368,-0.0004509248603829924,-0.07802880711055132,0.009354483473403105,2026,2,20262,,,0,67.32128377754803,"ticket_growth, share_change_supermarket",2,탐색용: 검증 적중률이 무작위 기준을 넘지 못함,ticket_growth=+1.409; share_change_korean=+0.701; share_change_supermarket=+0.281,share_change_western=-1.048; share_change_convenience=-0.314; count_growth=-0.191,0.46,0.94,0.0,0.20222222222222222,0.5,0.21333333333333335,0.6933333333333334,0.02,0.8844444444444445,0.02,0.8,0.1288888888888889,0.9866666666666667,0.17777777777777778,0.015555555555555555,0.9866666666666667,0.49777777777777776,0.0,0.8111111111111111,매출 전분기 대비 +0.4%; 건수 +15.4%; 건당금액 -13.0%; 최대 업종 한식
8,강원특별자치도 강릉시,8105,38908600000.0,1759724.0,22110.626439146137,0.44929193031874703,0.02289570943184797,0.08021028769989154,0.1358915509681664,0.02538153518759349,0.13541068041512674,0.15091830597862682,0.26904426581579166,0.060424283090870556,0.11670651903521723,-0.05040020362106601,0.0038162157534821217,-0.002713736233283557,0.008574973401282104,-0.0033909648379295,-0.00529147553912989,-0.008726360439522574,0.007731347895101298,2026,2,20262,,,0,65.211354937716,,0,탐색용: 검증 적중률이 무작위 기준을 넘지 못함,ticket_growth=+0.611; share_change_western=+0.314; share_japanese=+0.276,share_change_convenience=-0.265; share_western=-0.164; amount_growth=-0.161,0.7422222222222222,0.8622222222222222,0.1,0.022222222222222223,0.5,0.11777777777777777,0.21333333333333335,0.9888888888888889,0.9622222222222222,0.035555555555555556,0.26,0.42,0.5666666666666667,0.08222222222222222,0.9977777777777778,0.09111111111111111,0.06222222222222222,0.34444444444444444,0.7666666666666667,매출 전분기 대비 +6.0%; 건수 +11.7%; 건당금액 -5.0%; 최대 업종 한식
9,전라남도 진도군,8105,4033890000.0,148879.0,27095.090644080094,0.4317866872919192,0.022462189102826303,0.004702656740763878,0.07987327368867272,0.017107556229842658,0.2654633616682656,0.1786042752777096,0.2960091001078373,0.023320886056682477,0.06306454261783534,-0.03738592998622903,0.042706128382138275,0.0009601951708736699,0.001544329411212081,0.002302725027600566,0.0013717293822845915,-0.04941806787439845,0.0005329605002892535,2026,2,20262,,,0,64.50669188599363,share_japanese,1,탐색용: 검증 적중률이 무작위 기준을 넘지 못함,ticket_growth=+0.481; share_change_korean=+0.444; share_bakery=+0.218,share_change_western=-0.213; share_japanese=-0.161; share_korean=-0.106,0.5866666666666667,0.7288888888888889,0.17777777777777778,0.11777777777777777,0.5,0.07555555555555556,0.19111111111111112,0.0,0.8688888888888889,0.0044444444444444444,0.8777777777777778,0.7711111111111111,0.8911111111111111,0.7266666666666667,0.7933333333333333,0.86,0.7622222222222222,0.008888888888888889,0.4777777777777778,매출 전분기 대비 +2.3%; 건수 +6.3%; 건당금액 -3.7%; 최대 업종 한식
10,전라남도 고흥군,8105,6765610000.0,273332.0,24752.35245049976,0.47290192606431647,0.0356745363684871,0.008451566081994084,0.08590356228041522,0.024312663603134086,0.23910482572894387,0.1336509198727092,0.3079845468833194,0.047335610999051037,0.09329301462353201,-0.042035760779379094,0.0345776977177501,-0.0006143442986511968,0.0010179339275875436,-0.0006250305772915604,-0.0005780842958044326,-0.038151696501517285,0.0043735240279269005,2026,2,20262,,,0,62.99252405635014,share_japanese,1,탐색용: 검증 적중률이 무작위 기준을 넘지 못함,ticket_growth=+0.527; share_change_korean=+0.347; share_bakery=+0.149,share_change_convenience=-0.162; share_japanese=-0.140; amount_growth=-0.112,0.6933333333333334,0.7844444444444445,0.1511111111111111,0.19555555555555557,0.5,0.22444444444444445,0.5866666666666667,0.0,0.8866666666666667,0.02666666666666667,0.7422222222222222,0.22,0.8666666666666667,0.4111111111111111,0.7311111111111112,0.4066666666666667,0.4666666666666667,0.05555555555555555,0.6311111111111111,매출 전분기 대비 +4.7%; 건수 +9.3%; 건당금액 -4.2%; 최대 업종 한식
11,전라남도 강진군,8105,4086790000.0,156827.0,26059.224495781975,0.5579440098463586,0.02857010024982933,0.026223515277271403,0.0850985736972049,0.02437854648758561,0.16638731131279072,0.1113979431289594,0.3607357613786245,0.1581278568574498,0.12846287794839317,0.02628795283278529,0.028649265755608,0.0012689573651578114,0.00413945813587166,-0.008301713653416698,-0.004594557607585821,-0.01634104599948913,-0.004820363996145813,2026,2,20262,,,0,62.8308849379421,,0,탐색용: 검증 적중률이 무작위 기준을 넘지 못함,share_change_western=+0.769; share_change_korean=+0.276; share_bakery=+0.148,amount_growth=-0.528; count_growth=-0.157; ticket_growth=-0.157,0.9288888888888889,0.8866666666666667,0.6755555555555556,0.7644444444444445,0.5,0.8111111111111111,0.5111111111111111,0.44666666666666666,0.8822222222222222,0.02666666666666667,0.3933333333333333,0.08,0.8422222222222222,0.7866666666666666,0.96,0.022222222222222223,0.08,0.22444444444444445,0.33555555555555555,매출 전분기 대비 +15.8%; 건수 +12.8%; 건당금액 +2.6%; 최대 업종 한식
12,경상북도 포항시 북구,8105,59525670000.0,2980213.0,19973.62940165686,0.48247352780741487,0.02662716774124508,0.03330899089418061,0.11080664862739051,0.033652372161455724,0.19272861607437597,0.12040267669393726,0.2996509195123775,0.04390049798009055,0.10047871095149152,-0.051412364826651236,-0.0004484347349983375,-0.002453880465107656,-0.00245364677988269,-0.00573254757564283,-0.0023208846451724108,0.006418894765051003,0.006990499435752917,2026,2,20262,,,0,61.97186405936461,,0,탐색용: 검증 적중률이 무작위 기준을 넘지 못함,ticket_growth=+0.621; share_change_western=+0.531; share_convenience=+0.118,share_change_convenience=-0.242; share_western=-0.122; count_growth=-0.120,0.6866666666666666,0.8088888888888889,0.09777777777777778,0.14444444444444443,0.5,0.27111111111111114,0.44222222222222224,0.6333333333333333,0.9577777777777777,0.3288888888888889,0.5333333333333333,0.13333333333333333,0.47555555555555556,0.09777777777777778,0.12444444444444444,0.04,0.2288888888888889,0.7288888888888889,0.7377777777777778,매출 전분기 대비 +4.4%; 건수 +10.0%; 건당금액 -5.1%; 최대 업종 한식
13,부산광역시 기장군,8105,46105670000.0,2187599.0,21075.923878187914,0.522480640667406,0.026394150654355526,0.0541538600350022,0.1549037244226144,0.018969901098932082,0.10093682620814316,0.12216089691354665,0.326081860225074,0.1541929853723405,0.1988512373776954,-0.037250870344045284,-0.008458942131876257,-0.0022388320744319637,0.00865596085850899,-0.01033710925785214,-0.00017107437210098567,0.00768699843962227,0.004862998538130089,2026,2,20262,,,0,61.414484363276934,,0,탐색용: 검증 적중률이 무작위 기준을 넘지 못함,share_change_western=+0.957; ticket_growth=+0.479; share_bakery=+0.200,amount_growth=-0.513; count_growth=-0.249; share_western=-0.196,0.9266666666666666,0.9844444444444445,0.17777777777777778,0.4,0.5,0.6155555555555555,0.4288888888888889,0.86,0.9755555555555555,0.017777777777777778,0.13555555555555557,0.14222222222222222,0.28,0.1288888888888889,0.9977777777777778,0.011111111111111112,0.5466666666666666,0.7688888888888888,0.6422222222222222,매출 전분기 대비 +15.4%; 건수 +19.9%; 건당금액 -3.7%; 최대 업종 한식
14,전라남도 담양군,8105,11742770000.0,387575.0,30298.058440301877,0.6285390925650421,0.021838969851236123,0.001119837993931585,0.12194056427912664,0.04905827160031236,0.13319429742726802,0.044308966283083125,0.4325198061131232,0.09019262334652889,0.11770388741492677,-0.024614089991247146,0.024929308026899966,-0.003585120878927796,0.0004940999200907788,-0.006031227374233034,-0.008719448410679828,-0.009992956083921006,0.002905344800770905,2026,2,20262,,,0,61.20740863077301,"share_japanese, share_convenience",2,탐색용: 검증 적중률이 무작위 기준을 넘지 못함,share_change_western=+0.558; share_convenience=+0.357; ticket_growth=+0.353,amount_growth=-0.273; share_japanese=-0.182; concentration=-0.164,0.8377777777777777,0.8644444444444445,0.24,0.9955555555555555,0.5,0.9955555555555555,0.16,0.0,0.96,0.7955555555555556,0.2577777777777778,0.0,0.8,0.02666666666666667,0.6577777777777778,0.03777777777777778,0.013333333333333334,0.30666666666666664,0.5777777777777777,매출 전분기 대비 +9.0%; 건수 +11.8%; 건당금액 -2.5%; 최대 업종 한식
15,전라남도 여수시,8105,46619440000.0,2143688.0,21747.306511022125,0.4952298869312888,0.024947747120085528,0.03770015255438504,0.10843073190068349,0.021500901769733828,0.15739013596044912,0.15480044376337426,0.3082506771833846,0.0409319824722989,0.08342144152412678,-0.03921784951205587,0.008533188725924401,-0.0012949054797637555,0.0012778131086846264,-0.0032635939247651763,-0.0008847634735048883,-0.011274800264396673,0.00690706130782151,2026,2,20262,,,0,60.69243727157991,,0,탐색용: 검증 적중률이 무작위 기준을 넘지 못함,ticket_growth=+0.499; share_change_western=+0.302; share_bakery=+0.176,share_change_convenience=-0.240; share_western=-0.118; count_growth=-0.098,0.6711111111111111,0.7533333333333333,0.1688888888888889,0.19555555555555557,0.5,0.35555555555555557,0.34444444444444444,0.6888888888888889,0.9533333333333334,0.02,0.3466666666666667,0.4688888888888889,0.6244444444444445,0.26,0.7644444444444445,0.09333333333333334,0.42,0.28,0.7333333333333333,매출 전분기 대비 +4.1%; 건수 +8.3%; 건당금액 -3.9%; 최대 업종 한식
16,서울특별시 강남구,8105,153822470000.0,9908600.0,15524.137617826938,0.35327010416618587,0.04184440673719516,0.05970967700622672,0.33169185230220266,0.028910665652423864,0.059313115957636095,0.12526017817812962,0.26017943583491676,-0.01059531077820175,0.03048878589709436,-0.03986855290184477,0.006404103507022141,-0.004347996516634589,-0.0017730348684714473,-0.0075013359276339675,-0.0005763624325305569,-0.0010531084106846292,0.00884773464893307,2026,2,20262,,,0,59.73876957114168,"share_western, share_supermarket",2,탐색용: 검증 적중률이 무작위 기준을 넘지 못함,share_change_western=+0.694; ticket_growth=+0.506; share_japanese=+0.157,share_western=-0.489; share_change_convenience=-0.299; share_korean=-0.211,0.3844444444444444,0.6911111111111111,0.1622222222222222,0.015555555555555555,0.5,0.0022222222222222222,0.6844444444444444,0.9,1.0,0.15555555555555556,0.0,0.17555555555555555,0.6,0.015555555555555555,0.19111111111111112,0.028888888888888888,0.4666666666666667,0.4955555555555556,0.8,매출 전분기 대비 -1.1%; 건수 +3.0%; 건당금액 -4.0%; 최대 업종 한식
17,부산광역시 부산진구,8105,103993350000.0,6715629.0,15485.273233527343,0.4717934367918718,0.0320116622841749,0.04361076934246276,0.14593750465774974,0.036436464447005504,0.11575461315555273,0.15445554932118255,0.28539671111475207,0.1272962541886069,0.17833908527691356,-0.04331760842534682,-2.5498313337701806e-05,0.000508329609918444,-0.0032850436115198015,-0.011463169855400579,0.0008360150606407657,0.007094082841485258,0.006335284268213587,2026,2,20262,,,0,59.044618712153486,,0,탐색용: 검증 적중률이 무작위 기준을 넘지 못함,share_change_western=+1.061; ticket_growth=+0.540; concentration=+0.086,amount_growth=-0.412; share_change_convenience=-0.222; count_growth=-0.222,0.9,0.9733333333333334,0.14444444444444443,0.06444444444444444,0.5,0.22,0.5577777777777778,0.7444444444444445,0.9622222222222222,0.4222222222222222,0.19111111111111112,0.4688888888888889,0.48444444444444446,0.6644444444444444,0.06888888888888889,0.006666666666666667,0.7088888888888889,0.7422222222222222,0.7111111111111111,매출 전분기 대비 +12.7%; 건수 +17.8%; 건당금액 -4.3%; 최대 업종 한식
18,대구광역시 수성구,8105,78605550000.0,4438872.0,17708.451606624385,0.4426424088375439,0.033050465266129425,0.03860961471550037,0.14167727342407757,0.03886468576328262,0.1869000344123284,0.11825551758113771,0.26901424161036225,0.005199301218417496,0.08042892244857236,-0.06962940334812784,-0.010165345535691428,-0.003729175181820206,0.0018899494820580343,-0.003815052114225559,-0.0024472394449394294,0.00583959333490755,0.012427269459711052,2026,2,20262,,,0,57.680167261667115,,0,탐색용: 검증 적중률이 무작위 기준을 넘지 못함,ticket_growth=+0.804; share_change_western=+0.353; share_convenience=+0.125,share_change_convenience=-0.408; share_change_korean=-0.185; share_western=-0.174,0.4711111111111111,0.7511111111111111,0.04,0.022222222222222223,0.5,0.09555555555555556,0.5733333333333334,0.7066666666666667,0.9622222222222222,0.5066666666666667,0.5088888888888888,0.12666666666666668,0.24,0.02,0.8333333333333334,0.07111111111111111,0.21333333333333335,0.7133333333333334,0.8888888888888888,매출 전분기 대비 +0.5%; 건수 +8.0%; 건당금액 -7.0%; 최대 업종 한식
19,부산광역시 중구,8105,30905190000.0,1615230.0,19133.61564606898,0.5403357817894017,0.032312048558834294,0.06173493837119267,0.1593567294037021,0.030057734639392285,0.05987667443558833,0.11632609280188862,0.3402330388056432,0.14350036611766903,0.1945703967701642,-0.042751796621259275,0.006292388613065469,-0.0020508419466374883,-0.0032282852107072477,-0.007345765857488362,-0.0005044881592119153,0.004111717909055249,0.002725274651924306,2026,2,20262,,,0,57.25644043374232,share_supermarket,1,탐색용: 검증 적중률이 무작위 기준을 넘지 못함,share_change_western=+0.680; ticket_growth=+0.535; share_japanese=+0.169,amount_growth=-0.473; count_growth=-0.243; share_western=-0.203,0.9133333333333333,0.9844444444444445,0.1511111111111111,0.6088888888888889,0.5,0.7222222222222222,0.5688888888888889,0.9088888888888889,0.9866666666666667,0.19777777777777777,0.0,0.1111111111111111,0.5977777777777777,0.14666666666666667,0.07333333333333333,0.028888888888888888,0.48444444444444446,0.6755555555555556,0.5755555555555556,매출 전분기 대비 +14.4%; 건수 +19.5%; 건당금액 -4.3%; 최대 업종 한식
20,경상북도 영덕군,8105,6570890000.0,258088.0,25459.881900747034,0.5178826612528896,0.03127734599118232,0.032310691550155306,0.07811879364895775,0.013710471488641568,0.20929128322038568,0.11740875284778775,0.3341028834139945,-0.1033320960901295,0.02419530856260743,-0.12451473228452237,-0.033749953933542964,0.0032333183278798645,-0.0011221670820723353,0.006290002635710154,0.0002022319947468168,0.005386325332141478,0.01976024272513692,2026,2,20262,,,0,57.130468157680035,"ticket_growth, share_bakery",2,탐색용: 검증 적중률이 무작위 기준을 넘지 못함,ticket_growth=+1.353; amount_growth=+0.453; share_bakery=+0.250,share_change_convenience=-0.633; share_change_western=-0.582; share_change_korean=-0.466,0.07111111111111111,0.6711111111111111,0.0,0.5133333333333333,0.5,0.5666666666666667,0.5444444444444444,0.6133333333333333,0.8577777777777778,0.0,0.6288888888888889,0.12,0.05555555555555555,0.9555555555555556,0.30666666666666664,0.9577777777777777,0.6111111111111112,0.7022222222222222,0.9733333333333334,매출 전분기 대비 -10.3%; 건수 +2.4%; 건당금액 -12.5%; 최대 업종 한식
21,경상북도 포항시 남구,8105,52915540000.0,2745211.0,19275.582095511054,0.44988201953528206,0.029900101180107014,0.02625504719407569,0.10189313007105286,0.02855267091670991,0.22142455694489746,0.142092474157875,0.2843937456575926,0.06912435133918504,0.13425206886963226,-0.05741908638998727,-0.020628310143218143,-0.0039205746636470536,0.00039104836431192586,-0.008711772151991912,-0.0022745277009889424,0.026920666798399717,0.0082234694971344,2026,2,20262,,,0,56.7735915955801,,0,탐색용: 검증 적중률이 무작위 기준을 넘지 못함,share_change_western=+0.807; ticket_growth=+0.681; share_bakery=+0.108,share_change_korean=-0.310; share_change_convenience=-0.280; amount_growth=-0.194,0.7822222222222223,0.8933333333333333,0.07555555555555556,0.06,0.5,0.12,0.5155555555555555,0.44666666666666666,0.94,0.13777777777777778,0.6911111111111111,0.3,0.10222222222222223,0.017777777777777778,0.6333333333333333,0.022222222222222223,0.2311111111111111,0.9488888888888889,0.7866666666666666,매출 전분기 대비 +6.9%; 건수 +13.4%; 건당금액 -5.7%; 최대 업종 한식
22,전라남도 장흥군,8105,4214620000.0,178282.0,23640.188016737528,0.47512705771813357,0.028156749600201203,0.0034522685319198407,0.07015341833901989,0.020056375189222278,0.27688617241886576,0.1261679582026375,0.32445850812612825,0.04630470941635023,0.08553649061704638,-0.03614045362804519,0.02160802889561181,-0.0002089811413394753,-8.786205073699508e-05,0.0004778889330964986,-0.002956956158063042,-0.024911201032637442,0.006079082554068679,2026,2,20262,,,0,55.995596894304434,share_japanese,1,탐색용: 검증 적중률이 무작위 기준을 넘지 못함,ticket_growth=+0.468; share_change_korean=+0.193; share_bakery=+0.189,share_change_convenience=-0.214; share_japanese=-0.169; amount_growth=-0.108,0.6911111111111111,0.7533333333333333,0.18,0.38,0.5,0.2311111111111111,0.49777777777777776,0.0,0.8333333333333334,0.02,0.9155555555555556,0.18222222222222223,0.7666666666666667,0.5,0.5155555555555555,0.66,0.1711111111111111,0.16,0.6933333333333334,매출 전분기 대비 +4.6%; 건수 +8.6%; 건당금액 -3.6%; 최대 업종 한식
23,강원특별자치도 태백시,8105,3371180000.0,146616.0,22993.26130845201,0.5162317052189441,0.03454873367782201,0.013039944470482146,0.08582751440148553,0.023469526990549303,0.1297498205376159,0.197132754703101,0.3314723484556671,0.010972863230562124,0.05497352060787475,-0.041707831066659984,-0.005373649562303351,0.00238286021211858,0.0005916374822167222,-0.0069844954707926205,-0.0006743707599987415,-0.004632517321011387,0.014690535419770806,2026,2,20262,,,0,55.77893669854353,,0,탐색용: 검증 적중률이 무작위 기준을 넘지 못함,share_change_western=+0.647; ticket_growth=+0.524; share_bakery=+0.157,share_change_convenience=-0.478; share_change_korean=-0.128; share_convenience=-0.123,0.5044444444444445,0.72,0.15333333333333332,0.4822222222222222,0.5,0.5555555555555556,0.58,0.07555555555555556,0.8866666666666667,0.024444444444444446,0.23555555555555555,0.8733333333333333,0.35333333333333333,0.9044444444444445,0.6688888888888889,0.028888888888888888,0.4488888888888889,0.4022222222222222,0.9333333333333333,매출 전분기 대비 +1.1%; 건수 +5.5%; 건당금액 -4.2%; 최대 업종 한식
24,광주광역시 동구,8105,33684460000.0,2052264.0,16413.317195058724,0.4215501747690181,0.029621671239497382,0.035368238053986915,0.14991037410129182,0.04665385759486719,0.19567806638432084,0.12121761785701775,0.25746622475236214,0.08831396673133862,0.17581838349207524,-0.07442001076803739,-0.003955260426233731,-0.00153074523748805,6.70124089764898e-05,-0.006074317855846945,0.0013862495492596924,0.0006998669371292288,0.00940719462420335,2026,2,20262,,,0,55.10676079485602,,0,탐색용: 검증 적중률이 무작위 기준을 넘지 못함,ticket_growth=+0.852; share_change_western=+0.562; concentration=+0.133,share_change_convenience=-0.316; amount_growth=-0.266; count_growth=-0.219,0.8244444444444444,0.9644444444444444,0.02666666666666667,0.011111111111111112,0.5,0.06222222222222222,0.5133333333333333,0.6711111111111111,0.9666666666666667,0.7466666666666667,0.5422222222222223,0.13777777777777778,0.3977777777777778,0.22666666666666666,0.5533333333333333,0.03777777777777778,0.7622222222222222,0.5488888888888889,0.8111111111111111,매출 전분기 대비 +8.8%; 건수 +17.6%; 건당금액 -7.4%; 최대 업종 한식
25,전라남도 신안군,8105,2565870000.0,92116.0,27854.77007251726,0.48774489744219307,0.0355045267297252,0.048798263357067974,0.07084146897543524,0.004941793621656592,0.2099638719030972,0.14220517797082471,0.3108870021029137,0.25868023193069556,0.22092036899586476,0.030927375686168768,0.05118736116623085,-0.001271793577945976,0.01665761367641417,-0.0023236393864315835,-0.0008319464079724562,-0.056918308480903096,-0.0064992869893919225,2026,2,20262,,,0,55.024659275966044,"share_bakery, share_change_japanese",2,탐색용: 검증 적중률이 무작위 기준을 넘지 못함,share_change_korean=+0.544; share_bakery=+0.335; share_change_western=+0.215,amount_growth=-0.905; count_growth=-0.277; ticket_growth=-0.203,0.9888888888888889,0.9911111111111112,0.7044444444444444,0.23777777777777778,0.5,0.3022222222222222,0.5866666666666667,0.82,0.8355555555555556,0.0,0.6288888888888889,0.3,0.9377777777777778,0.26222222222222225,1.0,0.15777777777777777,0.43333333333333335,0.0044444444444444444,0.30444444444444446,매출 전분기 대비 +25.9%; 건수 +22.1%; 건당금액 +3.1%; 최대 업종 한식
26,경기도 고양시 덕양구,8105,49589690000.0,2925779.0,16949.22617190157,0.48118489952246124,0.030318802154238107,0.027794890429845398,0.13042186793262875,0.03466768999765879,0.129479534959787,0.16613231500338074,0.2958073016531111,0.04951658231751388,0.09965936549447263,-0.04559846871709361,0.018255881276335262,-0.0020991666809139567,-0.00046011808549311153,-0.0009268317401545378,-0.004807628853990616,-0.012110428051876676,0.002148292136093688,2026,2,20262,,,0,54.571840479330604,,0,탐색용: 검증 적중률이 무작위 기준을 넘지 못함,ticket_growth=+0.563; share_change_korean=+0.153; share_change_western=+0.086,share_western=-0.155; amount_growth=-0.120; count_growth=-0.119,0.7044444444444444,0.8066666666666666,0.1288888888888889,0.11555555555555555,0.5,0.2688888888888889,0.5244444444444445,0.49333333333333335,0.96,0.3511111111111111,0.23333333333333334,0.6066666666666667,0.7333333333333333,0.14444444444444443,0.45111111111111113,0.3466666666666667,0.07111111111111111,0.26222222222222225,0.5488888888888889,매출 전분기 대비 +5.0%; 건수 +10.0%; 건당금액 -4.6%; 최대 업종 한식
27,경상남도 진주시,8105,39842440000.0,2187251.0,18215.760331118832,0.48516255530534774,0.026485827675212664,0.053038167341156815,0.12903878376926714,0.033002496835033195,0.10959820733870716,0.16367396173527524,0.2954383566489409,0.13465774108718853,0.195125083053574,-0.05059499028494163,0.0021919161938351306,-0.002669445169909773,0.002666891561597287,-0.0056106985178850655,-0.00356775451157839,0.004290817649220957,0.0026982727947197915,2026,2,20262,,,0,54.113277938757065,,0,탐색용: 검증 적중률이 무작위 기준을 넘지 못함,ticket_growth=+0.613; share_change_western=+0.519; share_japanese=+0.119,amount_growth=-0.440; count_growth=-0.244; share_western=-0.153,0.9,0.9844444444444445,0.1,0.11333333333333333,0.5,0.28888888888888886,0.4311111111111111,0.8511111111111112,0.96,0.31555555555555553,0.1711111111111111,0.5555555555555556,0.5333333333333333,0.08222222222222222,0.9066666666666666,0.04,0.13333333333333333,0.6822222222222222,0.5755555555555556,매출 전분기 대비 +13.5%; 건수 +19.5%; 건당금액 -5.1%; 최대 업종 한식
28,충청남도 금산군,8105,6465860000.0,316269.0,20444.17884775302,0.4150089856569737,0.042054730538551716,0.005034133123822663,0.07814119080833795,0.024666479014392517,0.32718153501622366,0.10791294584169778,0.2994338426567269,0.06672891861437713,0.11338409707774044,-0.041903938259776896,0.019294471329401985,-0.0027188280016511093,-0.0007467191229392186,-0.0006146721207921646,-0.0011361834112227284,-0.017800391571572205,0.003722322898775443,2026,2,20262,,,0,53.853544013089405,share_japanese,1,탐색용: 검증 적중률이 무작위 기준을 넘지 못함,ticket_growth=+0.526; share_change_korean=+0.165; share_convenience=+0.157,amount_growth=-0.185; share_japanese=-0.159; share_change_convenience=-0.142,0.7733333333333333,0.8466666666666667,0.15333333333333332,0.14444444444444443,0.5,0.05333333333333334,0.6866666666666666,0.0,0.86,0.02666666666666667,0.9911111111111112,0.05333333333333334,0.7333333333333333,0.08,0.39555555555555555,0.4066666666666667,0.37555555555555553,0.2111111111111111,0.6111111111111112,매출 전분기 대비 +6.7%; 건수 +11.3%; 건당금액 -4.2%; 최대 업종 한식
29,대구광역시 중구,8105,42811510000.0,2577833.0,16607.55758809822,0.4469059839281539,0.044879986713853355,0.07190986722963054,0.22166118410679744,0.03598962054830582,0.04993049766289486,0.12872285981036408,0.2764017632446717,-0.009209330183404418,0.06294414192419384,-0.06788077497372746,-0.00929664216466286,-0.0030090856740322552,-0.004045062989321613,-0.0033678836154410197,0.001537195337518546,0.005811434791448251,0.012370044314490958,2026,2,20262,,,0,53.81044640011217,"share_western, share_supermarket",2,탐색용: 검증 적중률이 무작위 기준을 넘지 못함,ticket_growth=+0.786; share_change_western=+0.312; share_japanese=+0.228,share_change_convenience=-0.407; share_western=-0.306; share_change_korean=-0.175,0.3888888888888889,0.7288888888888889,0.042222222222222223,0.04,0.5,0.1,0.7422222222222222,0.9444444444444444,1.0,0.3977777777777778,0.0,0.19333333333333333,0.26,0.06,0.042222222222222223,0.09333333333333334,0.7755555555555556,0.7111111111111111,0.8888888888888888,매출 전분기 대비 -0.9%; 건수 +6.3%; 건당금액 -6.8%; 최대 업종 한식
30,전라남도 완도군,8105,6283890000.0,267633.0,23479.503648653194,0.47104898398921685,0.047954372212117014,0.02775191799983768,0.06649384378147931,0.019156923498024312,0.15177382162959568,0.21582013688972912,0.2993589794821001,0.08453441351446034,0.1109805809927853,-0.02380434719632296,0.021166431250132733,-0.0015322598560766135,0.005330795787376361,0.0005076405985808691,-0.0013294686705474582,-0.014975400422529844,-0.009167738686936072,2026,2,20262,,,0,52.90368447192195,,0,탐색용: 검증 적중률이 무작위 기준을 넘지 못함,ticket_growth=+0.345; share_change_convenience=+0.253; share_bakery=+0.198,amount_growth=-0.252; share_convenience=-0.182; count_growth=-0.134,0.8177777777777778,0.8333333333333334,0.24666666666666667,0.14444444444444443,0.5,0.21555555555555556,0.78,0.49333333333333335,0.8222222222222222,0.017777777777777778,0.31777777777777777,0.9555555555555556,0.7644444444444445,0.22666666666666666,0.98,0.6644444444444444,0.3422222222222222,0.23333333333333334,0.2688888888888889,매출 전분기 대비 +8.5%; 건수 +11.1%; 건당금액 -2.4%; 최대 업종 한식
31,전라남도 순천시,8105,36673780000.0,1822101.0,20127.193827345465,0.4433955267223613,0.021972919071881872,0.03393623455231503,0.11701575348927763,0.03387079270257934,0.22132678987549143,0.1284819835860934,0.278567155491301,0.05548814532979529,0.09634681628785025,-0.03726801624361853,0.015553024894802314,-0.002204103762532647,-0.001259674017929431,0.000959136574427491,0.0011845399756310465,-0.016478067114418155,0.002245143450019388,2026,2,20262,,,0,52.49553289164205,,0,탐색용: 검증 적중률이 무작위 기준을 넘지 못함,ticket_growth=+0.480; share_change_korean=+0.121; concentration=+0.097,amount_growth=-0.143; share_western=-0.133; count_growth=-0.115,0.7177777777777777,0.7933333333333333,0.17777777777777778,0.042222222222222223,0.5,0.09777777777777778,0.16444444444444445,0.6422222222222222,0.96,0.34,0.6911111111111111,0.19333333333333333,0.7155555555555555,0.1288888888888889,0.2644444444444444,0.7311111111111112,0.7422222222222222,0.22444444444444445,0.5533333333333333,매출 전분기 대비 +5.5%; 건수 +9.6%; 건당금액 -3.7%; 최대 업종 한식
32,경상북도 예천군,8105,4484830000.0,205389.0,21835.78477912644,0.5115846085581839,0.030119313329602236,0.02272772881023361,0.0825137184687045,0.029245255673013247,0.17965675399067524,0.14415262116958724,0.3238628605653896,0.11584863692118597,0.1559944392226169,-0.034728369738895926,0.022779594637537814,-0.001961617997698402,0.0013503934632375578,-0.0015027922386235543,-0.004134438346458241,-0.01885738187184502,0.0023262423538498167,2026,2,20262,,,0,52.298554861073484,,0,탐색용: 검증 적중률이 무작위 기준을 넘지 못함,ticket_growth=+0.454; share_change_korean=+0.207; share_change_western=+0.139,amount_growth=-0.369; count_growth=-0.193; share_change_convenience=-0.099,0.88,0.9422222222222222,0.19333333333333333,0.38,0.5,0.5044444444444445,0.5244444444444445,0.37555555555555553,0.8777777777777778,0.16666666666666666,0.46,0.31333333333333335,0.7711111111111111,0.16666666666666666,0.7688888888888888,0.24666666666666667,0.09777777777777778,0.20666666666666667,0.5622222222222222,매출 전분기 대비 +11.6%; 건수 +15.6%; 건당금액 -3.5%; 최대 업종 한식
33,경기도 양주시,8105,34863310000.0,1745745.0,19970.44814677974,0.3729413529581672,0.03373661307546529,0.02049317749806315,0.1095598782789127,0.025019999535328113,0.261854654649831,0.17639432400423252,0.2529555671399694,0.052417553358481195,0.1274632955799695,-0.06656158343752094,0.023373871806908808,-0.00018991426426606672,-0.00011757727268495513,0.0011325226088345075,-0.0013519376951022823,-0.033369042842960384,0.010522077659270351,2026,2,20262,,,0,52.073987007845005,,0,탐색용: 검증 적중률이 무작위 기준을 넘지 못함,ticket_growth=+0.773; share_change_korean=+0.214; share_bakery=+0.142,share_change_convenience=-0.350; share_korean=-0.184; count_growth=-0.156,0.7088888888888889,0.8822222222222222,0.04888888888888889,0.008888888888888889,0.5,0.0044444444444444444,0.5755555555555556,0.3022222222222222,0.9577777777777777,0.02666666666666667,0.8644444444444445,0.7466666666666667,0.7733333333333333,0.5022222222222222,0.5044444444444445,0.7577777777777778,0.34,0.09777777777777778,0.8511111111111112,매출 전분기 대비 +5.2%; 건수 +12.7%; 건당금액 -6.7%; 최대 업종 한식
34,광주광역시 남구,8105,37476460000.0,2274735.0,16475.088306989604,0.3714216871070533,0.028559260933396592,0.0229130499518898,0.09741901983271632,0.03784455628946811,0.3230145003023231,0.11882792558315274,0.26867582806647816,0.08130240577887826,0.13908181813629517,-0.050724549753548454,0.010780773141325306,-0.0003264740191967451,-0.002348479427661556,-0.002824988658098229,-0.0039040644725181553,-0.011123923518814693,0.009747156954964031,2026,2,20262,,,0,51.82409616336936,,0,탐색용: 검증 적중률이 무작위 기준을 넘지 못함,ticket_growth=+0.614; share_change_western=+0.262; share_convenience=+0.123,share_change_convenience=-0.326; amount_growth=-0.239; share_korean=-0.186,0.8133333333333334,0.9,0.1,0.022222222222222223,0.5,0.0022222222222222222,0.5088888888888888,0.3888888888888889,0.9333333333333333,0.4711111111111111,0.9888888888888889,0.13111111111111112,0.6488888888888888,0.4711111111111111,0.1288888888888889,0.13111111111111112,0.10444444444444445,0.28,0.8222222222222222,매출 전분기 대비 +8.1%; 건수 +13.9%; 건당금액 -5.1%; 최대 업종 한식
35,대구광역시 달성군,8105,49320790000.0,2840508.0,17363.369509960896,0.387510419034245,0.028022665492584364,0.01821848352388516,0.10745306391077677,0.026234778477798103,0.2896040391891533,0.1429565503715573,0.26782300713771634,0.05589947621202773,0.10965492778375907,-0.04844339463178304,0.002543172374340652,-0.0020903259306177327,-0.00010574606934314612,-0.004026683139838366,-0.0013119387593348783,-0.008289719157606956,0.013281240682400386,2026,2,20262,,,0,51.47498633936591,,0,탐색용: 검증 적중률이 무작위 기준을 넘지 못함,ticket_growth=+0.592; share_change_western=+0.373; share_bakery=+0.130,share_change_convenience=-0.435; share_korean=-0.165; amount_growth=-0.144,0.7177777777777777,0.8311111111111111,0.11333333333333333,0.02,0.5,0.015555555555555555,0.4955555555555556,0.24444444444444444,0.9511111111111111,0.04888888888888889,0.9422222222222222,0.30444444444444446,0.5355555555555556,0.14666666666666667,0.5088888888888888,0.06444444444444444,0.3466666666666667,0.35333333333333333,0.9066666666666666,매출 전분기 대비 +5.6%; 건수 +11.0%; 건당금액 -4.8%; 최대 업종 한식
36,전라남도 광양시,8105,21102290000.0,1047326.0,20148.731149613395,0.45963305404294985,0.026413720975306473,0.026825050740938543,0.08849181771267478,0.02588723783058616,0.21687883163391272,0.15587028706363149,0.292512737256645,0.02962007726679694,0.06930557611708665,-0.03711333760588609,0.0016931051182737522,-0.0025457144442694105,0.0031775856246821672,0.000718668656455812,-0.0001476132224886538,-0.00590140688023838,0.003005375147584727,2026,2,20262,,,0,51.18493573230998,,0,탐색용: 검증 적중률이 무작위 기준을 넘지 못함,ticket_growth=+0.478; share_bakery=+0.133; concentration=+0.074,share_change_convenience=-0.120; share_western=-0.085; count_growth=-0.080,0.6111111111111112,0.7355555555555555,0.17777777777777778,0.08888888888888889,0.5,0.15555555555555556,0.4288888888888889,0.4777777777777778,0.8955555555555555,0.042222222222222223,0.6755555555555556,0.4777777777777778,0.52,0.09111111111111111,0.9288888888888889,0.7,0.5488888888888889,0.38,0.5866666666666667,매출 전분기 대비 +3.0%; 건수 +6.9%; 건당금액 -3.7%; 최대 업종 한식
37,경기도 이천시,8105,31906380000.0,1765475.0,18072.405443294298,0.4167517593659951,0.0351356061076186,0.02008344412622178,0.09776947431830249,0.022886018407603747,0.18422146291744787,0.2231522347568104,0.2691369917026068,0.03477846871734536,0.09252732904072203,-0.05285804646560399,0.005531620052340924,-0.0015553605584210511,-0.0003021559350092906,-0.004123499740869813,-0.0025479016586088324,-0.0093439560580863,0.01234125389865437,2026,2,20262,,,0,51.00208418203424,,0,탐색용: 검증 적중률이 무작위 기준을 넘지 못함,ticket_growth=+0.636; share_change_western=+0.382; share_bakery=+0.162,share_change_convenience=-0.406; share_convenience=-0.205; share_korean=-0.126,0.6311111111111111,0.7844444444444445,0.09333333333333334,0.022222222222222223,0.5,0.05333333333333334,0.5866666666666667,0.3,0.9333333333333333,0.022222222222222223,0.4777777777777778,0.9755555555555555,0.5955555555555555,0.22666666666666666,0.4711111111111111,0.06444444444444444,0.19777777777777777,0.32666666666666666,0.8866666666666667,매출 전분기 대비 +3.5%; 건수 +9.3%; 건당금액 -5.3%; 최대 업종 한식
38,충청북도 청주시 흥덕구,8105,41106990000.0,2458196.0,16722.42164579228,0.40800725132149057,0.029815123899852556,0.029750171442861663,0.09684703258496913,0.028173310670521,0.1977023858959267,0.20970472418437838,0.2614793193338011,0.024781280055762522,0.07998500970283451,-0.051115273963165064,0.005404749485424687,-0.0014972157092611148,-0.0020141420180813663,-0.0010769789684099002,-0.00042070412869341794,-0.006107407153398525,0.00571169849241962,2026,2,20262,,,0,50.992047408614404,,0,탐색용: 검증 적중률이 무작위 기준을 넘지 못함,ticket_growth=+0.618; concentration=+0.126; share_bakery=+0.112,share_change_convenience=-0.203; share_convenience=-0.163; share_korean=-0.138,0.5955555555555555,0.7488888888888889,0.09777777777777778,0.015555555555555555,0.5,0.035555555555555556,0.5155555555555555,0.5622222222222222,0.9333333333333333,0.12666666666666668,0.5577777777777778,0.9377777777777778,0.5911111111111111,0.23555555555555555,0.1511111111111111,0.3111111111111111,0.5066666666666667,0.37777777777777777,0.6733333333333333,매출 전분기 대비 +2.5%; 건수 +8.0%; 건당금액 -5.1%; 최대 업종 한식
39,강원특별자치도 철원군,8105,4790220000.0,214042.0,22379.813307668588,0.48198412599003804,0.040382278893244986,0.012168543407192154,0.0997970865638739,0.020806977550091647,0.16766453315296584,0.17719645444259344,0.3039898675494809,0.11779214687907635,0.14675596035360305,-0.02525717282131723,0.02213295586241959,-0.002192211881309726,-0.0031298047165667225,-0.00741735866099269,-0.003687647260020757,-0.015943646189597205,0.010237712846067532,2026,2,20262,,,0,50.949071287803214,,0,탐색용: 검증 적중률이 무작위 기준을 넘지 못함,share_change_western=+0.687; ticket_growth=+0.359; share_change_korean=+0.199,amount_growth=-0.376; share_change_convenience=-0.341; count_growth=-0.181,0.8866666666666667,0.92,0.24,0.1688888888888889,0.5,0.27111111111111114,0.6422222222222222,0.04888888888888889,0.9355555555555556,0.02,0.3933333333333333,0.7555555555555555,0.7666666666666667,0.13111111111111112,0.08,0.028888888888888888,0.12666666666666668,0.22666666666666666,0.8422222222222222,매출 전분기 대비 +11.8%; 건수 +14.7%; 건당금액 -2.5%; 최대 업종 한식
40,강원특별자치도 삼척시,8105,7493640000.0,321171.0,23332.243571181705,0.5037178193774988,0.024933143305523084,0.09588931413838936,0.09657923252251242,0.018025952674534673,0.08477055209484309,0.17608398588669857,0.3113921634721207,0.2904605688011779,0.28419600551790314,0.004878198698919256,0.010059358395399787,-0.004538438161512108,0.02192966234183523,-0.006633297290900814,-0.004836307203714668,-0.010746027176547227,-0.005234950904560165,2026,2,20262,,,0,50.29802964730089,"count_growth, share_japanese, share_change_japanese",3,탐색용: 검증 적중률이 무작위 기준을 넘지 못함,share_change_western=+0.614; share_japanese=+0.367; share_change_japanese=+0.270,amount_growth=-1.024; count_growth=-0.360; share_western=-0.099,0.9933333333333333,1.0,0.5311111111111111,0.24666666666666667,0.5,0.4288888888888889,0.34444444444444444,1.0,0.9333333333333333,0.008888888888888889,0.035555555555555556,0.7377777777777778,0.6422222222222222,0.015555555555555555,1.0,0.03333333333333333,0.07111111111111111,0.28888888888888886,0.3288888888888889,매출 전분기 대비 +29.0%; 건수 +28.4%; 건당금액 +0.5%; 최대 업종 한식
41,전북특별자치도 부안군,8105,7164720000.0,293090.0,24445.460438773072,0.4514831005259103,0.02899345682734287,0.030537131946538038,0.08185107024419656,0.009503511651536976,0.2516036914212977,0.14602803738317757,0.29702864669944606,0.18857529624302627,0.19282894469089573,-0.0035660171282747566,0.028675497991732246,-0.00195384069637565,0.006285266896994161,-0.0027608816668052844,-0.002918539479934708,-0.028697039004598857,0.0013695359589880884,2026,2,20262,,,0,50.13073615296698,share_bakery,1,탐색용: 검증 적중률이 무작위 기준을 넘지 못함,share_bakery=+0.291; share_change_korean=+0.277; share_change_western=+0.256,amount_growth=-0.642; count_growth=-0.241; share_korean=-0.079,0.9466666666666667,0.9844444444444445,0.44666666666666666,0.12,0.5,0.1288888888888889,0.5133333333333333,0.58,0.8733333333333333,0.0,0.7977777777777778,0.34,0.8422222222222222,0.16666666666666666,0.9888888888888889,0.13333333333333333,0.1711111111111111,0.14,0.5111111111111111,매출 전분기 대비 +18.9%; 건수 +19.3%; 건당금액 -0.4%; 최대 업종 한식
42,전라남도 무안군,8105,10787300000.0,532240.0,20267.73635953705,0.42984991610504947,0.04101211609948736,0.030453403539347196,0.13572163562707998,0.029980625365012562,0.16925087834768662,0.1637314249163368,0.2621533934307708,0.12119643621820053,0.14669579511839892,-0.02223724810778216,0.0031367273684624886,-0.002494749959357452,-0.0025070048903354653,-0.007732846331586468,-0.0043268027835420934,0.013843675118165283,8.100147819367631e-05,2026,2,20262,,,0,50.04967518194924,,0,탐색용: 검증 적중률이 무작위 기준을 넘지 못함,share_change_western=+0.716; ticket_growth=+0.329; concentration=+0.125,amount_growth=-0.389; count_growth=-0.181; share_western=-0.164,0.8888888888888888,0.92,0.25555555555555554,0.015555555555555555,0.5,0.07555555555555556,0.6511111111111111,0.58,0.9622222222222222,0.19333333333333333,0.4,0.5555555555555556,0.5533333333333333,0.09777777777777778,0.12222222222222222,0.02666666666666667,0.09111111111111111,0.8733333333333333,0.46,매출 전분기 대비 +12.1%; 건수 +14.7%; 건당금액 -2.2%; 최대 업종 한식
43,인천광역시 강화군,8105,11608280000.0,439236.0,26428.343760529646,0.5146628096496638,0.030513564455716093,0.044935166967026985,0.12328872149879225,0.01879606625615509,0.1416635367168952,0.12614013445575056,0.3193613465938003,0.1688380471370301,0.18787878787878798,-0.01602919501219413,0.015794062122862662,-0.000813117294316882,0.006442375869636571,-0.004372138373915424,-0.0023226603774651085,-0.021466392689325653,0.006737870742523827,2026,2,20262,,,0,49.93871020174605,,0,탐색용: 검증 적중률이 무작위 기준을 넘지 못함,share_change_western=+0.405; ticket_growth=+0.267; share_bakery=+0.202,amount_growth=-0.568; share_change_convenience=-0.234; count_growth=-0.234,0.9377777777777778,0.98,0.3022222222222222,0.3288888888888889,0.5,0.54,0.5311111111111111,0.7711111111111111,0.96,0.015555555555555555,0.28,0.18222222222222223,0.72,0.35333333333333333,0.9888888888888889,0.057777777777777775,0.2288888888888889,0.18222222222222223,0.7288888888888889,매출 전분기 대비 +16.9%; 건수 +18.8%; 건당금액 -1.6%; 최대 업종 한식
44,경상북도 상주시,8105,18918230000.0,862007.0,21946.72433054488,0.5202505731244413,0.04143833751889051,0.019706389022651698,0.0790496785375799,0.024899263831764388,0.18348386714824802,0.13117189081642416,0.33050735588124164,0.13513239450141312,0.19288949532327448,-0.04841781325789052,0.013599346982752558,-0.0034923901258494053,-0.0007111051721509255,-0.0033637235180900005,-0.0018568458759656743,-0.009314688002627108,0.005139405711930611,2026,2,20262,,,0,49.65755933339103,,0,탐색용: 검증 적중률이 무작위 기준을 넘지 못함,ticket_growth=+0.591; share_change_western=+0.311; share_bakery=+0.143,amount_growth=-0.441; count_growth=-0.241; share_change_convenience=-0.185,0.9,0.9844444444444445,0.11333333333333333,0.4688888888888889,0.5,0.5866666666666667,0.6711111111111111,0.29333333333333333,0.8666666666666667,0.02666666666666667,0.47333333333333333,0.20222222222222222,0.6822222222222222,0.028888888888888888,0.40444444444444444,0.09333333333333334,0.28,0.32666666666666666,0.6555555555555556,매출 전분기 대비 +13.5%; 건수 +19.3%; 건당금액 -4.8%; 최대 업종 한식
45,전북특별자치도 군산시,8105,38175520000.0,1940930.0,19668.67429531204,0.39940516854780234,0.0407051429816804,0.0214357263502894,0.09267273896989485,0.04255554344773824,0.2533280489696015,0.14989763073299328,0.25868449861244613,0.04119730467895555,0.09762794103924977,-0.0514114430312923,0.017781484720546803,-0.001724398854107495,-0.0005994450474079149,0.00016576638403507926,-0.0008757706494584919,-0.022088137902790794,0.007340501349182765,2026,2,20262,,,0,49.545746298542866,,0,탐색용: 검증 적중률이 무작위 기준을 넘지 못함,ticket_growth=+0.621; share_change_korean=+0.147; concentration=+0.131,share_change_convenience=-0.253; share_korean=-0.149; count_growth=-0.117,0.6711111111111111,0.7977777777777778,0.09777777777777778,0.013333333333333334,0.5,0.024444444444444446,0.6466666666666666,0.3333333333333333,0.9177777777777778,0.6177777777777778,0.8133333333333334,0.4,0.7288888888888889,0.20666666666666667,0.4177777777777778,0.6111111111111112,0.42,0.17777777777777778,0.7511111111111111,매출 전분기 대비 +4.1%; 건수 +9.8%; 건당금액 -5.1%; 최대 업종 한식
46,전북특별자치도 익산시,8105,28220830000.0,1584794.0,17807.254444426217,0.3583707495491805,0.028751103351673215,0.02035127953359274,0.08750522220643404,0.02230019457259053,0.2923376101978574,0.19038384058867155,0.25953214233989447,0.046316495869729746,0.12152467922701682,-0.06705887507453034,0.020823477603875096,-0.0025021408014359835,-0.0024475162367731257,0.0022010504109157975,-0.0008853042483915399,-0.026388753829489853,0.00919918710129966,2026,2,20262,,,0,49.20333210026065,,0,탐색용: 검증 적중률이 무작위 기준을 넘지 못함,ticket_growth=+0.778; share_change_korean=+0.183; share_bakery=+0.168,share_change_convenience=-0.310; share_korean=-0.204; share_change_western=-0.204,0.6911111111111111,0.8688888888888889,0.04666666666666667,0.013333333333333334,0.5,0.0022222222222222222,0.5133333333333333,0.3022222222222222,0.8933333333333333,0.022222222222222223,0.9488888888888889,0.8377777777777777,0.7577777777777778,0.09777777777777778,0.12444444444444444,0.8533333333333334,0.42,0.14666666666666667,0.8088888888888889,매출 전분기 대비 +4.6%; 건수 +12.2%; 건당금액 -6.7%; 최대 업종 한식
47,인천광역시 계양구,8105,30820190000.0,1904306.0,16184.47350373312,0.4168215705354185,0.02335611818097163,0.020363599315902984,0.0874673387801957,0.0322535325058022,0.23985932598079376,0.1798785147009152,0.2732800081205554,-0.03786367093017595,0.02641626996446922,-0.06262560598037892,0.004320181346492591,-0.0006553100051409771,0.002169907045287734,0.004270843157545626,-0.01404516871181409,-0.009254402702180226,0.013193949869809346,2026,2,20262,,,0,49.07713438681199,,0,탐색용: 검증 적중률이 무작위 기준을 넘지 못함,ticket_growth=+0.734; amount_growth=+0.208; concentration=+0.106,share_change_convenience=-0.432; share_change_western=-0.395; share_korean=-0.126,0.25333333333333335,0.6777777777777778,0.06,0.03111111111111111,0.5,0.05333333333333334,0.24888888888888888,0.3022222222222222,0.8933333333333333,0.2911111111111111,0.7466666666666667,0.7733333333333333,0.5733333333333334,0.3888888888888889,0.8577777777777778,0.9244444444444444,0.0022222222222222222,0.3288888888888889,0.9044444444444445,매출 전분기 대비 -3.8%; 건수 +2.6%; 건당금액 -6.3%; 최대 업종 한식
48,경기도 광명시,8105,30104390000.0,1900966.0,15836.364248492608,0.48344576986944426,0.03286630288805055,0.033104141954047234,0.1472247070942145,0.03547754995201696,0.09389760098111936,0.1739839272611071,0.29791682782948525,0.03731730285834001,0.08149103927970613,-0.04084521722046508,0.00883066700910573,-0.0010094005155424565,-4.761266556264909e-05,0.00042918834063310207,-0.0022804623278910655,-0.00704725383114152,0.001124873990398817,2026,2,20262,,,0,48.01251040914728,,0,탐색용: 검증 적중률이 무작위 기준을 넘지 못함,ticket_growth=+0.515; concentration=+0.065; share_bakery=+0.041,share_western=-0.183; count_growth=-0.096; amount_growth=-0.074,0.6511111111111111,0.7533333333333333,0.15555555555555556,0.13111111111111112,0.5,0.2777777777777778,0.5733333333333334,0.6333333333333333,0.9666666666666667,0.37777777777777777,0.06222222222222222,0.7066666666666667,0.6266666666666667,0.30666666666666664,0.5222222222222223,0.6555555555555556,0.2288888888888889,0.3688888888888889,0.5,매출 전분기 대비 +3.7%; 건수 +8.1%; 건당금액 -4.1%; 최대 업종 한식
49,강원특별자치도 양구군,8105,2669840000.0,121534.0,21967.844389224414,0.4283552572438798,0.0402158930872262,0.01086581967458724,0.0977287028436161,0.020102328229407006,0.21730515686333263,0.18542684205795104,0.27678325841719487,0.1836810697216631,0.22694691784279275,-0.035263015450741286,0.020914023659017622,-0.00035088914673994664,0.0023002433602678316,-0.007106502916423632,-0.003523943084779397,-0.01974229075453271,0.007509358883190237,2026,2,20262,,,0,47.8938132000918,,0,탐색용: 검증 적중률이 무작위 기준을 넘지 못함,share_change_western=+0.658; ticket_growth=+0.460; share_bakery=+0.189,amount_growth=-0.624; count_growth=-0.285; share_change_convenience=-0.258,0.9466666666666667,0.9911111111111112,0.19111111111111112,0.042222222222222223,0.5,0.07111111111111111,0.64,0.008888888888888889,0.9333333333333333,0.02,0.6755555555555556,0.8111111111111111,0.7577777777777778,0.46444444444444444,0.86,0.028888888888888888,0.14,0.20222222222222222,0.76,매출 전분기 대비 +18.4%; 건수 +22.7%; 건당금액 -3.5%; 최대 업종 한식
50,전북특별자치도 정읍시,8105,10778670000.0,556829.0,19357.235345141868,0.40077115265612545,0.03971733061685718,0.020459852653434977,0.10207289025454903,0.021064751031435233,0.2571133544305559,0.1588006683570422,0.264801116681358,0.145534891580555,0.16889286336547205,-0.019982987763022764,0.0025530086728918766,-0.0006682882768106746,0.001303253165057,-0.007049051996141503,-0.0026288539058129563,0.00345659605665094,0.0030333362841653,2026,2,20262,,,0,47.8507619773189,,0,탐색용: 검증 적중률이 무작위 기준을 넘지 못함,share_change_western=+0.653; ticket_growth=+0.307; share_bakery=+0.180,amount_growth=-0.480; count_growth=-0.209; share_korean=-0.147,0.9133333333333333,0.9555555555555556,0.26666666666666666,0.015555555555555555,0.5,0.024444444444444446,0.6244444444444445,0.3022222222222222,0.9422222222222222,0.02,0.8333333333333334,0.5066666666666667,0.5355555555555556,0.3888888888888889,0.7644444444444445,0.028888888888888888,0.19333333333333333,0.6488888888888888,0.5888888888888889,매출 전분기 대비 +14.6%; 건수 +16.9%; 건당금액 -2.0%; 최대 업종 한식
51,울산광역시 북구,8105,28364130000.0,1497825.0,18936.87847378699,0.5109259476670005,0.019091719012710773,0.016539199333806466,0.10563518077233464,0.025304848059855882,0.15461711675979486,0.16788598839449687,0.3255746474953316,0.06900967810383185,0.13695364057440318,-0.05975965953743323,-0.010460366554222889,-0.0010521843170559451,0.0016977315665769425,-0.0029251113006956847,0.0006812554063051653,0.0027045426871934453,0.009354132511898955,2026,2,20262,,,0,47.73186180204032,,0,탐색용: 검증 적중률이 무작위 기준을 넘지 못함,ticket_growth=+0.705; share_change_western=+0.271; share_bakery=+0.139,share_change_convenience=-0.314; amount_growth=-0.193; share_change_korean=-0.189,0.7822222222222223,0.8955555555555555,0.06666666666666667,0.3933333333333333,0.5,0.49333333333333335,0.1,0.19777777777777777,0.9488888888888889,0.03333333333333333,0.3377777777777778,0.6511111111111111,0.2288888888888889,0.29555555555555557,0.82,0.12222222222222222,0.6888888888888889,0.6177777777777778,0.8111111111111111,매출 전분기 대비 +6.9%; 건수 +13.7%; 건당금액 -6.0%; 최대 업종 한식
52,대구광역시 북구,8105,78016650000.0,5060763.0,15415.985692276046,0.40780115526621563,0.026257984673784377,0.02147926115771441,0.10179211745185163,0.03417526899706665,0.2565619005686607,0.15193231188470666,0.26788964305985863,0.05545603015687228,0.13332803332288257,-0.06871091235402704,-0.004026737134878111,-0.002817681866795742,-0.0004353116875719827,-0.0016351097750505889,-0.002055944512917726,-0.00036623063927554433,0.011337015616489726,2026,2,20262,,,0,47.39999067465011,,0,탐색용: 검증 적중률이 무작위 기준을 넘지 못함,ticket_growth=+0.794; share_change_western=+0.151; concentration=+0.115,share_change_convenience=-0.375; count_growth=-0.163; amount_growth=-0.142,0.7177777777777777,0.8933333333333333,0.04,0.02,0.5,0.035555555555555556,0.4288888888888889,0.3333333333333333,0.94,0.3466666666666667,0.8333333333333334,0.43333333333333335,0.3933333333333333,0.07111111111111111,0.45111111111111113,0.2288888888888889,0.25555555555555554,0.5133333333333333,0.8733333333333333,매출 전분기 대비 +5.5%; 건수 +13.3%; 건당금액 -6.9%; 최대 업종 한식
53,경기도 연천군,8105,4266030000.0,201192.0,21203.77549803173,0.460540596292103,0.03273535347852687,0.00851845861374627,0.08248183908692626,0.018982520047913398,0.20366476560174213,0.19307646687904212,0.2991632569942414,0.11899684448256598,0.1529825727662939,-0.02947635904173973,0.030784302962756638,-0.0018153328399574328,-0.0025743786502128944,-0.0005426312556690294,-0.0051415812329171605,-0.021491764325835744,0.0007813853418356109,2026,2,20262,,,0,47.22764083565894,share_japanese,1,탐색용: 검증 적중률이 무작위 기준을 넘지 못함,ticket_growth=+0.402; share_change_korean=+0.302; share_bakery=+0.200,amount_growth=-0.381; count_growth=-0.189; share_japanese=-0.139,0.8888888888888888,0.9355555555555556,0.21777777777777776,0.14444444444444443,0.5,0.15777777777777777,0.5733333333333334,0.0,0.8777777777777778,0.017777777777777778,0.5866666666666667,0.86,0.8577777777777778,0.18222222222222223,0.11555555555555555,0.42,0.06666666666666667,0.18222222222222223,0.4822222222222222,매출 전분기 대비 +11.9%; 건수 +15.3%; 건당금액 -2.9%; 최대 업종 한식
54,경상북도 안동시,8105,19088610000.0,983378.0,19411.264030718605,0.48073327497392426,0.02821054021219984,0.02333433393002424,0.09496186469313377,0.034296368357884625,0.1805987968741569,0.1578648209586764,0.3001760311434214,0.07738063993958555,0.12240721442977276,-0.04011607722341881,0.013278578770542449,-0.0021389256581968996,-0.002375115595052789,-0.0014377061293417287,-0.0010430481887037657,-0.013508083229875206,0.007224300030627989,2026,2,20262,,,0,46.94400221128841,,0,탐색용: 검증 적중률이 무작위 기준을 넘지 못함,ticket_growth=+0.508; share_change_western=+0.133; share_change_korean=+0.094,share_change_convenience=-0.249; amount_growth=-0.225; count_growth=-0.149,0.8066666666666666,0.8688888888888889,0.16,0.14666666666666667,0.5,0.26666666666666666,0.5022222222222222,0.3977777777777778,0.9288888888888889,0.3488888888888889,0.46444444444444444,0.49777777777777776,0.6777777777777778,0.13777777777777778,0.12444444444444444,0.2511111111111111,0.3888888888888889,0.2511111111111111,0.7488888888888889,매출 전분기 대비 +7.7%; 건수 +12.2%; 건당금액 -4.0%; 최대 업종 한식
55,경상남도 거창군,8105,6732670000.0,332821.0,20229.10212997377,0.4837412200508862,0.030412897112141245,0.014964345497402961,0.08053120084602394,0.027302689720422952,0.23698176206467864,0.12606588470844404,0.31443811793751425,0.30046125853270333,0.32309141794011476,-0.017104002868255197,0.02510768879617803,-0.00651096432486838,-0.004332022767700937,-0.011521554149977714,0.000863381530959273,-0.0027760965213360356,-0.0008304325632542409,2026,2,20262,,,0,46.47464032026333,count_growth,1,탐색용: 검증 적중률이 무작위 기준을 넘지 못함,share_change_western=+1.067; ticket_growth=+0.278; share_change_korean=+0.234,amount_growth=-1.062; count_growth=-0.410; share_change_chinese=-0.105,0.9933333333333333,1.0,0.28888888888888886,0.27555555555555555,0.5,0.2777777777777778,0.5288888888888889,0.12222222222222222,0.8711111111111111,0.09111111111111111,0.7377777777777778,0.18222222222222223,0.8022222222222222,0.0022222222222222222,0.028888888888888888,0.006666666666666667,0.7155555555555555,0.44666666666666666,0.4266666666666667,매출 전분기 대비 +30.0%; 건수 +32.3%; 건당금액 -1.7%; 최대 업종 한식
56,전라남도 해남군,8105,7916070000.0,314363.0,25181.30314318161,0.4903594839358419,0.030626308256495965,0.006633342049779752,0.07530630729642361,0.029460325641385184,0.20351260158134024,0.16410163123873336,0.3163200705531349,0.08356637469766226,0.08327073239650162,0.0002729163562893433,0.01738064724000571,-0.0022226001791223367,-3.2804465824095436e-05,0.00012805289601405812,-0.002419459235085783,-0.003607445177502666,-0.009226391078484858,2026,2,20262,,,0,46.33566014012933,share_japanese,1,탐색용: 검증 적중률이 무작위 기준을 넘지 못함,share_change_convenience=+0.254; share_change_korean=+0.142; ticket_growth=+0.104,amount_growth=-0.248; share_japanese=-0.150; count_growth=-0.098,0.8155555555555556,0.7533333333333333,0.4866666666666667,0.3022222222222222,0.5,0.3244444444444444,0.5333333333333333,0.0,0.8466666666666667,0.17333333333333334,0.5866666666666667,0.5666666666666667,0.7244444444444444,0.1288888888888889,0.5244444444444445,0.5866666666666667,0.21555555555555556,0.42444444444444446,0.26666666666666666,매출 전분기 대비 +8.4%; 건수 +8.3%; 건당금액 +0.0%; 최대 업종 한식
57,대구광역시 동구,8105,66950350000.0,4169501.0,16057.161276613197,0.4316501706115054,0.022405708110562528,0.02080840503447704,0.09677186153619809,0.027976851502643375,0.2486762205126635,0.15171078269195007,0.28226039690360527,0.06307722648015468,0.10588395369266212,-0.03870815474767619,-0.011835700935774351,-0.0019817434835527406,-0.00024104915483514136,-0.0027454610538922702,-0.001431251786956085,0.01234689345370249,0.005888312961308123,2026,2,20262,,,0,45.883504762574155,,0,탐색용: 검증 적중률이 무작위 기준을 넘지 못함,ticket_growth=+0.494; share_change_western=+0.254; share_bakery=+0.113,share_change_convenience=-0.208; share_change_korean=-0.205; amount_growth=-0.171,0.7577777777777778,0.82,0.1688888888888889,0.05333333333333334,0.5,0.07555555555555556,0.18222222222222223,0.3111111111111111,0.9333333333333333,0.12,0.7733333333333333,0.4311111111111111,0.19555555555555557,0.1622222222222222,0.48,0.13333333333333333,0.33111111111111113,0.8577777777777778,0.6844444444444444,매출 전분기 대비 +6.3%; 건수 +10.6%; 건당금액 -3.9%; 최대 업종 한식
58,울산광역시 중구,8105,23644000000.0,1405817.0,16818.689772566417,0.44191634241245137,0.02940323126374556,0.020721959059380814,0.12355185247843005,0.03230375570969379,0.18928649974623582,0.16281635933006258,0.275231142022688,0.028571975459396715,0.07472694483242082,-0.04294576366113245,0.0076148330078738,-0.0023496434870397716,0.0011641266821588725,0.00046862489230715954,-0.0009456033904318845,-0.014654735401483293,0.0087023976966151,2026,2,20262,,,0,45.86581410916094,,0,탐색용: 검증 적중률이 무작위 기준을 넘지 못함,ticket_growth=+0.536; concentration=+0.103; share_bakery=+0.072,share_change_convenience=-0.294; share_western=-0.143; share_korean=-0.092,0.6088888888888889,0.7444444444444445,0.14888888888888888,0.035555555555555556,0.5,0.09333333333333334,0.5133333333333333,0.3088888888888889,0.96,0.2911111111111111,0.52,0.5466666666666666,0.6111111111111112,0.10666666666666667,0.7555555555555555,0.66,0.4022222222222222,0.23333333333333334,0.7977777777777778,매출 전분기 대비 +2.9%; 건수 +7.5%; 건당금액 -4.3%; 최대 업종 한식
59,경상남도 양산시,8105,43170750000.0,2500728.0,17263.27293492135,0.43700584307662016,0.024109842891309508,0.023651893932813306,0.11620553268127146,0.030961704394758024,0.19018038834164336,0.17788479468158416,0.2743887367474143,-0.06330226539351469,0.01099194312278895,-0.07348644964154782,0.017313965061751313,-0.001158425109377869,0.00156643352035234,0.008956915680492075,-0.0007550632665803136,-0.04186665880096829,0.01594283291433074,2026,2,20262,,,0,45.63600263129808,,0,탐색용: 검증 적중률이 무작위 기준을 넘지 못함,ticket_growth=+0.842; amount_growth=+0.303; share_change_supermarket=+0.144,share_change_western=-0.829; share_change_convenience=-0.516; share_western=-0.131,0.15555555555555556,0.6088888888888889,0.028888888888888888,0.03333333333333333,0.5,0.07555555555555556,0.28444444444444444,0.4066666666666667,0.96,0.2311111111111111,0.52,0.7666666666666667,0.7244444444444444,0.28,0.7955555555555556,0.9822222222222222,0.44,0.03777777777777778,0.9444444444444444,매출 전분기 대비 -6.3%; 건수 +1.1%; 건당금액 -7.3%; 최대 업종 한식
60,경상남도 창원시 마산합포구,8105,37337470000.0,1858122.0,20094.1972593834,0.4905701966416043,0.025970961610414418,0.0500063341195855,0.09344955616971369,0.02982580233743743,0.1819153788406124,0.1282617702806323,0.3030009269396651,0.17394009670098587,0.2635369094474802,-0.07090953345056872,0.0033960625518342225,-0.00039480304612352773,-0.0009075713161820417,-0.00047515942764347896,0.0004646211994747164,-0.008084011197387608,0.006000861236027721,2026,2,20262,,,0,45.07629922546181,count_growth,1,탐색용: 검증 적중률이 무작위 기준을 넘지 못함,ticket_growth=+0.816; share_japanese=+0.101; share_bakery=+0.096,amount_growth=-0.587; count_growth=-0.333; share_change_convenience=-0.212,0.9377777777777778,1.0,0.035555555555555556,0.16,0.5,0.3244444444444444,0.4111111111111111,0.8288888888888889,0.92,0.18666666666666668,0.4688888888888889,0.19333333333333333,0.5577777777777778,0.4533333333333333,0.36666666666666664,0.4266666666666667,0.6622222222222223,0.35777777777777775,0.6911111111111111,매출 전분기 대비 +17.4%; 건수 +26.4%; 건당금액 -7.1%; 최대 업종 한식
61,경기도 포천시,8105,25788750000.0,1239340.0,20808.454499975793,0.476114197082061,0.03405050651931559,0.008181086714168,0.09999747952110902,0.01140652416266783,0.16993107459648102,0.20031913140419758,0.3070450250612374,0.14897527288928503,0.18633797815018416,-0.03149414917927329,0.027392432769296426,-0.0012099078268639554,-0.0007794835687457893,-0.0029033892692674618,-0.002676345073242173,-0.025954868820761118,0.006131561789584072,2026,2,20262,,,0,45.01343744319301,"share_japanese, share_bakery",2,탐색용: 검증 적중률이 무작위 기준을 넘지 못함,ticket_growth=+0.422; share_bakery=+0.273; share_change_western=+0.269,amount_growth=-0.493; count_growth=-0.232; share_change_convenience=-0.216,0.9177777777777778,0.9777777777777777,0.20666666666666667,0.18888888888888888,0.5,0.23777777777777778,0.5777777777777777,0.0,0.9355555555555556,0.0,0.4022222222222222,0.8955555555555555,0.8311111111111111,0.27111111111111114,0.39111111111111113,0.1288888888888889,0.19111111111111112,0.1511111111111111,0.6955555555555556,매출 전분기 대비 +14.9%; 건수 +18.6%; 건당금액 -3.1%; 최대 업종 한식
62,인천광역시 부평구,8105,56678840000.0,3578051.0,15840.702102904626,0.3697021675108383,0.03564945930438943,0.029029704912803437,0.09925555992324472,0.02829256914926276,0.2528287452601359,0.1852417939393255,0.24768233267464856,-0.028403827495294465,0.038332133861101125,-0.0642722681693707,-0.0034666242088261523,-0.0008421976198320566,9.481415961242953e-05,0.003788968224836542,-0.0022019127983577413,-0.008342953765162475,0.010969906007729457,2026,2,20262,,,0,44.982859598157496,,0,탐색용: 검증 적중률이 무작위 기준을 넘지 못함,ticket_growth=+0.750; amount_growth=+0.172; concentration=+0.150,share_change_convenience=-0.364; share_change_western=-0.351; share_korean=-0.189,0.29777777777777775,0.7022222222222222,0.05333333333333334,0.0022222222222222222,0.5,0.0022222222222222222,0.5866666666666667,0.5311111111111111,0.9355555555555556,0.13111111111111112,0.8022222222222222,0.8111111111111111,0.41333333333333333,0.3488888888888889,0.5577777777777778,0.9066666666666666,0.23777777777777778,0.35333333333333333,0.86,매출 전분기 대비 -2.8%; 건수 +3.8%; 건당금액 -6.4%; 최대 업종 한식
63,대구광역시 달서구,8105,105813000000.0,6606983.0,16015.328024909402,0.41207498133499665,0.027693856142439965,0.02600398816780547,0.09738803360645668,0.034006218517573454,0.25891998147675616,0.14391294075397162,0.2696402906228846,0.05198190216915277,0.12682501950246294,-0.0664194671204198,-0.012494109527276975,-0.0013739628032954747,-0.0001957924543047329,-0.0005127051062844556,-0.001694933241202727,0.006637694844520925,0.00963380828784341,2026,2,20262,,,0,44.89727160541037,,0,탐색용: 검증 적중률이 무작위 기준을 넘지 못함,ticket_growth=+0.771; concentration=+0.112; share_bakery=+0.056,share_change_convenience=-0.323; share_change_korean=-0.213; count_growth=-0.155,0.7066666666666667,0.8822222222222222,0.04888888888888889,0.022222222222222223,0.5,0.044444444444444446,0.4888888888888889,0.44666666666666666,0.9333333333333333,0.3422222222222222,0.8444444444444444,0.31333333333333335,0.18222222222222223,0.2511111111111111,0.4866666666666667,0.42,0.29777777777777775,0.7288888888888889,0.82,매출 전분기 대비 +5.2%; 건수 +12.7%; 건당금액 -6.6%; 최대 업종 한식
64,경기도 구리시,8105,23218240000.0,1309603.0,17729.220229336675,0.48550708408561544,0.02775490304174649,0.030664253621290848,0.10035988946621277,0.022190743139876234,0.17679505423322353,0.15672807241203468,0.30381247616841534,0.054500268867992974,0.10442231744310293,-0.045201955616658185,0.014622490221619044,-0.0012955569405227567,-0.0015499469687653977,0.004188260852844947,-0.001225297379256994,-0.02026838044638757,0.005528430660468708,2026,2,20262,,,0,44.77052504824744,,0,탐색용: 검증 적중률이 무작위 기준을 넘지 못함,ticket_growth=+0.559; share_bakery=+0.169; share_change_korean=+0.110,share_change_western=-0.388; share_change_convenience=-0.197; amount_growth=-0.139,0.7177777777777777,0.82,0.13555555555555557,0.16666666666666666,0.5,0.28888888888888886,0.4911111111111111,0.5844444444444444,0.9377777777777778,0.022222222222222223,0.44222222222222224,0.48444444444444446,0.7022222222222222,0.26,0.2088888888888889,0.9222222222222223,0.36,0.19777777777777777,0.6622222222222223,매출 전분기 대비 +5.5%; 건수 +10.4%; 건당금액 -4.5%; 최대 업종 한식
65,광주광역시 서구,8105,67407490000.0,3732746.0,18058.41865479194,0.45936645912790997,0.025872644123078905,0.020417612345453005,0.11461752989170788,0.03378585970194113,0.21124655435174933,0.13469334045815975,0.2891498815430626,0.050972095737596756,0.12256724208292646,-0.06377804701701839,-0.004048574308466446,-0.00048355560366752925,2.525041092503108e-05,0.0009661241700345546,-0.0022745367262110017,-0.004033318510348688,0.009848610567734034,2026,2,20262,,,0,44.59332589183236,,0,탐색용: 검증 적중률이 무작위 기준을 넘지 못함,ticket_growth=+0.745; concentration=+0.079; share_convenience=+0.073,share_change_convenience=-0.330; count_growth=-0.149; share_western=-0.129,0.7066666666666667,0.8711111111111111,0.05333333333333334,0.08222222222222222,0.5,0.15333333333333332,0.40444444444444444,0.3022222222222222,0.96,0.3333333333333333,0.6333333333333333,0.2311111111111111,0.3933333333333333,0.4311111111111111,0.5444444444444444,0.7311111111111112,0.2311111111111111,0.41555555555555557,0.8244444444444444,매출 전분기 대비 +5.1%; 건수 +12.3%; 건당금액 -6.4%; 최대 업종 한식
66,경기도 하남시,8105,34877190000.0,1985598.0,17565.081149356516,0.45315376611475866,0.03489816696815311,0.037692543464654116,0.12935646478400353,0.031931471543435695,0.15008147158644375,0.16288611553855112,0.2747959942396965,0.06312411754808211,0.10907373593897418,-0.0414306253064316,0.006373999289342069,-0.004358293372415417,-0.0006381806153402253,0.0007120450502449138,-0.0011005783786524892,-0.002682995747899153,0.0016940037747202596,2026,2,20262,,,0,44.40106598705751,,0,탐색용: 검증 적중률이 무작위 기준을 넘지 못함,ticket_growth=+0.521; concentration=+0.104; share_bakery=+0.075,amount_growth=-0.171; share_western=-0.153; count_growth=-0.132,0.76,0.8311111111111111,0.15333333333333332,0.035555555555555556,0.5,0.13777777777777778,0.5844444444444444,0.6888888888888889,0.96,0.2733333333333333,0.30666666666666664,0.5488888888888889,0.6,0.015555555555555555,0.4111111111111111,0.6977777777777778,0.38,0.4488888888888889,0.5311111111111111,매출 전분기 대비 +6.3%; 건수 +10.9%; 건당금액 -4.1%; 최대 업종 한식
67,강원특별자치도 횡성군,8105,6311410000.0,277203.0,22768.187934474012,0.4449798064140976,0.026209674224935475,0.017862886423160595,0.07561860186551024,0.022996446119013025,0.28174845240603924,0.1305841325472438,0.3016944734391853,0.16416393521242623,0.15100317228321347,0.01143416738209857,0.04345695534767763,-0.0034246828888043097,0.006181423482707834,0.001842591565606705,-0.0003904587636650962,-0.04477177019287876,-0.0028940585506440075,2026,2,20262,,,0,44.330986009265224,,0,탐색용: 검증 적중률이 무작위 기준을 넘지 못함,share_change_korean=+0.452; share_bakery=+0.161; share_change_supermarket=+0.155,amount_growth=-0.550; count_growth=-0.186; share_change_western=-0.171,0.9333333333333333,0.9288888888888889,0.5866666666666667,0.15333333333333332,0.5,0.1,0.42444444444444446,0.23555555555555555,0.8466666666666667,0.022222222222222223,0.9311111111111111,0.19777777777777777,0.8977777777777778,0.028888888888888888,0.9888888888888889,0.8177777777777778,0.5133333333333333,0.02,0.3711111111111111,매출 전분기 대비 +16.4%; 건수 +15.1%; 건당금액 +1.1%; 최대 업종 한식
68,경기도 여주시,8105,15124710000.0,792542.0,19083.796189981098,0.46800963456489414,0.03565027031923257,0.01609022586218182,0.0915620861490898,0.020459235251452754,0.12135968226828812,0.2468688655848608,0.30503746039015966,0.21144021978550098,0.1884576511623024,0.019338146883670415,0.04278476291994704,-0.006437371552148061,0.0016647999476770963,-0.003502351691822031,-0.0022193604922055854,-0.012423527849534197,-0.019866951281914264,2026,2,20262,,,0,44.04824795492663,,0,탐색용: 검증 적중률이 무작위 기준을 넘지 못함,share_change_convenience=+0.580; share_change_korean=+0.444; share_change_western=+0.324,amount_growth=-0.728; share_convenience=-0.279; count_growth=-0.235,0.96,0.98,0.6466666666666666,0.17555555555555555,0.5,0.20222222222222222,0.5866666666666667,0.1688888888888889,0.9111111111111111,0.02,0.21333333333333335,0.9977777777777778,0.8933333333333333,0.0022222222222222222,0.8177777777777778,0.09111111111111111,0.23555555555555555,0.25555555555555554,0.06,매출 전분기 대비 +21.1%; 건수 +18.8%; 건당금액 +1.9%; 최대 업종 한식
69,경상남도 사천시,8105,17210230000.0,823139.0,20908.04833691515,0.5311805827115617,0.03286417438930218,0.025897387774596853,0.0877908081414368,0.024127510207591647,0.13598946672996234,0.1621500700455485,0.3369786831218523,0.16503782429893898,0.20070921778908435,-0.029708603016997293,-0.00024354022164074784,-0.0037754708915453614,0.0004469655301858784,-0.006223306160717576,-0.0013432203852428923,0.008601966518417048,0.0025366056105436685,2026,2,20262,,,0,43.960453612325914,,0,탐색용: 검증 적중률이 무작위 기준을 넘지 못함,share_change_western=+0.576; ticket_growth=+0.404; share_bakery=+0.150,amount_growth=-0.554; count_growth=-0.251; share_change_convenience=-0.106,0.9355555555555556,0.9866666666666667,0.21555555555555556,0.5733333333333334,0.5,0.6688888888888889,0.5733333333333334,0.4444444444444444,0.8933333333333333,0.02666666666666667,0.26,0.54,0.4822222222222222,0.02,0.6488888888888888,0.03777777777777778,0.3422222222222222,0.7911111111111111,0.5733333333333334,매출 전분기 대비 +16.5%; 건수 +20.1%; 건당금액 -3.0%; 최대 업종 한식
70,충청남도 예산군,8105,12840210000.0,618709.0,20753.229708958494,0.5194813791986268,0.03005947722038814,0.011266170880382797,0.09222356955221138,0.0192200906371469,0.15553483938346802,0.17221447312777594,0.3336149117929469,0.11800994002549436,0.14117158824722864,-0.020296376513640024,0.01576605957839572,-0.002786316553686989,-0.002666930727992737,-0.004165770170972499,-0.004176758089178494,-0.010045471425177782,0.008075187388612792,2026,2,20262,,,0,43.95072204281728,,0,탐색용: 검증 적중률이 무작위 기준을 넘지 못함,share_change_western=+0.386; ticket_growth=+0.310; share_bakery=+0.197,amount_growth=-0.377; share_change_convenience=-0.275; count_growth=-0.173,0.8866666666666667,0.9044444444444445,0.26666666666666666,0.5066666666666667,0.5,0.5777777777777777,0.5222222222222223,0.017777777777777778,0.9177777777777778,0.017777777777777778,0.34444444444444444,0.6866666666666666,0.7177777777777777,0.07555555555555556,0.11333333333333333,0.06222222222222222,0.09777777777777778,0.30666666666666664,0.78,매출 전분기 대비 +11.8%; 건수 +14.1%; 건당금액 -2.0%; 최대 업종 한식
71,경상북도 영주시,8105,10085420000.0,480746.0,20978.687290169863,0.47919075259136457,0.031113230782654565,0.014333562707353784,0.07593635168391599,0.026495673953092682,0.2250942449595555,0.14783618332206294,0.3097885679771377,0.09118390416590927,0.13904658105482626,-0.04201994693192723,0.012131557383069091,-0.0023241853668438464,-0.0019886136405295046,0.0005726027983162102,-0.002815215576305846,-0.011049324410234956,0.005473178812528873,2026,2,20262,,,0,43.9021356498571,,0,탐색용: 검증 적중률이 무작위 기준을 넘지 못함,ticket_growth=+0.527; share_bakery=+0.128; share_change_korean=+0.080,amount_growth=-0.277; share_change_convenience=-0.196; count_growth=-0.171,0.8377777777777777,0.9,0.1511111111111111,0.22444444444444445,0.5,0.26,0.5377777777777778,0.09333333333333334,0.8466666666666667,0.05555555555555555,0.7066666666666667,0.37555555555555553,0.6666666666666666,0.10888888888888888,0.15555555555555556,0.6711111111111111,0.18,0.28444444444444444,0.6622222222222223,매출 전분기 대비 +9.1%; 건수 +13.9%; 건당금액 -4.2%; 최대 업종 한식
72,경기도 용인시 기흥구,8105,36372110000.0,2331691.0,15599.026629171703,0.4443346839102818,0.03137953778320807,0.02559900979074351,0.14560194610650853,0.0380258390288603,0.1368424872794017,0.17821649610099607,0.27220617297058536,0.07693175455670853,0.13957766503217583,-0.05497291882576383,0.019719826785697447,-0.0025505791149938867,-0.0001614680703696629,0.0013020547409157146,-0.0032288839326753,-0.01967248303933325,0.004591532630758899,2026,2,20262,,,0,43.84881541603751,,0,탐색용: 검증 적중률이 무작위 기준을 넘지 못함,ticket_growth=+0.657; share_change_korean=+0.170; concentration=+0.108,amount_growth=-0.223; share_western=-0.180; count_growth=-0.171,0.8066666666666666,0.9,0.08666666666666667,0.03111111111111111,0.5,0.09777777777777778,0.5444444444444444,0.43555555555555553,0.9622222222222222,0.48,0.26,0.7688888888888888,0.74,0.09111111111111111,0.5022222222222222,0.7777777777777778,0.15333333333333332,0.20222222222222222,0.6355555555555555,매출 전분기 대비 +7.7%; 건수 +14.0%; 건당금액 -5.5%; 최대 업종 한식
73,충청북도 청주시 청원구,8105,28924830000.0,1586129.0,18236.11446483861,0.4007076273222695,0.030288855630266454,0.025556243545770192,0.08215605761555038,0.027789964539117428,0.25309535094934005,0.180405900397686,0.2662625844562891,0.04164929073799972,0.11772585950778969,-0.06806371000782918,0.004227108169134464,-0.002672830897176709,-0.002562870696009103,0.0019873040368293127,3.6014891497661294e-05,-0.011397614050317861,0.010382888546042218,2026,2,20262,,,0,43.82795374405402,,0,탐색용: 검증 적중률이 무작위 기준을 넘지 못함,ticket_growth=+0.788; concentration=+0.118; share_bakery=+0.115,share_change_convenience=-0.346; share_change_western=-0.184; share_korean=-0.147,0.6755555555555556,0.8644444444444445,0.04,0.02,0.5,0.024444444444444446,0.5244444444444445,0.43555555555555553,0.8755555555555555,0.11333333333333333,0.8088888888888889,0.7733333333333333,0.5733333333333334,0.08222222222222222,0.11777777777777777,0.8311111111111111,0.58,0.2777777777777778,0.8466666666666667,매출 전분기 대비 +4.2%; 건수 +11.8%; 건당금액 -6.8%; 최대 업종 한식
74,충청북도 제천시,8105,17810000000.0,849329.0,20969.494742320116,0.44872206625491295,0.029216170690623246,0.015318360471645143,0.0999769792251544,0.01935204941044357,0.2371510387422796,0.15026333520494103,0.29162931281626725,0.09793912941626126,0.15863620365545228,-0.05238665428172695,0.03245579906301094,-0.003634463968744374,-0.00024759293529511527,0.0050129504481759846,-0.0013318661820181932,-0.03855805978866428,0.006303233363534971,2026,2,20262,,,0,43.5837502509146,,0,탐색용: 검증 적중률이 무작위 기준을 넘지 못함,ticket_growth=+0.631; share_change_korean=+0.322; share_bakery=+0.196,share_change_western=-0.464; amount_growth=-0.302; share_change_convenience=-0.221,0.86,0.9466666666666667,0.09333333333333334,0.08666666666666667,0.5,0.11333333333333333,0.5133333333333333,0.13777777777777778,0.9355555555555556,0.02,0.7377777777777778,0.4022222222222222,0.8644444444444445,0.022222222222222223,0.4777777777777778,0.9333333333333333,0.3422222222222222,0.05333333333333334,0.7022222222222222,매출 전분기 대비 +9.8%; 건수 +15.9%; 건당금액 -5.2%; 최대 업종 한식
75,경상남도 밀양시,8105,11677150000.0,553876.0,21082.606937292825,0.44130374277970225,0.02838192538419049,0.01086909048868945,0.10228523226986037,0.018701481097699355,0.2623268520144042,0.1361316759654539,0.29383188883263606,0.06430887802850638,0.09927439585913445,-0.03180781610336769,0.01740308307526589,-0.004791965705333533,-0.003346728928386304,0.0029786601991103057,-0.0026327296540793327,-0.01220334327196293,0.0025930242853859364,2026,2,20262,,,0,43.54290157375167,,0,탐색용: 검증 적중률이 무작위 기준을 넘지 못함,ticket_growth=+0.425; share_bakery=+0.202; share_change_korean=+0.143,share_change_western=-0.276; amount_growth=-0.176; share_japanese=-0.126,0.7644444444444445,0.8022222222222222,0.20666666666666667,0.09777777777777778,0.5,0.09111111111111111,0.5044444444444445,0.008888888888888889,0.9444444444444444,0.013333333333333334,0.8688888888888889,0.23555555555555555,0.7266666666666667,0.011111111111111112,0.06888888888888889,0.8822222222222222,0.19333333333333333,0.2577777777777778,0.5755555555555556,매출 전분기 대비 +6.4%; 건수 +9.9%; 건당금액 -3.2%; 최대 업종 한식
76,경상북도 영천시,8105,13071510000.0,664204.0,19679.962782518625,0.4160032008543772,0.03176450157632898,0.009335570259289095,0.07549778105207432,0.019241082323312304,0.30576957061578963,0.14238829331882852,0.2939943901351186,0.0995873869099444,0.13659994044950352,-0.032564275452030556,0.01641875817647198,-0.0018367568725654593,0.001654489473767987,0.0016774717394683752,-0.0007477295949389895,-0.02132451442204375,0.004158281499839905,2026,2,20262,,,0,43.49496784845776,share_japanese,1,탐색용: 검증 적중률이 무작위 기준을 넘지 못함,ticket_growth=+0.433; share_bakery=+0.197; share_change_korean=+0.131,amount_growth=-0.308; count_growth=-0.167; share_change_convenience=-0.155,0.86,0.8955555555555555,0.20222222222222222,0.10222222222222223,0.5,0.05333333333333334,0.5555555555555556,0.0,0.8466666666666667,0.017777777777777778,0.9777777777777777,0.3022222222222222,0.72,0.18,0.8155555555555556,0.8022222222222222,0.44,0.18444444444444444,0.6266666666666667,매출 전분기 대비 +10.0%; 건수 +13.7%; 건당금액 -3.3%; 최대 업종 한식
77,충청남도 서천군,8105,6803270000.0,282312.0,24098.40885261696,0.4788123946278775,0.0363913235841,0.017670914133938533,0.06282420071524429,0.021752774768603923,0.2568059183304499,0.12574247383978587,0.31707841171035184,0.11475836936805561,0.14628174675680605,-0.02750054903861132,0.03457186019430403,-0.0016954251963997927,0.003656288324283795,0.001886058091479563,-0.003299208629479942,-0.049600369817335344,0.014480797033147724,2026,2,20262,,,0,43.47770903119431,,0,탐색용: 검증 적중률이 무작위 기준을 넘지 못함,ticket_growth=+0.382; share_change_korean=+0.347; share_change_supermarket=+0.173,share_change_convenience=-0.471; amount_growth=-0.365; count_growth=-0.180,0.8777777777777778,0.92,0.22,0.31333333333333335,0.5,0.2577777777777778,0.5911111111111111,0.2288888888888889,0.8066666666666666,0.02,0.8333333333333334,0.18,0.8666666666666667,0.2088888888888889,0.9444444444444444,0.8222222222222222,0.1511111111111111,0.008888888888888889,0.9311111111111111,매출 전분기 대비 +11.5%; 건수 +14.6%; 건당금액 -2.8%; 최대 업종 한식
78,서울특별시 강북구,8105,32716370000.0,2134115.0,15330.181363234877,0.4261692235416093,0.026612059956529408,0.03520622856386574,0.1069116164171025,0.02754431497137366,0.20404861541790853,0.17350794113161086,0.2674975134607352,0.029180763634933715,0.08626372899231316,-0.05254982177333045,0.011217707675147126,-0.0018159216407337732,0.0011684007159635731,0.0064600415675094836,-0.002703178245566297,-0.01771505883792096,0.0033880087656008584,2026,2,20262,,,0,43.47102670470327,,0,탐색용: 검증 적중률이 무작위 기준을 넘지 못함,ticket_growth=+0.633; share_bakery=+0.118; concentration=+0.116,share_change_western=-0.598; share_change_convenience=-0.132; share_western=-0.116,0.6111111111111112,0.7577777777777778,0.09333333333333334,0.02,0.5,0.07111111111111111,0.44222222222222224,0.6688888888888889,0.9488888888888889,0.10444444444444445,0.5911111111111111,0.7,0.6577777777777778,0.18222222222222223,0.7555555555555555,0.96,0.18666666666666668,0.2111111111111111,0.5977777777777777,매출 전분기 대비 +2.9%; 건수 +8.6%; 건당금액 -5.3%; 최대 업종 한식
79,경상북도 구미시,8105,58548960000.0,3453467.0,16953.675827798557,0.3912522101161148,0.022006368686992902,0.022769661493560262,0.09598274674733762,0.027127040343671346,0.2526599960101768,0.1882019766021463,0.26328665123985173,0.022506010276586164,0.09998964818150391,-0.07044033371860647,0.001043014419134014,-0.0008304120052358803,0.0009023140522458131,0.003136154713001757,-0.0004795405555421753,-0.01677486160311381,0.013003330979510286,2026,2,20262,,,0,43.27088845282639,,0,탐색용: 검증 적중률이 무작위 기준을 넘지 못함,ticket_growth=+0.812; concentration=+0.123; share_bakery=+0.122,share_change_convenience=-0.426; share_change_western=-0.290; share_korean=-0.160,0.5822222222222222,0.8066666666666666,0.035555555555555556,0.015555555555555555,0.5,0.015555555555555555,0.16666666666666666,0.38,0.9333333333333333,0.08222222222222222,0.8022222222222222,0.8266666666666667,0.5022222222222222,0.3511111111111111,0.7177777777777777,0.8888888888888888,0.4888888888888889,0.2222222222222222,0.9,매출 전분기 대비 +2.3%; 건수 +10.0%; 건당금액 -7.0%; 최대 업종 한식
80,인천광역시 남동구,8105,55283390000.0,3449772.0,16025.23007317585,0.39908912966444354,0.029331414010609697,0.03832380756679357,0.09521937782758981,0.02963457921086243,0.2120347540192452,0.19636693770045577,0.25506482882333614,-0.015336336064621925,0.04710651689322076,-0.05963371629384129,0.0034636679090141453,-0.002070804980264556,-0.0030352299443117126,0.005515392891592585,-0.002496830417588757,-0.009013136030063318,0.007636940571621648,2026,2,20262,,,0,43.02458161119161,,0,탐색용: 검증 적중률이 무작위 기준을 넘지 못함,ticket_growth=+0.704; concentration=+0.137; amount_growth=+0.123,share_change_western=-0.510; share_change_convenience=-0.262; share_korean=-0.149,0.3622222222222222,0.7155555555555555,0.06666666666666667,0.011111111111111112,0.5,0.024444444444444446,0.5133333333333333,0.7022222222222222,0.9311111111111111,0.17777777777777778,0.6377777777777778,0.8688888888888889,0.56,0.14666666666666667,0.08,0.9355555555555556,0.20666666666666667,0.3333333333333333,0.7666666666666667,매출 전분기 대비 -1.5%; 건수 +4.7%; 건당금액 -6.0%; 최대 업종 한식
81,경기도 과천시,8105,10657910000.0,805454.0,13232.177132399864,0.5388092036806466,0.02176317870952185,0.017837455936482855,0.17346177627696238,0.033280446166274624,0.06420395743630787,0.15064398179380384,0.34911950208016146,0.2708821484743442,0.35669120247940844,-0.06324877307986132,0.03754343825327333,-0.005408744788879698,0.0015762754060180337,-0.002140371529620544,-0.007258628006506229,-0.018944250995848178,-0.005367718338436744,2026,2,20262,,,0,42.975374285386316,"count_growth, share_supermarket",2,탐색용: 검증 적중률이 무작위 기준을 넘지 못함,ticket_growth=+0.740; share_change_korean=+0.382; share_change_western=+0.198,amount_growth=-0.951; count_growth=-0.454; share_western=-0.226,0.9933333333333333,1.0,0.05555555555555555,0.6888888888888889,0.5,0.7155555555555555,0.16,0.23555555555555555,0.9955555555555555,0.31777777777777777,0.0,0.4111111111111111,0.88,0.011111111111111112,0.8,0.1711111111111111,0.03333333333333333,0.20666666666666667,0.3244444444444444,매출 전분기 대비 +27.1%; 건수 +35.7%; 건당금액 -6.3%; 최대 업종 한식
82,전라남도 나주시,8105,15058530000.0,770267.0,19549.753527023746,0.4631448089554558,0.03600351428725115,0.014630246113000405,0.12213343533532157,0.0243410213347518,0.1866649666335293,0.15308200734068997,0.28980038329092256,0.09807752046517537,0.12855169099537456,-0.027002901837239968,0.018694287791700848,-0.002695464969745952,0.0019333057168663664,0.0006564133555847645,-0.0012125556409962567,-0.01975729924384445,0.0023813129904346753,2026,2,20262,,,0,42.84780836898029,,0,탐색용: 검증 적중률이 무작위 기준을 넘지 못함,ticket_growth=+0.377; share_change_korean=+0.158; share_bakery=+0.148,amount_growth=-0.302; count_growth=-0.157; share_western=-0.141,0.86,0.8866666666666667,0.22,0.08222222222222222,0.5,0.1688888888888889,0.5866666666666667,0.10222222222222223,0.96,0.02666666666666667,0.5088888888888888,0.44666666666666666,0.7333333333333333,0.08222222222222222,0.8355555555555556,0.68,0.36,0.20222222222222222,0.5644444444444444,매출 전분기 대비 +9.8%; 건수 +12.9%; 건당금액 -2.7%; 최대 업종 한식
83,제주특별자치도 제주시,8105,178552190000.0,9053568.0,19721.748375888932,0.4460421908014682,0.026606506478581978,0.0367996606482396,0.11518906600921557,0.041565270075936904,0.18186867380344088,0.1519286321831169,0.27217047357840995,0.10811969010514311,0.17195332933343432,-0.054467731462137126,0.007651586597851701,-0.000559501158196047,0.0012001929363598465,2.677361542215151e-05,-0.0024936614329901935,-0.013500640488961851,0.007675249930514383,2026,2,20262,,,0,42.79648435111103,,0,탐색용: 검증 적중률이 무작위 기준을 넘지 못함,ticket_growth=+0.652; concentration=+0.108; share_chinese=+0.052,amount_growth=-0.340; share_change_convenience=-0.263; count_growth=-0.213,0.8688888888888889,0.96,0.08888888888888889,0.03111111111111111,0.5,0.1,0.44222222222222224,0.68,0.96,0.5933333333333334,0.4688888888888889,0.43333333333333335,0.6111111111111112,0.42,0.76,0.5444444444444444,0.20666666666666667,0.2511111111111111,0.7666666666666667,매출 전분기 대비 +10.8%; 건수 +17.2%; 건당금액 -5.4%; 최대 업종 한식
84,충청북도 충주시,8105,30268290000.0,1562217.0,19375.214838911623,0.45509244162785545,0.031644668397190594,0.016387447060934066,0.07457210169454567,0.029219357948532938,0.22482274353787413,0.16826123973306717,0.29365094392441765,0.0883348506879873,0.14869403835605155,-0.05254592228444677,0.016443548865277602,-0.0014167636116575247,0.00010572823610007637,0.0015172281096047374,-0.0021974342055209907,-0.023769927998709944,0.009317620604906068,2026,2,20262,,,0,42.669279433111214,,0,탐색용: 검증 적중률이 무작위 기준을 넘지 못함,ticket_growth=+0.633; share_change_korean=+0.131; share_bakery=+0.102,share_change_convenience=-0.313; amount_growth=-0.266; count_growth=-0.183,0.8244444444444444,0.9266666666666666,0.09333333333333334,0.09555555555555556,0.5,0.14444444444444443,0.5533333333333333,0.18888888888888888,0.8444444444444444,0.16666666666666666,0.7066666666666667,0.6555555555555556,0.72,0.24666666666666667,0.5666666666666667,0.7955555555555556,0.23777777777777778,0.1688888888888889,0.8111111111111111,매출 전분기 대비 +8.8%; 건수 +14.9%; 건당금액 -5.3%; 최대 업종 한식
85,강원특별자치도 춘천시,8105,36495630000.0,1856538.0,19657.895502273586,0.4641158407184641,0.03197259507508159,0.029005664513806175,0.1191559098993496,0.022364321426976325,0.17747138493019576,0.15591428343612646,0.2877707390008029,0.10573283568387759,0.1814780614865128,-0.0641105647847019,0.01685364491850999,-0.0029912279828448393,-0.0008608772456345053,0.003175490682502155,-0.001551453452794914,-0.020943561762555185,0.006317984842817342,2026,2,20262,,,0,42.57994612697087,,0,탐색용: 검증 적중률이 무작위 기준을 넘지 못함,ticket_growth=+0.748; share_bakery=+0.167; share_change_korean=+0.136,amount_growth=-0.331; share_change_western=-0.294; count_growth=-0.226,0.8688888888888889,0.9733333333333334,0.05333333333333334,0.07333333333333333,0.5,0.1688888888888889,0.5577777777777778,0.5311111111111111,0.96,0.022222222222222223,0.45111111111111113,0.48,0.7222222222222222,0.06222222222222222,0.37333333333333335,0.8888888888888888,0.32222222222222224,0.19111111111111112,0.7066666666666667,매출 전분기 대비 +10.6%; 건수 +18.1%; 건당금액 -6.4%; 최대 업종 한식
86,경기도 의정부시,8105,53489390000.0,3186131.0,16788.195463400596,0.42088085132397285,0.026159954338608085,0.03432232074435697,0.10653589431474167,0.02820970663527851,0.19988057444663324,0.18401069819640867,0.2649609213412049,0.04842221339761266,0.09223673069209859,-0.04011448806223772,0.007393232804262351,-0.0019025651884538239,-0.00045672405743624883,0.003091173589458082,-0.0026976387544924256,-0.009126119930004145,0.003698641536666214,2026,2,20262,,,0,42.30378703430302,,0,탐색용: 검증 적중률이 무작위 기준을 넘지 못함,ticket_growth=+0.508; concentration=+0.120; share_bakery=+0.111,share_change_western=-0.286; share_change_convenience=-0.141; share_korean=-0.120,0.6977777777777778,0.7822222222222223,0.16,0.015555555555555555,0.5,0.06222222222222222,0.42444444444444446,0.6444444444444445,0.9488888888888889,0.1288888888888889,0.5622222222222222,0.8044444444444444,0.6066666666666667,0.1711111111111111,0.45111111111111113,0.8888888888888888,0.18888888888888888,0.33111111111111113,0.6088888888888889,매출 전분기 대비 +4.8%; 건수 +9.2%; 건당금액 -4.0%; 최대 업종 한식
87,전북특별자치도 남원시,8105,9801960000.0,455669.0,21511.140762263836,0.48901138139718997,0.046467237164811936,0.01262400581108268,0.08796506004921464,0.02617945798595383,0.20015384678166406,0.13759901081008288,0.30886896675574854,0.17196035740034654,0.1713043053566976,0.0005601038437650363,0.037045571883970396,-0.005069577151288654,-0.008162174517550597,-0.0028747925046100214,-0.0014852322897963462,-0.015395913911232517,-0.004057881509492239,2026,2,20262,,,0,42.275130404121796,,0,탐색용: 검증 적중률이 무작위 기준을 넘지 못함,share_change_korean=+0.376; share_change_western=+0.266; share_bakery=+0.131,amount_growth=-0.580; count_growth=-0.213; share_japanese=-0.116,0.9377777777777778,0.9577777777777777,0.49333333333333335,0.20444444444444446,0.5,0.3022222222222222,0.7555555555555555,0.06666666666666667,0.8933333333333333,0.04888888888888889,0.5622222222222222,0.2511111111111111,0.8777777777777778,0.011111111111111112,0.0044444444444444444,0.13111111111111112,0.32666666666666666,0.2311111111111111,0.35333333333333333,매출 전분기 대비 +17.2%; 건수 +17.1%; 건당금액 +0.1%; 최대 업종 한식
88,경기도 화성시 병점구,8105,18730450000.0,1099818.0,17030.499591750635,0.38282102138496404,0.02850492113109936,0.012558160642162895,0.11277945804825831,0.025537026606408282,0.2459497769674514,0.1918496352196557,0.258191093551441,0.05173714951827879,0.11168186890495369,-0.053922548404717996,0.01022527517488897,-0.002804423663067202,0.003214601801887214,0.0019572136400750617,0.001021976401624873,-0.0215202635624811,0.007905620207072223,2026,2,20262,,,0,42.239028803972786,,0,탐색용: 검증 적중률이 무작위 기준을 넘지 못함,ticket_growth=+0.646; share_bakery=+0.137; concentration=+0.132,share_change_convenience=-0.270; share_change_western=-0.181; share_korean=-0.171,0.7066666666666667,0.8355555555555556,0.09333333333333334,0.011111111111111112,0.5,0.011111111111111112,0.5088888888888888,0.06444444444444444,0.96,0.03777777777777778,0.7688888888888888,0.8444444444444444,0.6422222222222222,0.07111111111111111,0.9288888888888889,0.8266666666666667,0.7244444444444444,0.18222222222222223,0.7688888888888888,매출 전분기 대비 +5.2%; 건수 +11.2%; 건당금액 -5.4%; 최대 업종 한식
89,전라남도 목포시,8105,45823970000.0,2193426.0,20891.504887787414,0.4445701670981366,0.02725669556784364,0.02930693259444784,0.08500922115652572,0.03423775809909094,0.23619385225679923,0.143425373227156,0.2840016225155854,0.14569462907787067,0.21397040103607434,-0.056241710588605165,-0.011944087713576468,-0.0008391434107513258,-0.0011476027456192202,-0.0033201322621463913,-0.0027478209503649306,0.015699996143277772,0.004298790939180536,2026,2,20262,,,0,41.982975444439056,,0,탐색용: 검증 적중률이 무작위 기준을 넘지 못함,ticket_growth=+0.670; share_change_western=+0.307; concentration=+0.088,amount_growth=-0.481; count_growth=-0.268; share_change_korean=-0.206,0.9133333333333333,0.9911111111111112,0.08,0.057777777777777775,0.5,0.09777777777777778,0.47333333333333333,0.5422222222222223,0.8822222222222222,0.3466666666666667,0.7377777777777778,0.30666666666666664,0.19111111111111112,0.3488888888888889,0.2866666666666667,0.09333333333333334,0.18222222222222223,0.8822222222222222,0.6311111111111111,매출 전분기 대비 +14.6%; 건수 +21.4%; 건당금액 -5.6%; 최대 업종 한식
90,경기도 안산시 단원구,8105,69668270000.0,4245512.0,16409.862932904205,0.34921794383583804,0.06230971430753197,0.024597424336789186,0.11497156453002207,0.022067291178609717,0.22762672304048887,0.19920933877072017,0.2316444177640824,0.050299388739823536,0.11779919375455994,-0.06038634254871156,0.013910243851124826,-0.0026578985214240278,-0.00022595605590922108,0.0009953461781058992,-0.0017345583711237296,-0.019303784821348785,0.009016607740575056,2026,2,20262,,,0,41.95425547126642,concentration,1,탐색용: 검증 적중률이 무작위 기준을 넘지 못함,ticket_growth=+0.711; concentration=+0.177; share_bakery=+0.170,share_change_convenience=-0.304; share_korean=-0.216; share_chinese=-0.170,0.7044444444444444,0.8644444444444445,0.06666666666666667,0.0,0.5,0.0022222222222222222,0.96,0.42444444444444446,0.96,0.022222222222222223,0.7177777777777777,0.8911111111111111,0.6888888888888889,0.08444444444444445,0.4822222222222222,0.7333333333333333,0.29555555555555557,0.20444444444444446,0.8066666666666666,매출 전분기 대비 +5.0%; 건수 +11.8%; 건당금액 -6.0%; 최대 업종 한식
91,경기도 남양주시,8105,70025640000.0,3785528.0,18498.249121390727,0.4402758760933852,0.02593564300162055,0.019553837708587884,0.1327390938519091,0.0283877448317502,0.18204289171794788,0.17106491279479916,0.2757262071246224,0.07768643881944204,0.11546732593328168,-0.03387000787515626,0.017481458004116157,-0.0022396939406404553,-0.00031373234423789226,0.0021645510276346314,-0.0017696552013380488,-0.018351550995134663,0.0030286234496002262,2026,2,20262,,,0,41.28108314901319,,0,탐색용: 검증 적중률이 무작위 기준을 넘지 못함,ticket_growth=+0.446; share_change_korean=+0.144; share_bakery=+0.109,amount_growth=-0.226; share_change_western=-0.200; share_western=-0.159,0.8066666666666666,0.8577777777777778,0.19777777777777777,0.03777777777777778,0.5,0.08666666666666667,0.4088888888888889,0.28888888888888886,0.96,0.13555555555555557,0.4688888888888889,0.6755555555555556,0.7288888888888889,0.1288888888888889,0.4711111111111111,0.8444444444444444,0.2866666666666667,0.2088888888888889,0.5888888888888889,매출 전분기 대비 +7.8%; 건수 +11.5%; 건당금액 -3.4%; 최대 업종 한식
92,대구광역시 남구,8105,27253690000.0,1889533.0,14423.505702202609,0.4149342712858332,0.02778045835261207,0.015161616647140259,0.11448064463931307,0.03764554451158724,0.23460309411312744,0.15539437045038673,0.266881105126873,0.1289018990736801,0.20451236428356512,-0.06277267668801179,-0.021770245408675948,-0.00203342853306367,-7.62884443256933e-05,-0.006576344968325473,-7.866982267602796e-06,0.023379144916361838,0.007085029420296568,2026,2,20262,,,0,41.24640577882602,,0,탐색용: 검증 적중률이 무작위 기준을 넘지 못함,ticket_growth=+0.735; share_change_western=+0.609; concentration=+0.117,amount_growth=-0.418; share_change_korean=-0.323; count_growth=-0.256,0.9,0.9888888888888889,0.06,0.02,0.5,0.05333333333333334,0.4911111111111111,0.13333333333333333,0.96,0.4666666666666667,0.7333333333333333,0.47555555555555556,0.09333333333333334,0.15333333333333332,0.5155555555555555,0.03333333333333333,0.5733333333333334,0.9288888888888889,0.7444444444444445,매출 전분기 대비 +12.9%; 건수 +20.5%; 건당금액 -6.3%; 최대 업종 한식
93,대구광역시 서구,8105,37688130000.0,2235481.0,16859.06970356715,0.3719860868660769,0.02045179742268985,0.01003207110567704,0.05787365942539468,0.0207829361658432,0.3922617014959352,0.1266117475183831,0.3125736352515297,0.1024688746975666,0.17642344236370766,-0.06286390172364231,-0.006023584567856066,-0.0010475585853615861,0.0009901491751111609,0.001478510763151565,-1.1144081140803536e-05,-0.0031876755884823194,0.007801302884578018,2026,2,20262,,,0,41.200151196939814,share_supermarket,1,탐색용: 검증 적중률이 무작위 기준을 넘지 못함,ticket_growth=+0.736; share_bakery=+0.182; share_supermarket=+0.110,amount_growth=-0.319; share_change_convenience=-0.267; count_growth=-0.219,0.8622222222222222,0.9666666666666667,0.06,0.26,0.5,0.0022222222222222222,0.11333333333333333,0.0022222222222222222,0.8,0.02,1.0,0.18222222222222223,0.33111111111111113,0.3,0.7288888888888889,0.7911111111111111,0.5733333333333334,0.43333333333333335,0.7666666666666667,매출 전분기 대비 +10.2%; 건수 +17.6%; 건당금액 -6.3%; 최대 업종 슈퍼마켓
94,경기도 수원시 권선구,8105,40418210000.0,2422461.0,16684.772221307176,0.3847117425536658,0.029913002084951314,0.024311566494409326,0.0901017140541355,0.029002273975022645,0.2425515627733143,0.1994081380645011,0.257043281719168,0.05823924963796512,0.10585269120261187,-0.04305586263290384,-0.002974174255410411,-0.0016436655757677103,0.005143810864769668,0.0019660125547048407,-0.004511516079548996,0.0004773848236297451,0.0015421476676228674,2026,2,20262,,,0,41.05317959197195,,0,탐색용: 검증 적중률이 무작위 기준을 넘지 못함,ticket_growth=+0.538; concentration=+0.134; share_bakery=+0.104,share_change_western=-0.182; share_korean=-0.169; amount_growth=-0.153,0.7377777777777778,0.82,0.14666666666666667,0.011111111111111112,0.5,0.011111111111111112,0.5155555555555555,0.4177777777777778,0.9022222222222223,0.15555555555555556,0.7511111111111111,0.8911111111111111,0.42444444444444446,0.2111111111111111,0.9755555555555555,0.8266666666666667,0.08444444444444445,0.54,0.52,매출 전분기 대비 +5.8%; 건수 +10.6%; 건당금액 -4.3%; 최대 업종 한식
95,경기도 동두천시,8105,10070130000.0,589514.0,17082.08795719864,0.42753867129818585,0.02506819673628841,0.022125831543386234,0.10225885862446661,0.025904332913279173,0.1871594507717378,0.20994465811265595,0.2741406104785929,0.05368050977807082,0.12060844076598753,-0.05972463578997189,0.02170635814879951,-0.001346719922530687,-0.0004249422268997327,0.005169783486610985,-0.001773519154816796,-0.03119444319191228,0.007863482860748977,2026,2,20262,,,0,41.02076140378493,,0,탐색용: 검증 적중률이 무작위 기준을 넘지 못함,ticket_growth=+0.704; share_change_korean=+0.194; share_bakery=+0.133,share_change_western=-0.478; share_change_convenience=-0.269; share_convenience=-0.163,0.7133333333333334,0.8688888888888889,0.06666666666666667,0.03333333333333333,0.5,0.07111111111111111,0.35555555555555557,0.35555555555555557,0.9444444444444444,0.042222222222222223,0.5088888888888888,0.9377777777777778,0.7666666666666667,0.2511111111111111,0.45555555555555555,0.9333333333333333,0.2866666666666667,0.10888888888888888,0.7688888888888888,매출 전분기 대비 +5.4%; 건수 +12.1%; 건당금액 -6.0%; 최대 업종 한식
96,경기도 안양시 만안구,8105,27994770000.0,1901578.0,14721.862579394587,0.41823240555289437,0.03646181054532686,0.02313753604691162,0.10561722778933351,0.0285628351295617,0.20441782518663307,0.18357035974933889,0.2642387128462032,0.06440430890525328,0.11518774733691295,-0.04553801685225778,0.014920044901843899,-0.001168489277340673,0.00011853440133930554,0.003420647294688467,-0.0028619689074134876,-0.018245066701395002,0.0038162982882775087,2026,2,20262,,,0,40.98162563454801,,0,탐색용: 검증 적중률이 무작위 기준을 넘지 못함,ticket_growth=+0.562; concentration=+0.122; share_change_korean=+0.113,share_change_western=-0.317; amount_growth=-0.176; share_change_convenience=-0.145,0.7666666666666667,0.8577777777777778,0.1288888888888889,0.015555555555555555,0.5,0.05555555555555555,0.5933333333333334,0.39555555555555555,0.9488888888888889,0.14,0.5911111111111111,0.8044444444444444,0.7044444444444444,0.28,0.5711111111111111,0.9,0.17777777777777778,0.2111111111111111,0.6177777777777778,매출 전분기 대비 +6.4%; 건수 +11.5%; 건당금액 -4.6%; 최대 업종 한식
97,전북특별자치도 전주시 완산구,8105,39084560000.0,2126912.0,18376.199861583365,0.4584495770196722,0.02732946206890905,0.031934349523187675,0.1350249305608148,0.039528652746762406,0.17227007288811746,0.1354629551925364,0.2797641533492608,0.04304959805377062,0.1062438528629599,-0.05712506753880964,0.00840537000648911,-0.0032255501097027614,-0.005556613591910946,0.0038679397547526917,6.365234512308027e-05,-0.008963469573432581,0.005408671168681434,2026,2,20262,,,0,40.8981661006269,,0,탐색용: 검증 적중률이 무작위 기준을 넘지 못함,ticket_growth=+0.678; concentration=+0.095; share_convenience=+0.071,share_change_western=-0.358; share_change_convenience=-0.194; share_western=-0.163,0.68,0.82,0.07777777777777778,0.04666666666666667,0.5,0.1511111111111111,0.4777777777777778,0.6088888888888889,0.96,0.5377777777777778,0.4088888888888889,0.23333333333333334,0.62,0.044444444444444446,0.006666666666666667,0.9088888888888889,0.5866666666666667,0.3333333333333333,0.6622222222222223,매출 전분기 대비 +4.3%; 건수 +10.6%; 건당금액 -5.7%; 최대 업종 한식
98,전북특별자치도 김제시,8105,7982380000.0,374005.0,21342.976698172486,0.3778296698478399,0.038309376401524355,0.009883017345703913,0.09779789987447353,0.021068904261636254,0.2972659783172437,0.15784515395157836,0.2676110242070059,0.0751766171667172,0.12686729055312185,-0.04587112770043422,0.011842533100020258,-0.001293277065155779,-0.0006123188835448334,0.0019888955979472794,-0.0023179698333901794,-0.016668762565673734,0.007060899649797031,2026,2,20262,,,0,40.767428893832374,share_japanese,1,탐색용: 검증 적중률이 무작위 기준을 넘지 못함,ticket_growth=+0.566; share_bakery=+0.180; concentration=+0.116,share_change_convenience=-0.244; amount_growth=-0.216; share_change_western=-0.184,0.8022222222222222,0.8822222222222222,0.1288888888888889,0.02,0.5,0.011111111111111112,0.6066666666666667,0.0,0.9333333333333333,0.02,0.9577777777777777,0.49777777777777776,0.6666666666666666,0.26,0.41555555555555557,0.8311111111111111,0.2288888888888889,0.2222222222222222,0.74,매출 전분기 대비 +7.5%; 건수 +12.7%; 건당금액 -4.6%; 최대 업종 한식
99,강원특별자치도 원주시,8105,49906140000.0,2743511.0,18190.610498736838,0.4298805718094006,0.028474051489456007,0.028100149600830678,0.10776810228160302,0.028331183297285664,0.19339764606118606,0.18404829546023796,0.27009074041521974,0.07935622916303942,0.1497054192877345,-0.061188882773360875,0.02040524958334544,-0.0035016735529613645,-0.002224731257443928,0.0030838616472186192,-0.0008474281811963712,-0.026927007705984995,0.010011729467022584,2026,2,20262,,,0,40.7303496577728,,0,탐색용: 검증 적중률이 무작위 기준을 넘지 못함,ticket_growth=+0.719; share_change_korean=+0.178; concentration=+0.112,share_change_convenience=-0.335; share_change_western=-0.285; amount_growth=-0.232,0.8111111111111111,0.9266666666666666,0.06666666666666667,0.024444444444444446,0.5,0.07555555555555556,0.5088888888888888,0.5,0.9511111111111111,0.13333333333333333,0.5377777777777778,0.8044444444444444,0.7488888888888889,0.02666666666666667,0.13333333333333333,0.8844444444444445,0.42444444444444446,0.14666666666666667,0.8311111111111111,매출 전분기 대비 +7.9%; 건수 +15.0%; 건당금액 -6.1%; 최대 업종 한식
100,부산광역시 수영구,8105,51828850000.0,2975136.0,17420.665811579707,0.45421555755144094,0.028224048961148086,0.057183209737433884,0.14627567464838598,0.040858710930302335,0.15143805042944228,0.12180474774184648,0.2712141760804546,0.10675760659157851,0.1609099869593822,-0.04664649367832352,-0.0043672359684487905,-0.0008298903868476717,-0.0018456705932127504,6.340864910561739e-05,-0.0013809480876874128,0.002915486102934073,0.005444850284156921,2026,2,20262,,,0,40.50358613111585,,0,탐색용: 검증 적중률이 무작위 기준을 넘지 못함,ticket_growth=+0.574; share_japanese=+0.143; share_convenience=+0.114,amount_growth=-0.335; count_growth=-0.199; share_change_convenience=-0.195,0.8688888888888889,0.9511111111111111,0.12444444444444444,0.024444444444444446,0.5,0.14,0.5022222222222222,0.88,0.9666666666666667,0.5666666666666667,0.31777777777777777,0.14222222222222222,0.38666666666666666,0.3511111111111111,0.18,0.5577777777777778,0.33555555555555555,0.6244444444444445,0.6622222222222223,매출 전분기 대비 +10.7%; 건수 +16.1%; 건당금액 -4.7%; 최대 업종 한식
101,경기도 광주시,8105,54739120000.0,2903279.0,18854.24032619669,0.39540350666945323,0.026637804919041445,0.022099003418396202,0.08374175543925441,0.017793490286288856,0.2710070969354275,0.18331734233213834,0.27192125617919427,0.0749835676477768,0.1152015831805504,-0.03606344910134718,0.027374982423313765,-0.002193191554115251,-0.00021835984842808256,0.005765113632718824,-0.0017289493254304192,-0.03402625970857459,0.005026664380515744,2026,2,20262,,,0,40.453726434691816,,0,탐색용: 검증 적중률이 무작위 기준을 넘지 못함,ticket_growth=+0.468; share_change_korean=+0.261; share_bakery=+0.211,share_change_western=-0.534; amount_growth=-0.216; share_change_convenience=-0.182,0.7977777777777778,0.8577777777777778,0.18,0.028888888888888888,0.5,0.017777777777777778,0.44222222222222224,0.35555555555555557,0.88,0.006666666666666667,0.8933333333333333,0.8022222222222222,0.8311111111111111,0.1288888888888889,0.48444444444444446,0.94,0.29555555555555557,0.08888888888888889,0.6466666666666666,매출 전분기 대비 +7.5%; 건수 +11.5%; 건당금액 -3.6%; 최대 업종 한식
102,세종특별자치시 세종특별자치시,8105,31756460000.0,1952808.0,16261.9468990295,0.4149939886246767,0.04452826291091639,0.027429694619614402,0.15652405841205222,0.04474333726114309,0.13276857685019047,0.17901208132140672,0.2511297322882981,0.08784543199574402,0.15977139626330406,-0.06201736350741183,0.007419602841140238,-0.005376385851572872,0.00032849898669080196,-0.0035690764701263866,-0.003075813624696798,-0.006688474328434418,0.0109616484469994,2026,2,20262,,,0,40.442696673750575,,0,탐색용: 검증 적중률이 무작위 기준을 넘지 못함,ticket_growth=+0.727; share_change_western=+0.330; concentration=+0.144,share_change_convenience=-0.364; amount_growth=-0.264; share_western=-0.198,0.8244444444444444,0.9488888888888889,0.06,0.0044444444444444444,0.5,0.05333333333333334,0.74,0.4866666666666667,0.9755555555555555,0.6822222222222222,0.25555555555555554,0.7711111111111111,0.6088888888888889,0.011111111111111112,0.6311111111111111,0.08444444444444445,0.1622222222222222,0.3711111111111111,0.86,매출 전분기 대비 +8.8%; 건수 +16.0%; 건당금액 -6.2%; 최대 업종 한식
103,인천광역시 서구,8105,60957010000.0,3908711.0,15595.169353784406,0.3565985273884004,0.0322379657401175,0.02685876489020705,0.10668617112289465,0.03162786363701238,0.226877433784892,0.21911327343647596,0.24078944684603512,-0.009076433768157033,0.05031089781484788,-0.05654262152907219,-0.006700876744064055,-0.002278297273910705,-0.0010313470899735062,0.0011573884694593695,-0.0025496221449916243,0.0003645390358578138,0.011038215747622704,2026,2,20262,,,0,40.27739455675677,,0,탐색용: 검증 적중률이 무작위 기준을 넘지 못함,ticket_growth=+0.673; concentration=+0.161; amount_growth=+0.100,share_change_convenience=-0.366; share_korean=-0.206; share_convenience=-0.192,0.3888888888888889,0.72,0.07777777777777778,0.0022222222222222222,0.5,0.0022222222222222222,0.5688888888888889,0.48,0.9488888888888889,0.26,0.7133333333333334,0.9688888888888889,0.32666666666666666,0.12666666666666668,0.33555555555555555,0.76,0.19777777777777777,0.5333333333333333,0.86,매출 전분기 대비 -0.9%; 건수 +5.0%; 건당금액 -5.7%; 최대 업종 한식
104,충청남도 보령시,8105,16137860000.0,672746.0,23988.04303555874,0.473655119080225,0.03566519972288767,0.0638876530097547,0.08225811848658993,0.020914792915541467,0.14215639496190946,0.18146272182309178,0.29004379716893547,0.14558122530977036,0.18684626037559426,-0.03476864396300583,-0.008542360164897289,-0.002890069123322146,0.008854129312458249,-0.003099710157448393,-0.0025720265392059766,-0.00387204960242446,0.012122086274840016,2026,2,20262,,,0,39.62541841812861,,0,탐색용: 검증 적중률이 무작위 기준을 넘지 못함,ticket_growth=+0.455; share_change_western=+0.287; share_japanese=+0.181,amount_growth=-0.481; share_change_convenience=-0.399; count_growth=-0.233,0.9133333333333333,0.9777777777777777,0.19333333333333333,0.08222222222222222,0.5,0.22444444444444445,0.5866666666666667,0.9222222222222223,0.8755555555555555,0.02,0.28,0.7822222222222223,0.28,0.06666666666666667,0.9977777777777778,0.10666666666666667,0.19777777777777777,0.4177777777777778,0.8822222222222222,매출 전분기 대비 +14.6%; 건수 +18.7%; 건당금액 -3.5%; 최대 업종 한식
105,경기도 고양시 일산동구,8105,39797340000.0,2202722.0,18067.345765829734,0.4115777587145272,0.030938751182868002,0.04601136658882227,0.14606252578689932,0.02802674751629129,0.14452749857151256,0.1928553516390794,0.2526716481633621,0.03875439281530646,0.09947979007917462,-0.05523102635610522,0.0033612365087544727,-0.0029018483489826503,0.00185796102156182,0.005100658451487633,-0.0018780669884037766,-0.008947236606716202,0.0034072959622987453,2026,2,20262,,,0,39.49624172231555,,0,탐색용: 검증 적중률이 무작위 기준을 넘지 못함,ticket_growth=+0.659; concentration=+0.141; share_bakery=+0.113,share_change_western=-0.472; share_western=-0.181; share_korean=-0.133,0.66,0.8022222222222222,0.08444444444444445,0.008888888888888889,0.5,0.044444444444444446,0.5355555555555556,0.7844444444444445,0.9622222222222222,0.12222222222222222,0.28,0.8577777777777778,0.5577777777777778,0.06666666666666667,0.8311111111111111,0.9333333333333333,0.2777777777777778,0.3333333333333333,0.5977777777777777,매출 전분기 대비 +3.9%; 건수 +9.9%; 건당금액 -5.5%; 최대 업종 한식
106,울산광역시 남구,8105,51513080000.0,3024375.0,17032.636495143626,0.4608344133179379,0.029735360417198892,0.043455953322923034,0.12636305186954458,0.027156403771624604,0.13793622901212663,0.17451858828864436,0.2813292001123727,0.03418820577970427,0.09821485957556209,-0.05830066242283649,0.00411253167772635,-0.003779488762165318,-0.0026075405506160165,0.005209857420861816,-0.0016445476808501537,-0.007501167695693617,0.006210355590736932,2026,2,20262,,,0,39.291409311271366,,0,탐색용: 검증 적중률이 무작위 기준을 넘지 못함,ticket_growth=+0.690; share_bakery=+0.121; concentration=+0.093,share_change_western=-0.482; share_change_convenience=-0.218; share_western=-0.148,0.6288888888888889,0.7977777777777778,0.06888888888888889,0.05333333333333334,0.5,0.16,0.5155555555555555,0.7422222222222222,0.96,0.08444444444444445,0.26222222222222225,0.72,0.5733333333333334,0.02,0.11555555555555555,0.9333333333333333,0.30444444444444446,0.3622222222222222,0.7022222222222222,매출 전분기 대비 +3.4%; 건수 +9.8%; 건당금액 -5.8%; 최대 업종 한식
107,경기도 양평군,8105,18201560000.0,847522.0,21476.209467128876,0.525550007801529,0.01987412067976591,0.013322484446388111,0.10857311131573337,0.018493469790501472,0.1927560055291964,0.12143080043688563,0.3408057258527906,0.20196974069395246,0.22219241928692157,-0.01654623140664524,0.023268772308951857,-0.0007920436682445076,-0.0007294507241283818,-0.0020527772897116214,-0.0013663872666023862,-0.02497139656984404,0.006643283209578951,2026,2,20262,,,0,39.18990522559111,,0,탐색용: 검증 적중률이 무작위 기준을 넘지 못함,ticket_growth=+0.272; share_change_korean=+0.212; share_bakery=+0.204,amount_growth=-0.692; count_growth=-0.279; share_change_convenience=-0.231,0.9533333333333334,0.9911111111111112,0.29333333333333333,0.6155555555555555,0.5,0.6422222222222222,0.10666666666666667,0.08222222222222222,0.9533333333333334,0.013333333333333334,0.5333333333333333,0.13777777777777778,0.7733333333333333,0.35555555555555557,0.3977777777777778,0.18444444444444444,0.3377777777777778,0.16,0.7222222222222222,매출 전분기 대비 +20.2%; 건수 +22.2%; 건당금액 -1.7%; 최대 업종 한식
108,경기도 오산시,8105,33779870000.0,2025641.0,16676.13856552074,0.38467051530985763,0.053345972024167056,0.021269768060090226,0.08742632816526529,0.025979673693238014,0.20937469563974048,0.21793304710764133,0.2509204836108078,0.041160840242839836,0.11280246288261431,-0.06437946089209157,0.00812729972554932,-0.0015118263714281183,0.0005226012890913213,0.0019170435207207515,-0.0006292080161956239,-0.01920722119467455,0.010781311046936914,2026,2,20262,,,0,39.146220895281,,0,탐색용: 검증 적중률이 무작위 기준을 넘지 못함,ticket_growth=+0.751; concentration=+0.144; share_bakery=+0.133,share_change_convenience=-0.358; share_convenience=-0.188; share_change_western=-0.177,0.6711111111111111,0.8444444444444444,0.05333333333333334,0.0044444444444444444,0.5,0.011111111111111112,0.8888888888888888,0.3288888888888889,0.8933333333333333,0.042222222222222223,0.6288888888888889,0.9644444444444444,0.6155555555555555,0.23333333333333334,0.6622222222222223,0.8244444444444444,0.45555555555555555,0.20444444444444446,0.8533333333333334,매출 전분기 대비 +4.1%; 건수 +11.3%; 건당금액 -6.4%; 최대 업종 한식
109,경상북도 김천시,8105,12472620000.0,724406.0,17217.72044958214,0.41795228267998225,0.03364168875504906,0.03216405213980703,0.09893430570321232,0.021894357400449947,0.19628353946484378,0.19912977385665562,0.2652976545017566,0.11445566211298219,0.16596517263191446,-0.044177572133360266,0.009098197454095514,-0.0034215913452398175,-0.0023160567268768473,-0.0008676005359816441,-0.0017330369026344015,-0.008383860485297712,0.007623948541934933,2026,2,20262,,,0,39.08544733386552,,0,탐색용: 검증 적중률이 무작위 기준을 넘지 못함,ticket_growth=+0.549; share_bakery=+0.172; concentration=+0.120,amount_growth=-0.364; share_change_convenience=-0.261; count_growth=-0.206,0.8777777777777778,0.9533333333333334,0.14,0.015555555555555555,0.5,0.05555555555555555,0.5755555555555556,0.6088888888888889,0.9355555555555556,0.02,0.5466666666666666,0.8888888888888888,0.6288888888888889,0.028888888888888888,0.1288888888888889,0.36,0.29555555555555557,0.35333333333333333,0.7666666666666667,매출 전분기 대비 +11.4%; 건수 +16.6%; 건당금액 -4.4%; 최대 업종 한식
110,광주광역시 광산구,8105,86372530000.0,4978511.0,17349.068828009018,0.4163490406035345,0.02684638275618417,0.01602268684268019,0.09170126196372852,0.029216349225847617,0.2722898125133072,0.14757446609471786,0.2795066599217338,0.08427386974005424,0.16194382725269807,-0.06684484713541328,-0.0005904440745314599,-0.001278006439657673,0.00010666043372093911,0.0018102222073057561,-0.0011239762576833144,-0.010503176079491638,0.011578720210337456,2026,2,20262,,,0,39.01684840470057,,0,탐색용: 검증 적중률이 무작위 기준을 넘지 못함,ticket_growth=+0.776; share_bakery=+0.102; concentration=+0.096,share_change_convenience=-0.383; amount_growth=-0.251; count_growth=-0.200,0.8155555555555556,0.9533333333333334,0.04666666666666667,0.044444444444444446,0.5,0.05333333333333334,0.45111111111111113,0.16666666666666666,0.9111111111111111,0.16666666666666666,0.9,0.3711111111111111,0.4688888888888889,0.26222222222222225,0.5666666666666667,0.8177777777777778,0.37777777777777777,0.29333333333333333,0.8822222222222222,매출 전분기 대비 +8.4%; 건수 +16.2%; 건당금액 -6.7%; 최대 업종 한식
111,인천광역시 동구,8105,5320690000.0,342139.0,15551.25256109359,0.3683901899941549,0.03129105435573206,0.005762410514425761,0.07163168686768069,0.02614322578462568,0.3098977764162167,0.18688365606716423,0.27350036709224057,0.005176364793918253,0.07211930158809743,-0.06243982054517494,0.010557915548583263,-0.0013068195563339727,-0.0013900409854920599,0.006375485148145205,-0.003537747674225055,-0.020307067829989367,0.009608275349311995,2026,2,20262,,,0,38.8553822711095,share_japanese,1,탐색용: 검증 적중률이 무작위 기준을 넘지 못함,ticket_growth=+0.732; share_bakery=+0.131; concentration=+0.106,share_change_western=-0.590; share_change_convenience=-0.322; share_korean=-0.191,0.4711111111111111,0.7422222222222222,0.06,0.03333333333333333,0.5,0.0022222222222222222,0.5444444444444444,0.0,0.8355555555555556,0.04888888888888889,0.98,0.8266666666666667,0.6466666666666666,0.2577777777777778,0.24,0.96,0.14,0.19777777777777777,0.82,매출 전분기 대비 +0.5%; 건수 +7.2%; 건당금액 -6.2%; 최대 업종 한식
112,제주특별자치도 서귀포시,8105,68561670000.0,3051277.0,22469.828206354257,0.46232056482871553,0.029366116665477955,0.03777416740286519,0.12405707153866001,0.030341588820692378,0.16671618413028738,0.14942430661330158,0.2824622396632747,0.11646446982338121,0.16249398042036467,-0.03959548296356685,-0.0018261821879982931,-0.00044663420112065616,0.004143611413519543,0.0012274762455439375,-0.0015941189827905627,-0.0046128077558386105,0.00310865546868469,2026,2,20262,,,0,38.73612358962436,,0,탐색용: 검증 적중률이 무작위 기준을 넘지 못함,ticket_growth=+0.503; share_bakery=+0.091; concentration=+0.091,amount_growth=-0.371; count_growth=-0.201; share_western=-0.144,0.8844444444444445,0.9533333333333334,0.1622222222222222,0.05333333333333334,0.5,0.1688888888888889,0.5133333333333333,0.6888888888888889,0.96,0.20666666666666667,0.3933333333333333,0.3977777777777778,0.44222222222222224,0.44,0.9622222222222222,0.7666666666666667,0.31777777777777777,0.40444444444444444,0.5888888888888889,매출 전분기 대비 +11.6%; 건수 +16.2%; 건당금액 -4.0%; 최대 업종 한식
113,충청북도 진천군,8105,14363450000.0,775450.0,18522.72873815204,0.33483598996062924,0.033206506793284345,0.0138385972729393,0.07402539083576717,0.02178376365009799,0.2856806686415868,0.23662908284569514,0.25697037717186005,0.06790100050780024,0.139300390663452,-0.06266950379440628,0.01903180309905056,-0.00020868424147581222,0.0017487872556681428,0.0023735083688541103,-0.0005274785126404731,-0.0366260382624895,0.014208102293032987,2026,2,20262,,,0,38.719842099411764,share_korean,1,탐색용: 검증 적중률이 무작위 기준을 넘지 못함,ticket_growth=+0.734; share_bakery=+0.173; share_change_korean=+0.162,share_change_convenience=-0.463; share_convenience=-0.247; share_korean=-0.235,0.7755555555555556,0.9,0.06,0.011111111111111112,0.5,0.0,0.5755555555555556,0.08666666666666667,0.8444444444444444,0.02,0.9355555555555556,0.9933333333333333,0.7333333333333333,0.5,0.8244444444444444,0.8666666666666667,0.4777777777777778,0.06888888888888889,0.9311111111111111,매출 전분기 대비 +6.8%; 건수 +13.9%; 건당금액 -6.3%; 최대 업종 한식
114,경기도 의왕시,8105,16740940000.0,874673.0,19139.655619871653,0.5378449477747367,0.026579750002090684,0.022075223971891662,0.13940853978330967,0.027649582400988235,0.10392247986074855,0.14251947620623454,0.3417819097603629,0.12753875612652243,0.14210931787318493,-0.012757589416918291,0.019964628552358032,-0.00397052402024195,-0.0013188812308619624,0.0002953120177787705,-0.001200722670698054,-0.01321507955229069,-0.0005547330960440633,2026,2,20262,,,0,38.593199008269494,,0,탐색용: 검증 적중률이 무작위 기준을 넘지 못함,ticket_growth=+0.234; share_change_korean=+0.173; share_bakery=+0.117,amount_growth=-0.413; count_growth=-0.175; share_western=-0.170,0.9,0.9066666666666666,0.33111111111111113,0.6244444444444445,0.5,0.7133333333333334,0.44,0.35555555555555557,0.9622222222222222,0.10888888888888888,0.14666666666666667,0.30444444444444446,0.7422222222222222,0.015555555555555555,0.26,0.6288888888888889,0.3622222222222222,0.2511111111111111,0.43555555555555553,매출 전분기 대비 +12.8%; 건수 +14.2%; 건당금액 -1.3%; 최대 업종 한식
115,경상북도 울진군,8105,5896000000.0,258021.0,22850.853225125087,0.4987296472184532,0.026775780189959294,0.02858717774762551,0.07254070556309362,0.018595658073270013,0.1844538670284939,0.17031716417910447,0.3189045480895448,0.015011706376532263,0.07408949184715863,-0.055002665903590486,-0.011563356500042865,-0.0017189175100820221,-0.0020783641887468923,0.003147715616805241,-0.0009436615796703553,-0.0012488598686277164,0.014405444030364645,2026,2,20262,,,0,38.45636057548146,,0,탐색용: 검증 적중률이 무작위 기준을 넘지 못함,ticket_growth=+0.657; share_bakery=+0.203; share_chinese=+0.051,share_change_convenience=-0.469; share_change_western=-0.291; share_change_korean=-0.202,0.5333333333333333,0.7444444444444445,0.08666666666666667,0.32666666666666666,0.5,0.39111111111111113,0.44222222222222224,0.52,0.8377777777777777,0.013333333333333334,0.4822222222222222,0.6666666666666666,0.20444444444444446,0.20666666666666667,0.14888888888888888,0.8888888888888888,0.4022222222222222,0.4888888888888889,0.9311111111111111,매출 전분기 대비 +1.5%; 건수 +7.4%; 건당금액 -5.5%; 최대 업종 한식
116,충청북도 청주시 상당구,8105,24452230000.0,1294880.0,18883.780736438897,0.4741669778175651,0.03408482580116415,0.02170722261323405,0.11099519348542035,0.03115339582524784,0.17347088588648152,0.154421498570887,0.2936959162355491,0.09640586543820628,0.14788118727622002,-0.04484377164518072,0.010036805731171716,-0.002767193531483754,-0.0031455159319389095,0.001242644742405652,-0.0014994805540461918,-0.009426563106150143,0.00555930265004162,2026,2,20262,,,0,38.21017488115393,,0,탐색용: 검증 적중률이 무작위 기준을 넘지 못함,ticket_growth=+0.555; share_bakery=+0.083; concentration=+0.072,amount_growth=-0.296; share_change_convenience=-0.198; count_growth=-0.182,0.8577777777777778,0.9222222222222223,0.13777777777777778,0.09555555555555556,0.5,0.22666666666666666,0.58,0.33555555555555555,0.9577777777777777,0.24222222222222223,0.41555555555555557,0.4688888888888889,0.6377777777777778,0.07555555555555556,0.07777777777777778,0.7688888888888888,0.32666666666666666,0.3244444444444444,0.6666666666666666,매출 전분기 대비 +9.6%; 건수 +14.8%; 건당금액 -4.5%; 최대 업종 한식
117,충청북도 영동군,8105,4458350000.0,195447.0,22811.043403070908,0.41217490775735416,0.027494476656162035,0.006186145098522996,0.0749156077921204,0.015110971547769915,0.3282335393138717,0.13588435183419875,0.30272487237845125,0.18706051190295514,0.23871544282617796,-0.04170040118767715,0.019791414537552177,0.0002378941528804364,-0.00013742464312922666,-0.0005784959783246973,0.0006240060891047616,-0.030628377885971725,0.010690983727888237,2026,2,20262,,,0,38.15611080042902,"share_japanese, share_bakery",2,탐색용: 검증 적중률이 무작위 기준을 넘지 못함,ticket_growth=+0.524; share_bakery=+0.237; share_change_korean=+0.171,amount_growth=-0.636; share_change_convenience=-0.355; count_growth=-0.300,0.9466666666666667,0.9933333333333333,0.15333333333333332,0.15555555555555556,0.5,0.044444444444444446,0.48,0.0,0.8466666666666667,0.0,0.9933333333333333,0.23333333333333334,0.74,0.5911111111111111,0.5044444444444445,0.4088888888888889,0.68,0.11333333333333333,0.8533333333333334,매출 전분기 대비 +18.7%; 건수 +23.9%; 건당금액 -4.2%; 최대 업종 한식
118,전라남도 보성군,8105,4917280000.0,201353.0,24421.19064528465,0.5259228679269841,0.03230037744444083,0.003314840724953633,0.08343027039338821,0.03407981648390981,0.23591904467510494,0.08503278235121856,0.3486595791849238,0.17535925653258877,0.16712168373705238,0.007058023949277015,0.031121690005365577,-0.002057263270343425,0.00167990081616607,-0.0008719162192266372,-0.003571606678695008,-0.029364297103824433,0.0030634924505578837,2026,2,20262,,,0,38.031000195484424,share_japanese,1,탐색용: 검증 적중률이 무작위 기준을 넘지 못함,share_change_korean=+0.306; share_convenience=+0.229; share_change_supermarket=+0.097,amount_growth=-0.592; count_growth=-0.207; share_japanese=-0.169,0.94,0.9555555555555556,0.5488888888888889,0.6866666666666666,0.5,0.6422222222222222,0.5688888888888889,0.0,0.88,0.3422222222222222,0.7377777777777778,0.0022222222222222222,0.8577777777777778,0.14666666666666667,0.82,0.36,0.13333333333333333,0.12666666666666668,0.5888888888888889,매출 전분기 대비 +17.5%; 건수 +16.7%; 건당금액 +0.7%; 최대 업종 한식
119,전북특별자치도 전주시 덕진구,8105,32957150000.0,2049748.0,16078.635032208836,0.3936681418144469,0.03293761748209417,0.025331073833750793,0.1266304883765738,0.030887379521590916,0.22157164682018923,0.1689736521513541,0.251336556422785,0.049359838328571604,0.13672993022947577,-0.07686090563592929,0.009438684029519973,-0.00316176319559746,-0.0035122603242418275,0.004492398383002333,-0.0009482897626525849,-0.017779820739019875,0.011471051608989369,2026,2,20262,,,0,37.937618979954195,,0,탐색용: 검증 적중률이 무작위 기준을 넘지 못함,ticket_growth=+0.876; concentration=+0.144; share_bakery=+0.086,share_change_western=-0.416; share_change_convenience=-0.379; count_growth=-0.168,0.7022222222222222,0.8955555555555555,0.022222222222222223,0.0044444444444444444,0.5,0.017777777777777778,0.5733333333333334,0.43555555555555553,0.96,0.2311111111111111,0.6933333333333334,0.6622222222222223,0.6311111111111111,0.04888888888888889,0.05555555555555555,0.9288888888888889,0.4022222222222222,0.2111111111111111,0.8777777777777778,매출 전분기 대비 +4.9%; 건수 +13.7%; 건당금액 -7.7%; 최대 업종 한식
120,경기도 화성시 만세구,8105,55804350000.0,3128048.0,17839.991585806867,0.33211281916194707,0.03240643426542913,0.021340271860527,0.08118076816592255,0.014698854121587295,0.27028609776836393,0.24797475465622304,0.2531569358627375,0.08010523817947934,0.1537499432908147,-0.06383073346142931,0.009697311453345236,-0.0007320178515088926,0.0010182630059028669,0.0008506223785659239,-0.0009002885197725557,-0.025198175538122425,0.015264285071589834,2026,2,20262,,,0,37.53400632974692,"share_korean, share_bakery",2,탐색용: 검증 적중률이 무작위 기준을 넘지 못함,ticket_growth=+0.746; share_bakery=+0.241; concentration=+0.140,share_change_convenience=-0.495; share_convenience=-0.283; share_korean=-0.239,0.8111111111111111,0.9355555555555556,0.05333333333333334,0.011111111111111112,0.5,0.0,0.5688888888888889,0.3288888888888889,0.8733333333333333,0.0,0.8888888888888888,0.9977777777777778,0.6333333333333333,0.37555555555555553,0.7311111111111112,0.72,0.41555555555555557,0.15777777777777777,0.9377777777777778,매출 전분기 대비 +8.0%; 건수 +15.4%; 건당금액 -6.4%; 최대 업종 한식
121,경상남도 창녕군,8105,7725830000.0,361292.0,21383.89446763283,0.42405411457409753,0.03193961037196003,0.007617304548508057,0.06883920562580331,0.012267937554929373,0.303960868929293,0.15132095839540866,0.3010796349395183,0.07377314618563102,0.12460935068169077,-0.04520343394374693,0.004164273947998676,-0.005523749753015124,-0.001823934751397572,0.0036608811434870464,-0.0009745367641492125,-0.005202539701386788,0.005699605878462938,2026,2,20262,,,0,37.15672037002689,"share_japanese, share_bakery",2,탐색용: 검증 적중률이 무작위 기준을 넘지 못함,ticket_growth=+0.559; share_bakery=+0.264; share_supermarket=+0.063,share_change_western=-0.339; amount_growth=-0.211; share_change_convenience=-0.203,0.7933333333333333,0.8733333333333333,0.13555555555555557,0.1511111111111111,0.5,0.06888888888888889,0.5577777777777778,0.0,0.8333333333333334,0.0,0.9755555555555555,0.4288888888888889,0.5733333333333334,0.011111111111111112,0.18444444444444444,0.9044444444444445,0.3933333333333333,0.3977777777777778,0.6733333333333333,매출 전분기 대비 +7.4%; 건수 +12.5%; 건당금액 -4.5%; 최대 업종 한식
122,경기도 시흥시,8105,87991900000.0,5152149.0,17078.679207453046,0.3758734610799403,0.05137609257215721,0.022670382160176108,0.08102211680847896,0.023786280328075653,0.24281746388019806,0.20245420317097368,0.2515127035502625,0.044337390008094335,0.1077053167672537,-0.05720648425169028,0.010423796841581567,-0.0016149039361116196,0.0025484208089639714,0.004885523893061461,-0.0013032679781617498,-0.022856397509230825,0.00791682787989717,2026,2,20262,,,0,37.03650745981644,,0,탐색용: 검증 적중률이 무작위 기준을 넘지 못함,ticket_growth=+0.679; share_bakery=+0.154; concentration=+0.143,share_change_western=-0.452; share_change_convenience=-0.270; share_korean=-0.181,0.6866666666666666,0.8222222222222222,0.07777777777777778,0.0044444444444444444,0.5,0.008888888888888889,0.8377777777777777,0.37333333333333335,0.8733333333333333,0.024444444444444446,0.7533333333333333,0.9066666666666666,0.6444444444444445,0.21777777777777776,0.8955555555555555,0.9333333333333333,0.3466666666666667,0.17555555555555555,0.7733333333333333,매출 전분기 대비 +4.4%; 건수 +10.8%; 건당금액 -5.7%; 최대 업종 한식
123,경상남도 통영시,8105,21979650000.0,989055.0,22222.879415199357,0.5041376910005392,0.02321192557661291,0.024455803436360453,0.08803961846526219,0.02384569363024434,0.18230818052152786,0.15400108736945312,0.3205638904183076,0.16736685007754248,0.20028324623976657,-0.027423857048196165,0.0002759714704675398,-0.0015825338570086382,0.005818532080323829,-0.0005956346629908682,0.001643594673349437,-0.0077504543067103415,0.0021905246025690495,2026,2,20262,,,0,36.85443318775738,,0,탐색용: 검증 적중률이 무작위 기준을 넘지 못함,ticket_growth=+0.381; share_bakery=+0.153; share_chinese=+0.073,amount_growth=-0.562; count_growth=-0.250; share_change_convenience=-0.095,0.9355555555555556,0.9866666666666667,0.22,0.3377777777777778,0.5,0.4288888888888889,0.2288888888888889,0.4177777777777778,0.8933333333333333,0.024444444444444446,0.4688888888888889,0.46,0.4888888888888889,0.22,0.9844444444444445,0.4088888888888889,0.7844444444444445,0.36,0.5511111111111111,매출 전분기 대비 +16.7%; 건수 +20.0%; 건당금액 -2.7%; 최대 업종 한식
124,전북특별자치도 완주군,8105,11363150000.0,650491.0,17468.573738914143,0.46730792077900934,0.02800455859510787,0.010621174586272292,0.10996422646889287,0.020196864425797423,0.2125290962453193,0.1513761588996009,0.2998571601440852,0.11644013275666576,0.16850822278308208,-0.044559455390398184,0.01762124301653689,-0.0019295543266588389,-0.0012730838254816652,0.004089016948770091,-0.0035700371916094972,-0.019379467502836034,0.004441882881279058,2026,2,20262,,,0,36.70933726400554,,0,탐색용: 검증 적중률이 무작위 기준을 넘지 못함,ticket_growth=+0.553; share_bakery=+0.188; share_change_korean=+0.145,share_change_western=-0.378; amount_growth=-0.371; count_growth=-0.209,0.8844444444444445,0.9555555555555556,0.14,0.14444444444444443,0.5,0.19777777777777777,0.4955555555555556,0.0044444444444444444,0.9577777777777777,0.02,0.6422222222222222,0.4311111111111111,0.7288888888888889,0.16666666666666666,0.26222222222222225,0.9155555555555556,0.13333333333333333,0.20444444444444446,0.6311111111111111,매출 전분기 대비 +11.6%; 건수 +16.9%; 건당금액 -4.5%; 최대 업종 한식
125,서울특별시 중랑구,8105,36808870000.0,2537020.0,14508.703124137768,0.42686776312339936,0.02234977601866072,0.041512820143622994,0.10453349967005235,0.03265734590602754,0.17641563025433815,0.1956631648838989,0.26583921740364963,0.041578686738635184,0.08862458495710324,-0.04321590644613438,0.011305856475031406,-0.0017996884615950823,-0.0018564974754717856,0.007266135955228986,-0.00157913168986374,-0.015162914999556215,0.0018262401962264585,2026,2,20262,,,0,36.62180170424176,,0,탐색용: 검증 적중률이 무작위 기준을 넘지 못함,ticket_growth=+0.539; concentration=+0.119; share_chinese=+0.078,share_change_western=-0.673; share_convenience=-0.118; share_korean=-0.112,0.6733333333333333,0.7666666666666667,0.14444444444444443,0.017777777777777778,0.5,0.07111111111111111,0.18222222222222223,0.7333333333333333,0.9488888888888889,0.29777777777777775,0.44,0.8688888888888889,0.66,0.18888888888888888,0.17777777777777778,0.9688888888888889,0.31777777777777777,0.23333333333333334,0.5377777777777778,매출 전분기 대비 +4.2%; 건수 +8.9%; 건당금액 -4.3%; 최대 업종 한식
126,경상북도 칠곡군,8105,21304620000.0,1286486.0,16560.32012785215,0.4664288778678052,0.024171283036261617,0.003040185649873126,0.08679525849322824,0.017599938417113284,0.22271695059569238,0.17924750594002614,0.30772507495898094,0.07410255001182264,0.10355990941531701,-0.026693031481273555,0.01217395936845983,-0.0024667336626631522,-0.0004526635379940628,0.0015945431851410868,-0.003234140659016005,-0.01787572460512879,0.010260759911201067,2026,2,20262,,,0,36.533369790146644,share_japanese,1,탐색용: 검증 적중률이 무작위 기준을 넘지 못함,ticket_growth=+0.374; share_bakery=+0.213; share_change_korean=+0.080,share_change_convenience=-0.342; amount_growth=-0.212; share_japanese=-0.171,0.7933333333333333,0.82,0.2222222222222222,0.19333333333333333,0.5,0.19555555555555557,0.28888888888888886,0.0,0.8866666666666667,0.006666666666666667,0.7,0.7711111111111111,0.6666666666666666,0.09777777777777778,0.45111111111111113,0.7955555555555556,0.15333333333333332,0.2111111111111111,0.8444444444444444,매출 전분기 대비 +7.4%; 건수 +10.4%; 건당금액 -2.7%; 최대 업종 한식
127,대전광역시 대덕구,8105,17723240000.0,1113293.0,15919.654574312422,0.4212897867432817,0.02800278052997082,0.021471807637881108,0.08198952336028853,0.03088374360444253,0.23693579729214298,0.17942656083199235,0.27473882898518,0.10011514337056604,0.14710625095953422,-0.0409649128401669,0.005128126692444834,-0.0010319704220569138,-0.0016729409243785576,0.0019583632675531093,0.0005920367203586935,-0.00850083195551457,0.003527216621593443,2026,2,20262,,,0,36.309248920601156,,0,탐색용: 검증 적중률이 무작위 기준을 넘지 못함,ticket_growth=+0.517; concentration=+0.104; share_bakery=+0.086,amount_growth=-0.310; share_change_western=-0.181; count_growth=-0.181,0.86,0.92,0.15555555555555556,0.035555555555555556,0.5,0.06222222222222222,0.4955555555555556,0.3333333333333333,0.8755555555555555,0.2311111111111111,0.7377777777777778,0.7711111111111111,0.5888888888888889,0.30666666666666664,0.20666666666666667,0.8266666666666667,0.6777777777777778,0.3511111111111111,0.6,매출 전분기 대비 +10.0%; 건수 +14.7%; 건당금액 -4.1%; 최대 업종 한식
128,충청북도 청주시 서원구,8105,21661590000.0,1320381.0,16405.56021330207,0.41420089661008264,0.026351251223940626,0.02051234466167996,0.10407453931128786,0.029705575629489802,0.2191658137745198,0.18598957878899933,0.26701723577907616,0.07183381956512269,0.1585755037252372,-0.07486925442598147,0.005128385397722701,-0.002620774284425597,-0.004121694994250025,0.0019356802208645857,-0.0028300604764862937,-0.013178430415439146,0.015686894552013775,2026,2,20262,,,0,36.26603923323327,,0,탐색용: 검증 적중률이 무작위 기준을 넘지 못함,ticket_growth=+0.856; concentration=+0.117; share_bakery=+0.097,share_change_convenience=-0.508; amount_growth=-0.204; count_growth=-0.196,0.7888888888888889,0.9466666666666667,0.02666666666666667,0.02,0.5,0.051111111111111114,0.4288888888888889,0.3022222222222222,0.9488888888888889,0.18666666666666668,0.6888888888888889,0.8177777777777778,0.5888888888888889,0.08444444444444445,0.035555555555555556,0.8266666666666667,0.18,0.2511111111111111,0.9377777777777778,매출 전분기 대비 +7.2%; 건수 +15.9%; 건당금액 -7.5%; 최대 업종 한식
129,경기도 부천시 오정구,8105,19486740000.0,1275191.0,15281.428429152966,0.40494254041466143,0.024070727068765736,0.015832304428549875,0.08338644637327741,0.022034470619508445,0.2661573972865651,0.18357611380867195,0.2767872898283154,0.0508074074633289,0.09975670988278784,-0.04450921006399322,0.007632604444289537,-0.0011388494427034095,-0.00024142940361851495,0.005816444636917273,-0.0024751694147010853,-0.015601007073963613,0.006007406253779768,2026,2,20262,,,0,36.17391529051396,,0,탐색용: 검증 적중률이 무작위 기준을 넘지 못함,ticket_growth=+0.552; share_bakery=+0.170; concentration=+0.100,share_change_western=-0.538; share_change_convenience=-0.212; share_korean=-0.142,0.7044444444444444,0.8066666666666666,0.14,0.042222222222222223,0.5,0.03333333333333333,0.2822222222222222,0.16,0.8777777777777778,0.022222222222222223,0.8777777777777778,0.8044444444444444,0.6111111111111112,0.2822222222222222,0.48,0.9422222222222222,0.2088888888888889,0.2311111111111111,0.6911111111111111,매출 전분기 대비 +5.1%; 건수 +10.0%; 건당금액 -4.5%; 최대 업종 한식
130,부산광역시 해운대구,8105,75820190000.0,4660792.0,16267.66223422972,0.4796639259279092,0.02515029308156574,0.03451363020852361,0.14461662520233726,0.03731037867354329,0.12790801500233645,0.15083713190378448,0.29331954305330815,0.14403503858807531,0.1931966578762303,-0.041201606594890694,-0.008472511753269463,-0.0022378250383225523,-0.003595074273873504,-0.003839580183878477,-0.0001579574974887657,0.013159415393075802,0.005143533353756974,2026,2,20262,,,0,36.03555304224488,,0,탐색용: 검증 적중률이 무작위 기준을 넘지 못함,ticket_growth=+0.519; share_change_western=+0.355; concentration=+0.072,amount_growth=-0.475; count_growth=-0.241; share_change_convenience=-0.186,0.9133333333333333,0.9844444444444445,0.15555555555555556,0.09333333333333334,0.5,0.26,0.36,0.6488888888888888,0.9622222222222222,0.4577777777777778,0.2222222222222222,0.42,0.28,0.1288888888888889,0.05333333333333334,0.07111111111111111,0.5488888888888889,0.8666666666666667,0.6555555555555556,매출 전분기 대비 +14.4%; 건수 +19.3%; 건당금액 -4.1%; 최대 업종 한식
131,경상북도 경주시,8105,50071320000.0,2482329.0,20171.10544170414,0.46416711203139843,0.022435398148081577,0.01773670037059139,0.12102896428534339,0.05001765481716879,0.17445096314616831,0.15016320720124815,0.286400948850651,0.10341091971183825,0.13278630322522944,-0.02593197272049863,0.0151127435362442,-0.0036072337756834875,0.0004935771146651995,0.0006613995241901843,-0.00011338692557068958,-0.01584505037736597,0.0032979509035206134,2026,2,20262,,,0,35.82214145894274,,0,탐색용: 검증 적중률이 무작위 기준을 넘지 못함,ticket_growth=+0.366; share_change_korean=+0.115; concentration=+0.084,amount_growth=-0.322; count_growth=-0.162; share_western=-0.139,0.8644444444444445,0.8933333333333333,0.22666666666666666,0.06666666666666667,0.5,0.1688888888888889,0.18666666666666668,0.23333333333333334,0.96,0.8177777777777778,0.42444444444444446,0.4022222222222222,0.7066666666666667,0.024444444444444446,0.6577777777777778,0.6822222222222222,0.5511111111111111,0.22666666666666666,0.5933333333333334,매출 전분기 대비 +10.3%; 건수 +13.3%; 건당금액 -2.6%; 최대 업종 한식
132,경기도 안산시 상록구,8105,45170960000.0,2910699.0,15518.938921544275,0.3532233983957835,0.02985856399775431,0.014838294337778076,0.07617991736283665,0.026066747308447727,0.28914616824614753,0.21068691035125223,0.26035581392656604,0.053516424081609504,0.12664427337670592,-0.06490766519934643,0.017900702001475866,-0.0003513161763369181,0.0007062677692975822,0.006744235191048317,-0.002089320940800051,-0.03273719081619847,0.009826622971513682,2026,2,20262,,,0,35.773253567445394,,0,탐색용: 검증 적중률이 무작위 기준을 넘지 못함,ticket_growth=+0.756; share_change_korean=+0.148; share_bakery=+0.132,share_change_western=-0.624; share_change_convenience=-0.329; share_korean=-0.211,0.7133333333333334,0.8822222222222222,0.051111111111111114,0.015555555555555555,0.5,0.0022222222222222222,0.5155555555555555,0.11777777777777777,0.8466666666666667,0.04888888888888889,0.9422222222222222,0.94,0.7311111111111112,0.46444444444444444,0.6866666666666666,0.9622222222222222,0.24222222222222223,0.10222222222222223,0.8244444444444444,매출 전분기 대비 +5.4%; 건수 +12.7%; 건당금액 -6.5%; 최대 업종 한식
133,충청남도 논산시,8105,14097630000.0,756837.0,18627.03594036761,0.44162174776895124,0.03255298940318337,0.018494598028179203,0.09479607565243237,0.03199899557585211,0.21495882641266653,0.1655767671587352,0.2800647099302249,0.09631800744532848,0.1381298469284178,-0.03673731920477352,0.0021591738814150663,-0.0029557993350379785,-0.002898861996534871,-0.0006999438886386433,-0.00021406493318936598,-0.003263020112782039,0.00787251638476788,2026,2,20262,,,0,35.68135268660964,,0,탐색용: 검증 적중률이 무작위 기준을 넘지 못함,ticket_growth=+0.474; concentration=+0.095; share_bakery=+0.075,amount_growth=-0.296; share_change_convenience=-0.269; count_growth=-0.169,0.8577777777777778,0.8977777777777778,0.17777777777777778,0.04666666666666667,0.5,0.09333333333333334,0.5711111111111111,0.2511111111111111,0.9288888888888889,0.27555555555555555,0.6688888888888889,0.5911111111111111,0.5311111111111111,0.06222222222222222,0.08888888888888889,0.39111111111111113,0.5422222222222223,0.43333333333333335,0.7688888888888888,매출 전분기 대비 +9.6%; 건수 +13.8%; 건당금액 -3.7%; 최대 업종 한식
134,경기도 부천시 원미구,8105,52504980000.0,3390999.0,15483.631814695316,0.4383334685586015,0.03824227720875239,0.04373642271647375,0.1170753707553074,0.0324934891890255,0.15702339092406092,0.17309558064777855,0.2648924707110117,0.05468939731925393,0.11065988151865991,-0.05039390107696584,0.0016724069506962036,0.002368762848961453,-0.0012455297442448,0.006083154830043833,-0.0028248089809506036,-0.010201337649746567,0.004147351745240474,2026,2,20262,,,0,35.611081202165174,,0,탐색용: 검증 적중률이 무작위 기준을 넘지 못함,ticket_growth=+0.611; concentration=+0.121; share_bakery=+0.070,share_change_western=-0.563; share_change_convenience=-0.155; amount_growth=-0.140,0.7177777777777777,0.8333333333333334,0.1,0.015555555555555555,0.5,0.08,0.6044444444444445,0.7466666666666667,0.96,0.29777777777777775,0.3466666666666667,0.6955555555555556,0.52,0.9044444444444445,0.2688888888888889,0.9511111111111111,0.18,0.3,0.6266666666666667,매출 전분기 대비 +5.5%; 건수 +11.1%; 건당금액 -5.0%; 최대 업종 한식
135,경기도 안성시,8105,33814370000.0,2075927.0,16288.804953160685,0.42712077734998466,0.034931007142821234,0.013077280457982805,0.08997299077285781,0.01651250636933351,0.18021214057810334,0.23817329732891668,0.2813940860757244,0.11921453936918347,0.1781985867930418,-0.05006290797242241,0.018684757796546825,-0.0013144785967330389,0.0001240712164050379,0.00038285632890580623,-0.0009275740739518867,-0.028341975437769507,0.011392342766596786,2026,2,20262,,,0,35.45019330416121,share_bakery,1,탐색용: 검증 적중률이 무작위 기준을 넘지 못함,ticket_growth=+0.608; share_bakery=+0.223; share_change_korean=+0.158,amount_growth=-0.382; share_change_convenience=-0.377; share_convenience=-0.252,0.8888888888888888,0.9733333333333334,0.1,0.05333333333333334,0.5,0.07111111111111111,0.5844444444444444,0.07777777777777778,0.9022222222222223,0.0,0.4622222222222222,0.9933333333333333,0.7333333333333333,0.25555555555555554,0.5711111111111111,0.6511111111111111,0.4088888888888889,0.14,0.8733333333333333,매출 전분기 대비 +11.9%; 건수 +17.8%; 건당금액 -5.0%; 최대 업종 한식
136,전라남도 화순군,8105,9143380000.0,411799.0,22203.502194031553,0.5487073707972325,0.02768013579223438,0.0076405005588742895,0.13353376978754028,0.031191966209432397,0.150354682841575,0.10089157401311112,0.35349419272239424,0.15087070077724274,0.1503986456662998,0.00041034046130117297,0.03137957571242811,-0.004309542926416301,-0.0007046330199041483,0.004526563770988479,-0.002353456868700962,-0.018812377166606498,-0.009726129501788652,2026,2,20262,,,0,35.36504019496679,share_japanese,1,탐색용: 검증 적중률이 무작위 기준을 넘지 못함,share_change_korean=+0.309; share_change_convenience=+0.270; share_convenience=+0.180,amount_growth=-0.500; share_change_western=-0.419; count_growth=-0.185,0.9222222222222223,0.9288888888888889,0.4911111111111111,0.7133333333333334,0.5,0.7666666666666667,0.4866666666666667,0.0,0.96,0.24222222222222223,0.3088888888888889,0.03777777777777778,0.86,0.015555555555555555,0.4066666666666667,0.9288888888888889,0.22444444444444445,0.20666666666666667,0.26222222222222225,매출 전분기 대비 +15.1%; 건수 +15.0%; 건당금액 +0.0%; 최대 업종 한식
137,부산광역시 강서구,8105,35070450000.0,2192293.0,15997.154577421905,0.42225463317408246,0.03120205186987906,0.032557323900890923,0.17091483000645843,0.02363784895831106,0.13400683481392453,0.18542647727645353,0.2624439598889712,0.06243698772230011,0.11704302384710785,-0.048884452039048676,0.007295760803027407,-0.00032529303509357815,-0.00032569380555910743,0.0019210512571067317,0.00033572689868205385,-0.02331755481522399,0.014416002697060476,2026,2,20262,,,0,35.299628293238364,,0,탐색용: 검증 적중률이 무작위 기준을 넘지 못함,ticket_growth=+0.596; share_bakery=+0.155; concentration=+0.125,share_change_convenience=-0.469; share_western=-0.222; share_change_western=-0.178,0.7533333333333333,0.8644444444444445,0.1111111111111111,0.015555555555555555,0.5,0.06222222222222222,0.54,0.6155555555555555,0.9955555555555555,0.024444444444444446,0.2577777777777778,0.8111111111111111,0.6066666666666667,0.47333333333333333,0.4711111111111111,0.8244444444444444,0.6422222222222222,0.17555555555555555,0.9311111111111111,매출 전분기 대비 +6.2%; 건수 +11.7%; 건당금액 -4.9%; 최대 업종 한식
138,경상북도 성주군,8105,4174280000.0,224592.0,18586.05827456009,0.49058999396303077,0.041547284801211226,0.006525676284293339,0.09501518824803319,0.018122885862951216,0.13326849181176154,0.21493047902871873,0.31575923021707375,0.13384996917025904,0.16799800299550682,-0.02923638031714948,0.015149210154213166,-0.0035103138471694675,0.0022312427502271543,-0.001868970697616823,-0.0004048378156480542,-0.018196532050729658,0.006600201506723691,2026,2,20262,,,0,35.045700495388516,share_japanese,1,탐색용: 검증 적중률이 무작위 기준을 넘지 못함,ticket_growth=+0.399; share_bakery=+0.208; share_change_western=+0.173,amount_growth=-0.437; share_change_convenience=-0.230; count_growth=-0.208,0.9,0.9555555555555556,0.21777777777777776,0.29777777777777775,0.5,0.3244444444444444,0.6755555555555556,0.0,0.9288888888888889,0.008888888888888889,0.2577777777777778,0.9511111111111111,0.7066666666666667,0.02666666666666667,0.86,0.19777777777777777,0.5088888888888888,0.2111111111111111,0.7222222222222222,매출 전분기 대비 +13.4%; 건수 +16.8%; 건당금액 -2.9%; 최대 업종 한식
139,충청남도 홍성군,8105,10886450000.0,534209.0,20378.63457935003,0.4366161604563471,0.0360411337029059,0.067486646243725,0.10239977219387404,0.031391316728593806,0.14607149254348295,0.1799934781310712,0.26169274352637245,-0.04671398748852884,0.11829624931180516,-0.14755503016475335,0.0436650714819935,0.0013981589710338749,-0.0897342449709245,0.0074271279021451975,0.002448031661798241,0.007011849393618513,0.02778400556033514,2026,2,20262,,,0,34.57711820413827,"ticket_growth, share_change_japanese, share_change_convenience",3,탐색용: 검증 적중률이 무작위 기준을 넘지 못함,ticket_growth=+1.584; share_change_korean=+0.455; amount_growth=+0.241,share_change_japanese=-1.099; share_change_convenience=-0.879; share_change_western=-0.687,0.21333333333333335,0.8644444444444445,0.0,0.015555555555555555,0.5,0.07555555555555556,0.5866666666666667,0.9355555555555556,0.9444444444444444,0.2511111111111111,0.2822222222222222,0.7733333333333333,0.8977777777777778,0.8022222222222222,0.0,0.9733333333333334,0.86,0.7422222222222222,1.0,매출 전분기 대비 -4.7%; 건수 +11.8%; 건당금액 -14.8%; 최대 업종 한식
140,서울특별시 영등포구,8105,79968020000.0,5005747.0,15975.242056779936,0.42929661132037533,0.08172029268700162,0.0550510066399043,0.1671897090862072,0.02689487622677165,0.08457480877980973,0.15527269525993015,0.2539426414250818,0.04203246317059617,0.10795566094134945,-0.05949985192976337,0.003202023390764086,-0.005750315132539999,-0.0005461962083274721,0.002396866542292403,-0.0013392083432213174,-0.008587310962418646,0.010624140713450914,2026,2,20262,,,0,34.51094906902921,,0,탐색용: 검증 적중률이 무작위 기준을 넘지 못함,ticket_growth=+0.702; concentration=+0.139; share_japanese=+0.130,share_change_convenience=-0.353; share_chinese=-0.290; share_change_western=-0.222,0.6777777777777778,0.8222222222222222,0.06666666666666667,0.011111111111111112,0.5,0.07333333333333333,0.9866666666666667,0.8644444444444445,0.9955555555555555,0.06888888888888889,0.035555555555555556,0.47555555555555556,0.5555555555555556,0.008888888888888889,0.4288888888888889,0.8666666666666667,0.3422222222222222,0.3466666666666667,0.8533333333333334,매출 전분기 대비 +4.2%; 건수 +10.8%; 건당금액 -5.9%; 최대 업종 한식
141,서울특별시 노원구,8105,43842980000.0,3132831.0,13994.684041367058,0.38730898310288214,0.029331491609375093,0.04370140898269233,0.1450882216491671,0.038247172067227185,0.18688670341295233,0.16943601917570383,0.23892704067842024,0.03435675946540795,0.11499361148580123,-0.07232046102303613,0.0052580997009856745,-0.0033077483788193224,0.001839230955664517,0.00817856293774552,-0.0017238471508248879,-0.01806668881777282,0.007822390753021352,2026,2,20262,,,0,34.46226247974569,,0,탐색용: 검증 적중률이 무작위 기준을 넘지 못함,ticket_growth=+0.831; concentration=+0.165; share_japanese=+0.064,share_change_western=-0.757; share_change_convenience=-0.268; share_western=-0.179,0.6288888888888889,0.8577777777777778,0.03333333333333333,0.0022222222222222222,0.5,0.015555555555555555,0.5133333333333333,0.7466666666666667,0.9622222222222222,0.4911111111111111,0.5088888888888888,0.6644444444444444,0.5888888888888889,0.03777777777777778,0.8311111111111111,0.9777777777777777,0.29555555555555557,0.2111111111111111,0.7666666666666667,매출 전분기 대비 +3.4%; 건수 +11.5%; 건당금액 -7.2%; 최대 업종 한식
142,울산광역시 울주군,8105,36617990000.0,2063161.0,17748.488847937704,0.47111815804198975,0.028297020125899866,0.016750782880218165,0.10870749596031896,0.027628496266452637,0.14771291378909657,0.19978513293602407,0.2973474866382211,0.16313683013521962,0.20403504092991165,-0.033967625031166016,-0.0013957466848232847,-0.002058324657326159,0.0006165351648497498,-0.004637865371993677,-0.0019778514676565863,0.002861394989524757,0.006591858027425207,2026,2,20262,,,0,34.44266048435238,,0,탐색용: 검증 적중률이 무작위 기준을 넘지 못함,ticket_growth=+0.447; share_change_western=+0.429; share_bakery=+0.117,amount_growth=-0.546; count_growth=-0.255; share_change_convenience=-0.230,0.9333333333333333,0.9888888888888889,0.19777777777777777,0.12222222222222222,0.5,0.21555555555555556,0.5044444444444445,0.20222222222222222,0.9533333333333334,0.10666666666666667,0.29555555555555557,0.8933333333333333,0.4444444444444444,0.14666666666666667,0.6711111111111111,0.05555555555555555,0.26666666666666666,0.6244444444444445,0.7222222222222222,매출 전분기 대비 +16.3%; 건수 +20.4%; 건당금액 -3.4%; 최대 업종 한식
143,경기도 수원시 장안구,8105,29381010000.0,1963266.0,14965.374024711884,0.3858955155047427,0.04296380553289353,0.03408766410684997,0.1268152456297452,0.03067117161731336,0.178325728080825,0.20124086952763026,0.2412439864731052,0.05272132364585924,0.14169524879536355,-0.07793141404712278,0.018293423319908686,-0.001382257718506169,-0.0007899657249138894,0.006309670124846872,-0.003144815581347455,-0.033827231583920925,0.014541177163932911,2026,2,20262,,,0,34.3756747963177,,0,탐색용: 검증 적중률이 무작위 기준을 넘지 못함,ticket_growth=+0.887; concentration=+0.161; share_change_korean=+0.153,share_change_western=-0.584; share_change_convenience=-0.473; count_growth=-0.174,0.7111111111111111,0.9066666666666666,0.02,0.0022222222222222222,0.5,0.013333333333333334,0.7022222222222222,0.6444444444444445,0.96,0.21777777777777776,0.45555555555555555,0.9022222222222223,0.7333333333333333,0.2511111111111111,0.39111111111111113,0.96,0.15777777777777777,0.08888888888888889,0.9311111111111111,매출 전분기 대비 +5.3%; 건수 +14.2%; 건당금액 -7.8%; 최대 업종 한식
144,대전광역시 서구,8105,44711950000.0,2852934.0,15672.269319935196,0.4401718108917191,0.0334581694602897,0.0361681832261845,0.13231898854780433,0.03938343105143032,0.13265245644620732,0.1858469603763647,0.2673739459392554,0.06659499091966725,0.13232875363957053,-0.0580518356604649,0.004445609700743924,-0.0033963164483172825,-0.002157905799482558,0.004292141392478271,-0.0025650105974426435,-0.0035828302062879958,0.0029643119583082356,2026,2,20262,,,0,34.365019918638126,,0,탐색용: 검증 적중률이 무작위 기준을 넘지 못함,ticket_growth=+0.688; concentration=+0.116; share_japanese=+0.021,share_change_western=-0.397; amount_growth=-0.184; count_growth=-0.162,0.7733333333333333,0.8911111111111111,0.07111111111111111,0.02,0.5,0.08666666666666667,0.5755555555555556,0.6733333333333333,0.96,0.5355555555555556,0.25333333333333335,0.8155555555555556,0.5755555555555556,0.028888888888888888,0.14444444444444443,0.9244444444444444,0.19777777777777777,0.42444444444444446,0.5822222222222222,매출 전분기 대비 +6.7%; 건수 +13.2%; 건당금액 -5.8%; 최대 업종 한식
145,강원특별자치도 양양군,8105,7564170000.0,290493.0,26039.07839431587,0.4999372039496733,0.017974212636680562,0.07561041065972869,0.09383316345349192,0.024003955490159528,0.12684405559367387,0.16179699821659216,0.3076257499272728,0.29004128926189265,0.307902533024772,-0.013656402760817143,0.016129723447380284,-0.003533382643279733,0.006232171345734172,-0.0019268847087862973,-0.00513047081763222,-0.014219914622118385,0.0024487579987022,2026,2,20262,,,0,34.31053204175524,count_growth,1,탐색용: 검증 적중률이 무작위 기준을 넘지 못함,share_japanese=+0.249; ticket_growth=+0.243; share_change_western=+0.178,amount_growth=-1.023; count_growth=-0.391; share_change_convenience=-0.103,0.9933333333333333,1.0,0.32666666666666666,0.19333333333333333,0.5,0.39555555555555555,0.07555555555555556,0.9688888888888889,0.9266666666666666,0.02666666666666667,0.2222222222222222,0.5377777777777778,0.72,0.02666666666666667,0.9888888888888889,0.19333333333333333,0.06666666666666667,0.23777777777777778,0.5666666666666667,매출 전분기 대비 +29.0%; 건수 +30.8%; 건당금액 -1.4%; 최대 업종 한식
146,경기도 고양시 일산서구,8105,24201300000.0,1550602.0,15607.680113917046,0.4058612553871073,0.03132187113915368,0.020076194254027676,0.11720568729778978,0.04500047518108531,0.2019883229413296,0.17854619379950665,0.25454771363819456,0.03043318872562284,0.09920320984503705,-0.06256351919597236,0.010596820836750176,-0.0012167797386047619,-0.00023587398253174796,0.005687723596893998,-0.0034030139678013077,-0.02217420766664016,0.010745330921933832,2026,2,20262,,,0,34.19929192223968,,0,탐색용: 검증 적중률이 무작위 기준을 넘지 못함,ticket_growth=+0.733; concentration=+0.138; share_change_supermarket=+0.069,share_change_western=-0.526; share_change_convenience=-0.357; share_korean=-0.140,0.6177777777777778,0.8022222222222222,0.06,0.011111111111111112,0.5,0.03333333333333333,0.5444444444444444,0.3,0.96,0.6933333333333334,0.5777777777777777,0.7688888888888888,0.6488888888888888,0.27111111111111114,0.48,0.9377777777777778,0.14222222222222222,0.17777777777777778,0.8533333333333334,매출 전분기 대비 +3.0%; 건수 +9.9%; 건당금액 -6.3%; 최대 업종 한식
147,경기도 군포시,8105,25567290000.0,1736155.0,14726.386756942784,0.4428470909509768,0.035798866442239285,0.03808655512570945,0.12242713248060315,0.03904441964713507,0.12924287243583502,0.19255306291750124,0.2691389620710172,0.05961977293468279,0.10673280972206012,-0.04256947690853141,0.006041024824026131,-0.0026847012865356124,0.0024941454101586186,0.004075739080036028,-0.004050246713395982,-0.010987408963027911,0.005111447648738748,2026,2,20262,,,0,33.88583172353222,,0,탐색용: 검증 적중률이 무작위 기준을 넘지 못함,ticket_growth=+0.533; concentration=+0.113; share_japanese=+0.032,share_change_western=-0.377; share_change_convenience=-0.185; amount_growth=-0.158,0.74,0.8222222222222222,0.1511111111111111,0.022222222222222223,0.5,0.09555555555555556,0.5866666666666667,0.6911111111111111,0.96,0.5133333333333333,0.2311111111111111,0.8511111111111112,0.5977777777777777,0.08222222222222222,0.8822222222222222,0.9111111111111111,0.1,0.28444444444444444,0.6533333333333333,매출 전분기 대비 +6.0%; 건수 +10.7%; 건당금액 -4.3%; 최대 업종 한식
148,부산광역시 북구,8105,45598620000.0,2891466.0,15770.069577162589,0.47680587701996247,0.02681813616289265,0.03638640818515999,0.109915607095127,0.04183043258765287,0.16811758776910354,0.14012595118010152,0.29111705877363503,0.20223749496745547,0.23861384993469525,-0.029368600205106232,-0.002391489156540305,-0.0013501389405727732,0.0021664242312977727,-0.0033138086445891335,-0.0030346846749171527,0.004439072640622377,0.0034846245446992496,2026,2,20262,,,0,33.4573731523453,,0,탐색용: 검증 적중률이 무작위 기준을 넘지 못함,ticket_growth=+0.401; share_change_western=+0.307; concentration=+0.076,amount_growth=-0.693; count_growth=-0.300; share_change_convenience=-0.135,0.9533333333333334,0.9933333333333333,0.21777777777777776,0.08666666666666667,0.5,0.24444444444444444,0.4488888888888889,0.6777777777777778,0.9577777777777777,0.5977777777777777,0.39555555555555555,0.2777777777777778,0.43555555555555553,0.2511111111111111,0.8577777777777778,0.09333333333333334,0.16444444444444445,0.6822222222222222,0.6,매출 전분기 대비 +20.2%; 건수 +23.9%; 건당금액 -2.9%; 최대 업종 한식
149,경기도 김포시,8105,60728660000.0,3472877.0,17486.556535114833,0.36440504368118776,0.031152342238409344,0.026005513706378505,0.11578371727615923,0.028311344264800177,0.2270713695971556,0.20727066923590937,0.24316772964695538,0.05149204178011324,0.11615170173364775,-0.057930888653489276,0.008576994905978796,-0.003071682625346451,0.00039324804857546886,0.004560311409109327,-0.0030815714694035004,-0.018534403088207946,0.011157102819294273,2026,2,20262,,,0,33.44597749527147,,0,탐색용: 검증 적중률이 무작위 기준을 넘지 못함,ticket_growth=+0.686; concentration=+0.157; share_bakery=+0.110,share_change_western=-0.422; share_change_convenience=-0.370; share_korean=-0.196,0.7066666666666667,0.86,0.07111111111111111,0.0022222222222222222,0.5,0.0022222222222222222,0.5377777777777778,0.44666666666666666,0.96,0.13333333333333333,0.7177777777777777,0.92,0.6244444444444445,0.05555555555555555,0.6355555555555555,0.9288888888888889,0.1622222222222222,0.2088888888888889,0.8644444444444445,매출 전분기 대비 +5.1%; 건수 +11.6%; 건당금액 -5.8%; 최대 업종 한식
150,울산광역시 동구,8105,27989070000.0,1580486.0,17709.154019712925,0.42568295409600965,0.03028932365384059,0.014108364443691769,0.08328429633424762,0.028789095171793847,0.24707216066843235,0.1707738056319842,0.28029589776668834,0.130988955216764,0.18706972566091196,-0.04724302981690842,-0.0046223341702871235,-0.0014254847121190246,-0.0015748802407057616,-0.000307413996885747,-0.00014037346393923691,0.002468983692075627,0.0056015028918612875,2026,2,20262,,,0,33.43890757370864,,0,탐색용: 검증 적중률이 무작위 기준을 넘지 못함,ticket_growth=+0.579; share_bakery=+0.106; concentration=+0.094,amount_growth=-0.426; count_growth=-0.233; share_change_convenience=-0.200,0.9,0.9777777777777777,0.12,0.04888888888888889,0.5,0.07111111111111111,0.5244444444444445,0.09111111111111111,0.8777777777777778,0.14888888888888888,0.7688888888888888,0.6711111111111111,0.37777777777777777,0.24222222222222223,0.2088888888888889,0.4666666666666667,0.5511111111111111,0.6088888888888889,0.6688888888888889,매출 전분기 대비 +13.1%; 건수 +18.7%; 건당금액 -4.7%; 최대 업종 한식
151,강원특별자치도 동해시,8105,14095690000.0,657730.0,21430.815076095056,0.3811243011161568,0.03350385827157096,0.03617772524793039,0.1098016485890368,0.021283810867009704,0.24879732741000973,0.16931132849828565,0.2507629079465862,0.0829393353175365,0.10640294982471965,-0.021207114922190184,0.0178168996899275,-0.005108971645747078,0.004300379122274094,0.0048504111253954985,-0.002902314973677319,-0.027580308356046884,0.008623905037874191,2026,2,20262,,,0,33.38344604106067,,0,탐색용: 검증 적중률이 무작위 기준을 넘지 못함,ticket_growth=+0.319; share_bakery=+0.178; share_change_korean=+0.147,share_change_western=-0.449; share_change_convenience=-0.292; amount_growth=-0.246,0.8133333333333334,0.82,0.26222222222222225,0.0044444444444444444,0.5,0.011111111111111112,0.5755555555555556,0.6733333333333333,0.9577777777777777,0.02,0.7733333333333333,0.6622222222222223,0.7288888888888889,0.011111111111111112,0.9622222222222222,0.9333333333333333,0.1711111111111111,0.14444444444444443,0.7977777777777778,매출 전분기 대비 +8.3%; 건수 +10.6%; 건당금액 -2.1%; 최대 업종 한식
152,경기도 안양시 동안구,8105,36074620000.0,2371265.0,15213.238503499188,0.4440761953972072,0.03959958552577962,0.046859814462356084,0.15780873090277875,0.041377289629107666,0.09317215261033934,0.17710623147243132,0.26763097959832605,0.039891313998309696,0.09911153877886636,-0.05388008649818343,0.00022313481277491665,-0.0011677542499992921,0.0003243681360144274,0.0044661693676610326,-0.003220753192669658,-0.008568195540003862,0.0079430306662224,2026,2,20262,,,0,33.17749588779251,,0,탐색용: 검증 적중률이 무작위 기준을 넘지 못함,ticket_growth=+0.646; concentration=+0.116; share_japanese=+0.083,share_change_western=-0.413; share_change_convenience=-0.271; share_western=-0.200,0.6644444444444444,0.8022222222222222,0.09333333333333334,0.02,0.5,0.09777777777777778,0.6222222222222222,0.7911111111111111,0.9755555555555555,0.5866666666666667,0.057777777777777775,0.7555555555555555,0.4888888888888889,0.28,0.6311111111111111,0.9266666666666666,0.15333333333333332,0.3466666666666667,0.7777777777777778,매출 전분기 대비 +4.0%; 건수 +9.9%; 건당금액 -5.4%; 최대 업종 한식
153,경기도 화성시 동탄구,8105,32846540000.0,2094875.0,15679.474909004117,0.3779061660680242,0.03957859792842716,0.05463193383534461,0.19671752336775805,0.041748080619754775,0.07679317212710988,0.2126245260535813,0.2389112505610346,0.07221762859234815,0.14329413883529862,-0.06216817512539485,0.0037244913977780847,-0.003666845645929742,0.00481866951418209,0.003133618315204062,-0.001398127492026141,-0.011545649079639037,0.004933842990430648,2026,2,20262,,,0,32.971145821135586,share_western,1,탐색용: 검증 적중률이 무작위 기준을 넘지 못함,ticket_growth=+0.729; concentration=+0.165; share_japanese=+0.128,share_change_western=-0.290; share_western=-0.265; amount_growth=-0.205,0.7888888888888889,0.9155555555555556,0.06,0.0022222222222222222,0.5,0.011111111111111112,0.6222222222222222,0.8622222222222222,1.0,0.5955555555555555,0.03111111111111111,0.9466666666666667,0.5666666666666667,0.022222222222222223,0.9711111111111111,0.8888888888888888,0.3333333333333333,0.27555555555555555,0.6444444444444445,매출 전분기 대비 +7.2%; 건수 +14.3%; 건당금액 -6.2%; 최대 업종 한식
154,인천광역시 미추홀구,8105,42430480000.0,3027477.0,14015.128768938624,0.38228792132448186,0.031845739195031496,0.026006776260838905,0.10124419992420543,0.02955705426853526,0.18970772897219168,0.23935058005471538,0.2522362883865934,-0.003999683574537283,0.0719331944205941,-0.07083732306300572,-0.002158452658021337,-0.0008775361746968663,-0.0011797577230914687,0.0061881599888707756,-0.002309196350290133,-0.011477598933083505,0.0118143818503125,2026,2,20262,,,0,32.93527293627709,,0,탐색용: 검증 적중률이 무작위 기준을 넘지 못함,ticket_growth=+0.816; concentration=+0.142; share_bakery=+0.098,share_change_western=-0.573; share_change_convenience=-0.390; share_convenience=-0.256,0.4066666666666667,0.7422222222222222,0.035555555555555556,0.008888888888888889,0.5,0.011111111111111112,0.5555555555555556,0.44666666666666666,0.94,0.17777777777777778,0.52,0.9955555555555555,0.44222222222222224,0.3333333333333333,0.28,0.9577777777777777,0.2288888888888889,0.27555555555555555,0.8822222222222222,매출 전분기 대비 -0.4%; 건수 +7.2%; 건당금액 -7.1%; 최대 업종 한식
155,경기도 파주시,8105,61504700000.0,3178703.0,19348.992340586712,0.3806229442627962,0.029433685555738016,0.02185556550962772,0.1363739681682863,0.02703289342115318,0.21787700777338967,0.1868039353090089,0.2479125705723216,0.05751477914416969,0.11158036455829001,-0.048638485473431636,0.006533240162050091,-0.002982425542573084,-0.001247733237304434,0.004710543725983868,-0.0025663167530466,-0.011171958468847637,0.006724650113737823,2026,2,20262,,,0,32.90270031295204,,0,탐색용: 검증 적중률이 무작위 기준을 넘지 못함,ticket_growth=+0.593; concentration=+0.149; share_bakery=+0.123,share_change_western=-0.436; share_change_convenience=-0.234; share_korean=-0.174,0.7333333333333333,0.8355555555555556,0.11333333333333333,0.0022222222222222222,0.5,0.011111111111111112,0.5133333333333333,0.34444444444444444,0.9622222222222222,0.07777777777777778,0.68,0.8266666666666667,0.6,0.06222222222222222,0.2688888888888889,0.9288888888888889,0.19777777777777777,0.28,0.7288888888888889,매출 전분기 대비 +5.8%; 건수 +11.2%; 건당금액 -4.9%; 최대 업종 한식
156,충청남도 서산시,8105,20579880000.0,1064308.0,19336.395103672996,0.44481406111211536,0.03948030795126113,0.021522963204838902,0.09509141938631323,0.023815979490648148,0.15261750797380744,0.22265776088101583,0.2823596427647814,0.14551906287311,0.18333097995701664,-0.03195379629567385,0.01463463437594531,-0.0035637402409734523,0.0013627120575041424,-0.0002187715068127788,-0.003637674864492662,-0.012438947297531311,0.0038617874763608173,2026,2,20262,,,0,32.88218104837269,,0,탐색용: 검증 적중률이 무작위 기준을 넘지 못함,ticket_growth=+0.426; share_bakery=+0.153; share_change_korean=+0.110,amount_growth=-0.480; count_growth=-0.228; share_convenience=-0.203,0.9133333333333333,0.9733333333333334,0.20444444444444446,0.05333333333333334,0.5,0.09777777777777778,0.62,0.3333333333333333,0.9311111111111111,0.024444444444444446,0.3244444444444444,0.9755555555555555,0.7022222222222222,0.02666666666666667,0.7755555555555556,0.4822222222222222,0.1288888888888889,0.25333333333333335,0.62,매출 전분기 대비 +14.6%; 건수 +18.3%; 건당금액 -3.2%; 최대 업종 한식
157,서울특별시 금천구,8105,32645740000.0,2644457.0,12344.969118423933,0.37199340557144667,0.048668524591569985,0.02421663592248177,0.11920789665052775,0.03056723480613397,0.19244501732844776,0.21290128512939208,0.23884108490179456,0.011695047408669001,0.07225220008887945,-0.056476594475805886,7.08783652297873e-05,-0.001187123479791559,0.0018411572802452258,0.005215118585574954,-0.00154130743152546,-0.012924576911854502,0.008525853592121518,2026,2,20262,,,0,32.61763378479536,,0,탐색용: 검증 적중률이 무작위 기준을 넘지 못함,ticket_growth=+0.672; concentration=+0.165; share_bakery=+0.089,share_change_western=-0.483; share_change_convenience=-0.289; share_korean=-0.186,0.5177777777777778,0.7422222222222222,0.07777777777777778,0.0022222222222222222,0.5,0.0022222222222222222,0.7888888888888889,0.41555555555555557,0.96,0.21777777777777776,0.5333333333333333,0.9466666666666667,0.4866666666666667,0.2733333333333333,0.8311111111111111,0.9333333333333333,0.32222222222222224,0.2511111111111111,0.7933333333333333,매출 전분기 대비 +1.2%; 건수 +7.2%; 건당금액 -5.6%; 최대 업종 한식
158,광주광역시 북구,8105,84406130000.0,5343790.0,15795.180948353134,0.40908580928896987,0.02634702005648168,0.015379925604929404,0.0974071432963459,0.03822838459718506,0.2752811910698903,0.13827052608619778,0.2741299404341578,0.12272262810811307,0.19254034912633622,-0.05854537422517592,-0.0008005618747966015,-0.001623768928759848,-0.0003788161644753263,0.0012969616599342315,-0.0016152650185497913,-0.007583528284468677,0.010704978611116023,2026,2,20262,,,0,32.56825668565379,,0,탐색용: 검증 적중률이 무작위 기준을 넘지 못함,ticket_growth=+0.693; concentration=+0.105; share_convenience=+0.062,amount_growth=-0.395; share_change_convenience=-0.356; count_growth=-0.240,0.8911111111111111,0.9844444444444445,0.06666666666666667,0.03333333333333333,0.5,0.03777777777777778,0.4288888888888889,0.13777777777777778,0.9333333333333333,0.4888888888888889,0.9133333333333333,0.2577777777777778,0.4622222222222222,0.21777777777777776,0.4688888888888889,0.7755555555555556,0.31555555555555553,0.36,0.8533333333333334,매출 전분기 대비 +12.3%; 건수 +19.3%; 건당금액 -5.9%; 최대 업종 한식
159,서울특별시 도봉구,8105,24578940000.0,1644379.0,14947.247562757733,0.41655254457678,0.02539287699144064,0.03681444358462977,0.11511806448935552,0.036080481908495644,0.18908870764971963,0.18095288079957883,0.25856857822857104,0.06674380422106774,0.09600277803327506,-0.026696076322645146,0.020073905762383604,-0.0010034436687364617,-0.0012097991920791418,0.00844038561218434,-0.0035986304946068123,-0.022084461675169087,-0.0006179563439764335,2026,2,20262,,,0,32.48836321124994,,0,탐색용: 검증 적중률이 무작위 기준을 넘지 못함,ticket_growth=+0.374; share_change_korean=+0.174; concentration=+0.131,share_change_western=-0.781; amount_growth=-0.185; share_western=-0.129,0.7733333333333333,0.7933333333333333,0.2222222222222222,0.013333333333333334,0.5,0.05333333333333334,0.37777777777777777,0.68,0.96,0.4088888888888889,0.52,0.78,0.7466666666666667,0.30666666666666664,0.27555555555555555,0.98,0.13111111111111112,0.17777777777777778,0.4311111111111111,매출 전분기 대비 +6.7%; 건수 +9.6%; 건당금액 -2.7%; 최대 업종 한식
160,서울특별시 마포구,8105,76074790000.0,4755997.0,15995.5504597669,0.3816106492045525,0.04616627926281492,0.08450276366191743,0.2453046534863915,0.0317896375395844,0.06426189280312176,0.14636412404161747,0.24163573174388076,0.020913245820618487,0.09820945102654699,-0.07038384629969818,-0.004761829018700592,-0.004301664643768875,-0.0029962181059911414,0.006736665576077522,-0.002568163648100301,-0.0014084743012516276,0.009299684141735015,2026,2,20262,,,0,32.47752995741582,"share_western, share_supermarket",2,탐색용: 검증 적중률이 무작위 기준을 넘지 못함,ticket_growth=+0.811; share_japanese=+0.301; concentration=+0.160,share_change_western=-0.624; share_western=-0.346; share_change_convenience=-0.313,0.5711111111111111,0.7977777777777778,0.035555555555555556,0.0022222222222222222,0.5,0.011111111111111112,0.7555555555555555,0.9977777777777778,1.0,0.2644444444444444,0.0,0.35333333333333333,0.3711111111111111,0.015555555555555555,0.08,0.9622222222222222,0.19777777777777777,0.4822222222222222,0.8111111111111111,매출 전분기 대비 +2.1%; 건수 +9.8%; 건당금액 -7.0%; 최대 업종 한식
161,경기도 성남시 중원구,8105,23160350000.0,1562842.0,14819.380334032487,0.41668066328876724,0.03881979331055014,0.029717599259078555,0.08326255864008963,0.029023309233236975,0.18806840138426234,0.21442767488401515,0.2651368447227034,0.007393530421650363,0.07526442276268375,-0.06312018783868267,-0.001099911795496289,-0.0012087055783324696,-0.0004493793497911576,0.007868382730784995,7.945143538509378e-05,-0.012550814400433596,0.007360976957883458,2026,2,20262,,,0,32.3878794819827,,0,탐색용: 검증 적중률이 무작위 기준을 넘지 못함,ticket_growth=+0.738; concentration=+0.120; share_bakery=+0.103,share_change_western=-0.728; share_change_convenience=-0.253; share_convenience=-0.177,0.4822222222222222,0.7444444444444445,0.05555555555555555,0.015555555555555555,0.5,0.05333333333333334,0.6111111111111112,0.56,0.8777777777777778,0.15555555555555556,0.5155555555555555,0.9488888888888889,0.4488888888888889,0.27111111111111114,0.45111111111111113,0.9777777777777777,0.5911111111111111,0.2511111111111111,0.7511111111111111,매출 전분기 대비 +0.7%; 건수 +7.5%; 건당금액 -6.3%; 최대 업종 한식
162,경기도 평택시,8105,90715420000.0,5580442.0,16255.956069429625,0.36549706764296525,0.03654549579332819,0.023426777939186082,0.10199776399646278,0.02146525915880674,0.19680766511360473,0.25425997035564624,0.24971818442675414,0.08856614249176631,0.15855812874879605,-0.06041301210550287,0.009515807477641691,-0.002612704420316102,0.0005166556589088697,0.0014416696502606297,-0.0021952100954470075,-0.01955649880450966,0.012890280533461557,2026,2,20262,,,0,32.36033909437212,share_convenience,1,탐색용: 검증 적중률이 무작위 기준을 넘지 못함,ticket_growth=+0.711; share_bakery=+0.176; concentration=+0.146,share_change_convenience=-0.423; share_convenience=-0.303; amount_growth=-0.267,0.8244444444444444,0.9466666666666667,0.06666666666666667,0.0044444444444444444,0.5,0.0022222222222222222,0.5933333333333334,0.4022222222222222,0.9422222222222222,0.02,0.5511111111111111,1.0,0.6311111111111111,0.08444444444444445,0.6622222222222223,0.7866666666666666,0.23777777777777778,0.20444444444444446,0.8977777777777778,매출 전분기 대비 +8.9%; 건수 +15.9%; 건당금액 -6.0%; 최대 업종 한식
163,경상남도 창원시 의창구,8105,38495090000.0,2197298.0,17519.285049183134,0.4819315917952134,0.02381316682205445,0.01939831807121376,0.09760985102255898,0.04136137881480469,0.1811082919925632,0.15477740148159155,0.3011961249403204,0.21404938373616011,0.29079098248944946,-0.05945315685835029,-0.006609947077771683,-0.00023690759131933178,-0.0024185666844047764,-0.00356805323570257,-0.0029797829294990336,0.009999792909839322,0.005813464608858121,2026,2,20262,,,0,31.864000173264053,count_growth,1,탐색용: 검증 적중률이 무작위 기준을 넘지 못함,ticket_growth=+0.702; share_change_western=+0.330; share_chinese=+0.069,amount_growth=-0.738; count_growth=-0.368; share_change_convenience=-0.206,0.96,1.0,0.06666666666666667,0.1511111111111111,0.5,0.2688888888888889,0.27111111111111114,0.27555555555555555,0.9333333333333333,0.5866666666666667,0.4666666666666667,0.4688888888888889,0.32666666666666666,0.4955555555555556,0.12444444444444444,0.08444444444444445,0.1711111111111111,0.8155555555555556,0.6777777777777778,매출 전분기 대비 +21.4%; 건수 +29.1%; 건당금액 -5.9%; 최대 업종 한식
164,충청남도 부여군,8105,5451110000.0,272285.0,20019.868887379034,0.472248771351156,0.023143910139402802,0.002870974902359336,0.1368014954752335,0.020056465563894326,0.20055731768392127,0.1443210648840328,0.30373150353711365,0.2101422571106355,0.22024289683606701,-0.008277564861570719,0.03966105945288495,-0.005593891002561271,0.0005510828827878832,0.0005605641440372677,-0.0022389177399871098,-0.03773000260769693,0.0047901048705352445,2026,2,20262,,,0,31.679456480264957,share_japanese,1,탐색용: 검증 적중률이 무작위 기준을 넘지 못함,share_change_korean=+0.407; share_bakery=+0.189; ticket_growth=+0.189,amount_growth=-0.723; count_growth=-0.276; share_change_convenience=-0.175,0.96,0.9911111111111112,0.3844444444444444,0.16666666666666666,0.5,0.22444444444444445,0.2222222222222222,0.0,0.9622222222222222,0.02,0.5622222222222222,0.31777777777777777,0.8888888888888888,0.008888888888888889,0.6688888888888889,0.6688888888888889,0.23333333333333334,0.06222222222222222,0.6422222222222222,매출 전분기 대비 +21.0%; 건수 +22.0%; 건당금액 -0.8%; 최대 업종 한식
165,서울특별시 강서구,8105,63004360000.0,4453526.0,14147.073577206016,0.40461326803414877,0.035966558504839985,0.04465659201998084,0.15509863126932802,0.03962519419290982,0.12784559671743354,0.19219415926135905,0.24590853410145708,0.023057137846597575,0.06733890131001385,-0.04148800667629238,0.00183318086921741,-0.0025185123897372153,-0.0005831115413106602,0.005689202907600055,-0.0021678572941550844,-0.007073960832855164,0.004821058281240714,2026,2,20262,,,0,31.47287750923191,,0,탐색용: 검증 적중률이 무작위 기준을 넘지 못함,ticket_growth=+0.522; concentration=+0.153; share_japanese=+0.070,share_change_western=-0.527; share_western=-0.196; share_change_convenience=-0.176,0.5866666666666667,0.7333333333333333,0.15333333333333332,0.0022222222222222222,0.5,0.03333333333333333,0.5866666666666667,0.7666666666666667,0.9755555555555555,0.5377777777777778,0.2222222222222222,0.8466666666666667,0.5244444444444445,0.09777777777777778,0.42444444444444446,0.9377777777777778,0.23777777777777778,0.36666666666666664,0.6422222222222222,매출 전분기 대비 +2.3%; 건수 +6.7%; 건당금액 -4.1%; 최대 업종 한식
166,인천광역시 연수구,8105,47550390000.0,2852107.0,16672.021771974192,0.4055560848186524,0.029765476161183958,0.03583524761836864,0.17169070537591805,0.0382398546047677,0.14524255216413579,0.1736700792569735,0.248842566657355,-0.015658661791163597,0.06747402901683786,-0.07787795163931821,-0.004310971192705015,-0.0022378790593325683,-0.0011812724126580368,0.008742458534530678,-0.0018317212248099568,-0.011995733700735034,0.01281511905570995,2026,2,20262,,,0,30.60836010682865,,0,탐색용: 검증 적중률이 무작위 기준을 넘지 못함,ticket_growth=+0.886; concentration=+0.148; amount_growth=+0.124,share_change_western=-0.809; share_change_convenience=-0.420; share_western=-0.223,0.36,0.7333333333333333,0.02,0.0044444444444444444,0.5,0.03333333333333333,0.5155555555555555,0.6733333333333333,0.9955555555555555,0.4888888888888889,0.2822222222222222,0.7022222222222222,0.38666666666666666,0.1288888888888889,0.28,0.9822222222222222,0.2822222222222222,0.2688888888888889,0.8977777777777778,매출 전분기 대비 -1.6%; 건수 +6.7%; 건당금액 -7.8%; 최대 업종 한식
167,부산광역시 사상구,8105,44908750000.0,3000618.0,14966.500234285071,0.45924502463328415,0.02693350404987892,0.017305758899991648,0.09110340412503132,0.025622400979764523,0.20871700949146882,0.17107289782058063,0.29371595967686454,0.1834002610351655,0.229217395579006,-0.037273418606526554,-0.011674693482466747,-0.0013215894429249551,-0.0005031847560975529,-0.0035248737359138277,0.000763452461875605,0.009413788397635042,0.006847100557892449,2026,2,20262,,,0,30.48789986970038,,0,탐색용: 검증 적중률이 무작위 기준을 넘지 못함,ticket_growth=+0.480; share_change_western=+0.326; share_bakery=+0.136,amount_growth=-0.623; count_growth=-0.288; share_change_convenience=-0.238,0.9466666666666667,0.9911111111111112,0.17777777777777778,0.09555555555555556,0.5,0.15333333333333332,0.45555555555555555,0.22,0.9088888888888889,0.04,0.6244444444444445,0.6755555555555556,0.19777777777777777,0.25555555555555554,0.44,0.08666666666666667,0.7066666666666667,0.8044444444444444,0.7311111111111112,매출 전분기 대비 +18.3%; 건수 +22.9%; 건당금액 -3.7%; 최대 업종 한식
168,경상남도 김해시,8105,82146000000.0,4753339.0,17281.746578562987,0.4457698488057848,0.02884559199474107,0.02266695882940131,0.11036958585932365,0.03123085725415723,0.16629172449054122,0.1948254327660507,0.2788233161185382,0.1532550541775488,0.2180952532268381,-0.05323081169352073,0.006636672738333127,-0.00048627790389248887,-0.001332584057841358,0.0010624977616497666,-0.0034506077360736687,-0.010409872834956063,0.00798017203278062,2026,2,20262,,,0,30.41272038197702,,0,탐색용: 검증 적중률이 무작위 기준을 넘지 못함,ticket_growth=+0.639; concentration=+0.097; share_bakery=+0.082,amount_growth=-0.509; count_growth=-0.274; share_change_convenience=-0.272,0.9266666666666666,0.9911111111111112,0.09333333333333334,0.042222222222222223,0.5,0.1,0.5133333333333333,0.37333333333333335,0.9577777777777777,0.24222222222222223,0.39111111111111113,0.8622222222222222,0.6,0.4311111111111111,0.25333333333333335,0.7422222222222222,0.14222222222222222,0.29333333333333333,0.78,매출 전분기 대비 +15.3%; 건수 +21.8%; 건당금액 -5.3%; 최대 업종 한식
169,경상남도 거제시,8105,35280000000.0,1859225.0,18975.648455673734,0.4684260204081633,0.02410544217687075,0.027151927437641724,0.0941031746031746,0.022337018140589568,0.1564438775510204,0.2074325396825397,0.29759853129370606,0.14072424349418577,0.19349556232579568,-0.04421576459720822,-0.001021129268566845,-0.002221102424541835,0.00120142090175741,0.001090821930555999,6.444195327281674e-05,-0.006458205111393778,0.007343752018916239,2026,2,20262,,,0,30.401137972966513,,0,탐색용: 검증 적중률이 무작위 기준을 넘지 못함,ticket_growth=+0.549; share_bakery=+0.168; share_chinese=+0.067,amount_growth=-0.462; share_change_convenience=-0.253; count_growth=-0.242,0.9088888888888889,0.9844444444444445,0.14,0.12666666666666668,0.5,0.20444444444444446,0.28444444444444444,0.48444444444444446,0.9266666666666666,0.022222222222222223,0.3466666666666667,0.9222222222222223,0.45111111111111113,0.1288888888888889,0.76,0.7511111111111111,0.5866666666666667,0.37333333333333335,0.7511111111111111,매출 전분기 대비 +14.1%; 건수 +19.3%; 건당금액 -4.4%; 최대 업종 한식
170,경기도 용인시 수지구,8105,27217460000.0,1638633.0,16609.857118708092,0.4139838912227666,0.04338538570461755,0.034952930949471404,0.13984662786314372,0.04685484979127369,0.16497130885835784,0.15600500561036923,0.24779221206222685,0.06595434532467648,0.11316849224615577,-0.04241419627877763,0.013080682800236443,-0.004966147305844819,0.0002325527157682819,0.006368621391625223,-0.0005767124514654345,-0.015927293835680006,0.0017882966853603466,2026,2,20262,,,0,30.22292099425185,,0,탐색용: 검증 적중률이 무작위 기준을 넘지 못함,ticket_growth=+0.531; concentration=+0.150; share_change_korean=+0.091,share_change_western=-0.589; amount_growth=-0.182; share_western=-0.171,0.7733333333333333,0.8466666666666667,0.1511111111111111,0.0022222222222222222,0.5,0.051111111111111114,0.7155555555555555,0.66,0.9622222222222222,0.7488888888888889,0.38666666666666666,0.48,0.6755555555555556,0.011111111111111112,0.6,0.96,0.4666666666666667,0.22666666666666666,0.5355555555555556,매출 전분기 대비 +6.6%; 건수 +11.3%; 건당금액 -4.2%; 최대 업종 한식
171,경상북도 경산시,8105,46376880000.0,3071312.0,15100.02240085019,0.3631630674594755,0.019745399000536474,0.015843454755904235,0.10393044982758651,0.02445291705694734,0.3014305835148893,0.17143412838466063,0.26417785001396177,0.07737604347335214,0.17923467726577424,-0.08637689830203787,0.002854338267961498,0.0012487347235536836,0.001210086932447823,0.008304221784839819,-0.00029796652982722396,-0.029434622982139225,0.016115207803163667,2026,2,20262,,,0,29.70074808581134,,0,탐색용: 검증 적중률이 무작위 기준을 넘지 못함,ticket_growth=+0.971; share_bakery=+0.147; concentration=+0.122,share_change_western=-0.769; share_change_convenience=-0.521; amount_growth=-0.225,0.8066666666666666,0.9733333333333334,0.0044444444444444444,0.015555555555555555,0.5,0.0022222222222222222,0.10666666666666667,0.16,0.9488888888888889,0.02666666666666667,0.9733333333333334,0.6777777777777778,0.5466666666666666,0.7866666666666666,0.76,0.9777777777777777,0.5266666666666666,0.12666666666666668,0.9466666666666667,매출 전분기 대비 +7.7%; 건수 +17.9%; 건당금액 -8.6%; 최대 업종 한식
172,충청남도 천안시 서북구,8105,50204950000.0,2989708.0,16792.593122806644,0.3813353065783354,0.029977522136761414,0.03243584546942085,0.10139816890565571,0.037277599121202196,0.19161696207246495,0.22595859571615945,0.2468129071335294,0.04352699797529991,0.11937524523825926,-0.06775944669637124,0.006594110053561253,-0.002819459332899364,-0.001419525556188149,0.006004678500272975,-0.00035051912161340043,-0.02052009729649626,0.01251081275336291,2026,2,20262,,,0,29.508705066983403,,0,탐색용: 검증 적중률이 무작위 기준을 넘지 못함,ticket_growth=+0.785; concentration=+0.151; share_change_supermarket=+0.063,share_change_western=-0.556; share_change_convenience=-0.411; share_convenience=-0.214,0.6844444444444444,0.8666666666666667,0.042222222222222223,0.0022222222222222222,0.5,0.011111111111111112,0.5177777777777778,0.6155555555555555,0.94,0.4533333333333333,0.5244444444444445,0.98,0.6,0.07111111111111111,0.23777777777777778,0.9488888888888889,0.5177777777777778,0.19555555555555557,0.8933333333333333,매출 전분기 대비 +4.4%; 건수 +11.9%; 건당금액 -6.8%; 최대 업종 한식
173,경상남도 의령군,8105,3186510000.0,132177.0,24107.90076942282,0.48833676969474443,0.019453885285155233,0.005005476210650524,0.0780634612789541,0.06308155317259322,0.2493260651935817,0.09673278916432083,0.3204702147026218,0.16489851724037075,0.1794251755614844,-0.012316727353388734,0.03454871365988349,-0.0025754774499074998,-0.005186668380347633,0.003907201225726825,-0.0027616018591384295,-0.02775550120889836,-0.00017666598731838623,2026,2,20262,,,0,29.114411111622,share_japanese,1,탐색용: 검증 적중률이 무작위 기준을 넘지 못함,share_change_korean=+0.347; ticket_growth=+0.230; share_convenience=+0.193,amount_growth=-0.553; share_change_western=-0.362; share_bakery=-0.224,0.9333333333333333,0.9733333333333334,0.34,0.33555555555555555,0.5,0.3022222222222222,0.1,0.0,0.8555555555555555,0.9777777777777777,0.7733333333333333,0.022222222222222223,0.8666666666666667,0.08888888888888889,0.011111111111111112,0.9088888888888889,0.18222222222222223,0.14222222222222222,0.4488888888888889,매출 전분기 대비 +16.5%; 건수 +17.9%; 건당금액 -1.2%; 최대 업종 한식
174,충청북도 보은군,8105,3998790000.0,212162.0,18847.814405972793,0.5795578162394124,0.04033220049064842,0.0028633661682659003,0.07471260056166991,0.020096079063916836,0.1686935297927623,0.11374440768332421,0.3849032699760305,0.20365721509842882,0.21888052027139593,-0.012489579511515858,0.025710967765509518,-0.004875794211657278,-0.0008149193052155277,0.0033081095617301104,-0.0013595828468651767,-0.01984418617858197,-0.00212459478491972,2026,2,20262,,,0,28.770022705192805,share_japanese,1,탐색용: 검증 적중률이 무작위 기준을 넘지 못함,share_change_korean=+0.241; ticket_growth=+0.232; share_bakery=+0.189,amount_growth=-0.699; share_change_western=-0.306; count_growth=-0.275,0.9533333333333334,0.9911111111111112,0.3333333333333333,0.9044444444444445,0.5,0.8866666666666667,0.6422222222222222,0.0,0.8444444444444444,0.02,0.39555555555555555,0.09555555555555556,0.8066666666666666,0.011111111111111112,0.39111111111111113,0.8955555555555555,0.34,0.20222222222222222,0.3977777777777778,매출 전분기 대비 +20.4%; 건수 +21.9%; 건당금액 -1.2%; 최대 업종 한식
175,부산광역시 서구,8105,21189840000.0,1481578.0,14302.210211004753,0.45055318964182833,0.029509897196014694,0.03741840429186818,0.1281203633439422,0.04006259603659112,0.14753108093312645,0.16680446855662903,0.2728781373850254,0.3032026184791714,0.3090596472130822,-0.004474226018944316,-0.002870648998451797,-0.0024381809499918437,0.003240904171940652,-0.007330090597122335,0.0038020470268234838,0.013239311405542492,-0.007643342058740621,2026,2,20262,,,0,28.73019875892825,count_growth,1,탐색용: 검증 적중률이 무작위 기준을 넘지 못함,share_change_western=+0.679; share_change_convenience=+0.206; ticket_growth=+0.151,amount_growth=-1.072; count_growth=-0.392; share_western=-0.151,0.9933333333333333,1.0,0.4288888888888889,0.03111111111111111,0.5,0.12222222222222222,0.5133333333333333,0.6822222222222222,0.96,0.5488888888888889,0.29555555555555557,0.6222222222222222,0.42444444444444446,0.1,0.9311111111111111,0.028888888888888888,0.9288888888888889,0.8666666666666667,0.2866666666666667,매출 전분기 대비 +30.3%; 건수 +30.9%; 건당금액 -0.4%; 최대 업종 한식
176,충청남도 천안시 동남구,8105,36101190000.0,2240214.0,16115.063114506025,0.38415104876044254,0.03062530625721756,0.01586928297931453,0.1138364137027062,0.06482999590872213,0.19385759859993534,0.19683035379166172,0.2422463859522768,0.09144660583387698,0.1755309324008345,-0.0715288081745572,0.01572528614860319,-0.0021517805289741863,-0.0003993866425252915,0.003067607125460628,-0.0021088482118397506,-0.026021735524695888,0.011888857633971323,2026,2,20262,,,0,28.680274753963996,,0,탐색용: 검증 적중률이 무작위 기준을 넘지 못함,ticket_growth=+0.823; concentration=+0.159; share_change_korean=+0.123,share_change_convenience=-0.392; share_change_western=-0.284; amount_growth=-0.277,0.8377777777777777,0.9644444444444444,0.03333333333333333,0.0022222222222222222,0.5,0.011111111111111112,0.5333333333333333,0.16,0.96,0.9844444444444445,0.5422222222222223,0.8711111111111111,0.7177777777777777,0.13555555555555557,0.4622222222222222,0.8844444444444445,0.24222222222222223,0.1511111111111111,0.8822222222222222,매출 전분기 대비 +9.1%; 건수 +17.6%; 건당금액 -7.2%; 최대 업종 한식
177,경기도 화성시 효행구,8105,19136300000.0,1169680.0,16360.286574105738,0.36685043608221024,0.0334333178305106,0.01590537355706171,0.10025239988921579,0.02237527630733214,0.22915140335383538,0.23203179297983414,0.2528503253886989,0.06136061235820134,0.1622046993736288,-0.08676964313582403,0.009225326334384831,-0.002201239520389038,-0.00011295592435173543,0.007147974313355149,-0.0012287563116905216,-0.028876757536060726,0.01604640864475207,2026,2,20262,,,0,28.435938974989426,,0,탐색용: 검증 적중률이 무작위 기준을 넘지 못함,ticket_growth=+0.975; share_bakery=+0.167; concentration=+0.141,share_change_western=-0.662; share_change_convenience=-0.519; share_convenience=-0.233,0.7444444444444445,0.9533333333333334,0.0044444444444444444,0.008888888888888889,0.5,0.0022222222222222222,0.5755555555555556,0.1622222222222222,0.9377777777777778,0.022222222222222223,0.7222222222222222,0.9911111111111112,0.6288888888888889,0.1288888888888889,0.5044444444444445,0.9666666666666667,0.36,0.13555555555555557,0.9444444444444444,매출 전분기 대비 +6.1%; 건수 +16.2%; 건당금액 -8.7%; 최대 업종 한식
178,경상북도 고령군,8105,4715030000.0,246159.0,19154.4083295756,0.3788586711007141,0.035592562507555624,0.004805907915750271,0.059950838064657064,0.02403378133331071,0.33209968971565396,0.16465854936235824,0.2863981873421299,0.10792247646707742,0.1414110969943707,-0.029339666151378507,0.00901934820974798,-0.0023655834318109734,-0.000589158512180007,0.0015426646330094565,-0.0013554576709517673,-0.0215074385393616,0.015255625311546867,2026,2,20262,,,0,28.06921835372843,share_japanese,1,탐색용: 검증 적중률이 무작위 기준을 넘지 못함,ticket_growth=+0.400; share_bakery=+0.151; concentration=+0.084,share_change_convenience=-0.495; amount_growth=-0.339; share_korean=-0.177,0.8688888888888889,0.9066666666666666,0.21777777777777776,0.06666666666666667,0.5,0.011111111111111112,0.5866666666666667,0.0,0.8,0.02666666666666667,0.9955555555555555,0.5755555555555556,0.6288888888888889,0.10666666666666667,0.4222222222222222,0.7955555555555556,0.34,0.18222222222222223,0.9377777777777778,매출 전분기 대비 +10.8%; 건수 +14.1%; 건당금액 -2.9%; 최대 업종 한식
179,부산광역시 사하구,8105,54878800000.0,3598130.0,15252.033695280605,0.4530153720562403,0.027893467058317602,0.0253498618774463,0.0985622863473691,0.04148195660254962,0.17996548758354775,0.17373156847452934,0.28064909994039366,0.2034272990558108,0.2341136756668878,-0.024865113494909385,0.002919334791281647,-0.002104061563725817,-0.0005090406421531281,-0.0017962717801202344,-0.001978551457497625,0.0023367867937374442,0.001131803858477748,2026,2,20262,,,0,28.034017577695565,,0,탐색용: 검증 적중률이 무작위 기준을 넘지 못함,ticket_growth=+0.355; share_change_western=+0.166; concentration=+0.094,amount_growth=-0.698; count_growth=-0.294; share_western=-0.102,0.9533333333333334,0.9911111111111112,0.24,0.05333333333333334,0.5,0.13777777777777778,0.4955555555555556,0.43555555555555553,0.9355555555555556,0.5911111111111111,0.4622222222222222,0.7022222222222222,0.5466666666666666,0.14444444444444443,0.44,0.2111111111111111,0.26666666666666666,0.6022222222222222,0.5,매출 전분기 대비 +20.3%; 건수 +23.4%; 건당금액 -2.5%; 최대 업종 한식
180,경기도 성남시 수정구,8105,28754440000.0,1954568.0,14711.404259150871,0.4116665113283375,0.04301422667247215,0.029098462706976733,0.12389912653489339,0.03753194289299322,0.16007162719913864,0.1947181026651884,0.25246396641052765,0.05111159363391571,0.10590644962345608,-0.049547460373521646,0.015250632233930417,-0.0014926532985179916,-0.00012085194979967809,0.009022875356916316,-0.004046900967744849,-0.023192727305979377,0.00457962593119518,2026,2,20262,,,0,27.841505633979537,,0,탐색용: 검증 적중률이 무작위 기준을 넘지 못함,ticket_growth=+0.603; concentration=+0.142; share_change_korean=+0.117,share_change_western=-0.835; share_change_convenience=-0.168; share_western=-0.144,0.7066666666666667,0.82,0.10666666666666667,0.008888888888888889,0.5,0.044444444444444446,0.7044444444444444,0.5333333333333333,0.96,0.4666666666666667,0.3622222222222222,0.8622222222222222,0.7088888888888889,0.23555555555555555,0.5044444444444445,0.9822222222222222,0.1,0.17555555555555555,0.6355555555555555,매출 전분기 대비 +5.1%; 건수 +10.6%; 건당금액 -5.0%; 최대 업종 한식
181,서울특별시 관악구,8105,56932490000.0,4350131.0,13087.534605279703,0.3688498430333892,0.03806842103691583,0.04625741821585531,0.12571591370762109,0.036232562461258944,0.1782084359914699,0.20666740555348975,0.23122611284458378,0.031873959199534285,0.09784840810465334,-0.06009431577080726,0.0010827039451104525,-0.001170073700086538,-0.0015575986000728112,0.008562833300732903,-0.00143634898741931,-0.013071568242417592,0.007590052284152882,2026,2,20262,,,0,27.684181575898148,concentration,1,탐색용: 검증 적중률이 무작위 기준을 넘지 못함,ticket_growth=+0.708; concentration=+0.178; share_japanese=+0.079,share_change_western=-0.793; share_change_convenience=-0.260; share_korean=-0.190,0.6244444444444445,0.7977777777777778,0.06666666666666667,0.0,0.5,0.0022222222222222222,0.6044444444444445,0.7866666666666666,0.96,0.41555555555555557,0.45555555555555555,0.92,0.5022222222222222,0.28,0.2088888888888889,0.9822222222222222,0.33111111111111113,0.2511111111111111,0.7666666666666667,매출 전분기 대비 +3.2%; 건수 +9.8%; 건당금액 -6.0%; 최대 업종 한식
182,경기도 부천시 소사구,8105,20187580000.0,1442393.0,13995.894322837119,0.3352972471192684,0.054712352842688425,0.022753098687410774,0.10030771395085493,0.03484122415861634,0.2353605533699433,0.21672780987121784,0.2295764710123198,0.020233777273299225,0.08139031002405095,-0.056553616380557004,0.00426371586347235,-5.130509594971494e-05,-0.00018596144284508537,0.006747277689249584,-0.0018663258193744939,-0.019106852595829532,0.010199451401276899,2026,2,20262,,,0,27.479646743436703,"concentration, share_korean",2,탐색용: 검증 적중률이 무작위 기준을 넘지 못함,ticket_growth=+0.673; concentration=+0.180; share_change_supermarket=+0.058,share_change_western=-0.625; share_change_convenience=-0.340; share_korean=-0.235,0.5666666666666667,0.7533333333333333,0.07777777777777778,0.0,0.5,0.0,0.9288888888888889,0.37777777777777777,0.9377777777777778,0.35333333333333333,0.7355555555555555,0.9555555555555556,0.5733333333333334,0.54,0.4911111111111111,0.9622222222222222,0.28,0.20444444444444446,0.8377777777777777,매출 전분기 대비 +2.0%; 건수 +8.1%; 건당금액 -5.7%; 최대 업종 한식
183,대전광역시 유성구,8105,41130880000.0,2522061.0,16308.439803795389,0.453666442342104,0.036116173541631005,0.03544757612771718,0.16676108072572238,0.037220939595748986,0.10476970101296156,0.16601808665411485,0.276107501287801,0.09948304284844744,0.16780681738202752,-0.0585060589787848,0.00442268497595244,-0.002823619221075796,4.193223551821057e-05,0.006189201387729049,-0.001427749005397945,-0.010521714568569124,0.004119264195843131,2026,2,20262,,,0,27.389609096264365,,0,탐색용: 검증 적중률이 무작위 기준을 넘지 못함,ticket_growth=+0.692; concentration=+0.102; share_change_supermarket=+0.025,share_change_western=-0.573; amount_growth=-0.308; share_western=-0.215,0.86,0.9555555555555556,0.06888888888888889,0.03777777777777778,0.5,0.13777777777777778,0.5866666666666667,0.6711111111111111,0.9955555555555555,0.45111111111111113,0.14888888888888888,0.6044444444444445,0.5755555555555556,0.07111111111111111,0.5444444444444444,0.9577777777777777,0.33111111111111113,0.29333333333333333,0.6266666666666667,매출 전분기 대비 +9.9%; 건수 +16.8%; 건당금액 -5.9%; 최대 업종 한식
184,충청북도 옥천군,8105,6017800000.0,320321.0,18786.779511802222,0.5277260792980824,0.019769683272956893,0.0034597361161886405,0.06444049320349629,0.013664462095782513,0.24959952141978797,0.12134002459370534,0.36026024227209774,0.16442371881077,0.21529817053275369,-0.041861703535422734,0.030822992060149268,-0.0014975258291222288,-0.00016251986043697283,0.011555942937922233,-0.002018435708998789,-0.042088832988547875,0.0033883793890343294,2026,2,20262,,,0,27.332744888396533,"share_japanese, share_bakery",2,탐색용: 검증 적중률이 무작위 기준을 넘지 못함,ticket_growth=+0.526; share_change_korean=+0.302; share_bakery=+0.251,share_change_western=-1.070; amount_growth=-0.551; count_growth=-0.270,0.9333333333333333,0.9911111111111112,0.15333333333333332,0.7622222222222222,0.5,0.6555555555555556,0.10666666666666667,0.0,0.8111111111111111,0.0,0.7733333333333333,0.13777777777777778,0.8577777777777778,0.23555555555555555,0.5022222222222222,0.9866666666666667,0.26,0.03777777777777778,0.5977777777777777,매출 전분기 대비 +16.4%; 건수 +21.5%; 건당금액 -4.2%; 최대 업종 한식
185,부산광역시 동래구,8105,60482090000.0,3619897.0,16708.235068566868,0.5129311834296731,0.03391367593282573,0.043851163212117836,0.11692105877954945,0.04132380345983414,0.12511257464813139,0.12594654053786833,0.3130653389919565,0.14999129170285608,0.2091469559527297,-0.048923469524233876,-0.00933030429733206,-0.0023774869328657064,0.0011902042194510618,0.0019456777820425347,-0.0028552132707440753,0.002951137269534179,0.008475985229914038,2026,2,20262,,,0,27.308902675104406,,0,탐색용: 검증 적중률이 무작위 기준을 넘지 못함,ticket_growth=+0.596; share_convenience=+0.101; share_japanese=+0.065,amount_growth=-0.497; share_change_convenience=-0.288; count_growth=-0.262,0.92,0.9888888888888889,0.1111111111111111,0.2644444444444444,0.5,0.5155555555555555,0.5777777777777777,0.7466666666666667,0.96,0.5777777777777777,0.22,0.18,0.26,0.10222222222222223,0.76,0.8266666666666667,0.17777777777777778,0.6288888888888889,0.7911111111111111,매출 전분기 대비 +15.0%; 건수 +20.9%; 건당금액 -4.9%; 최대 업종 한식
186,서울특별시 구로구,8105,49810430000.0,3579523.0,13915.382021571031,0.37563959997936175,0.05820527949668373,0.03038480093426216,0.11311807587286438,0.034046483838826525,0.20354873467263784,0.18505702520536363,0.23504925187741382,0.03954038561794415,0.09456899119274387,-0.05027422302073015,-0.0009583586906558028,-0.0008186503870164785,6.80913381412955e-05,0.006938947559918876,-0.0025919374591915414,-0.008883401519542533,0.006245309158346174,2026,2,20262,,,0,27.112061684994277,concentration,1,탐색용: 검증 적중률이 무작위 기준을 넘지 못함,ticket_growth=+0.610; concentration=+0.171; share_bakery=+0.055,share_change_western=-0.642; share_change_convenience=-0.219; share_korean=-0.181,0.6644444444444444,0.7888888888888889,0.1,0.0,0.5,0.008888888888888889,0.96,0.5777777777777777,0.96,0.3422222222222222,0.5866666666666667,0.8111111111111111,0.45555555555555555,0.35333333333333333,0.5555555555555556,0.9644444444444444,0.19777777777777777,0.33555555555555555,0.7022222222222222,매출 전분기 대비 +4.0%; 건수 +9.5%; 건당금액 -5.0%; 최대 업종 한식
187,경상북도 문경시,8105,8717640000.0,452457.0,19267.333691378408,0.5751051890190464,0.024902381837286238,0.010974300384048894,0.07560991277455825,0.026379845921602637,0.1366069257276052,0.15042144433585236,0.37918736058017755,0.15192173268445308,0.13489332243063323,0.015004414879584926,0.015896636063210456,-0.00168752211241718,4.2616471317374546e-05,0.0021299163158265827,-0.0015842815587717336,-0.0168145605215706,0.0020171953424050204,2026,2,20262,,,0,26.74729699371398,,0,탐색용: 검증 적중률이 무작위 기준을 넘지 못함,share_bakery=+0.129; share_change_korean=+0.125; share_korean=+0.086,amount_growth=-0.504; share_change_western=-0.197; count_growth=-0.165,0.9244444444444444,0.8933333333333333,0.6222222222222222,0.8733333333333333,0.5,0.8711111111111111,0.34,0.013333333333333334,0.8466666666666667,0.051111111111111114,0.26,0.4066666666666667,0.72,0.2088888888888889,0.5444444444444444,0.8422222222222222,0.31777777777777777,0.2222222222222222,0.5466666666666666,매출 전분기 대비 +15.2%; 건수 +13.5%; 건당금액 +1.5%; 최대 업종 한식
188,경기도 수원시 영통구,8105,35749930000.0,2434752.0,14683.191552979522,0.38945642690768906,0.03992343481511712,0.047762051562059,0.20038528746769574,0.05041856026011799,0.09067542230152618,0.18137881668579492,0.23936800468067135,0.04225347595859086,0.12824676227388743,-0.0762185092753862,-0.004827231604506488,-0.003155973976738183,3.0247375486229522e-05,0.005514992158078796,-0.0016863439966867746,-0.006795147463851167,0.0109194575082176,2026,2,20262,,,0,26.51446506490654,share_western,1,탐색용: 검증 적중률이 무작위 기준을 넘지 못함,ticket_growth=+0.870; concentration=+0.164; share_japanese=+0.088,share_change_western=-0.510; share_change_convenience=-0.362; share_western=-0.271,0.6777777777777778,0.8866666666666667,0.024444444444444446,0.0022222222222222222,0.5,0.015555555555555555,0.6288888888888889,0.8022222222222222,1.0,0.8222222222222222,0.051111111111111114,0.7822222222222223,0.3711111111111111,0.04888888888888889,0.5444444444444444,0.9355555555555556,0.29777777777777775,0.3711111111111111,0.8577777777777778,매출 전분기 대비 +4.2%; 건수 +12.8%; 건당금액 -7.6%; 최대 업종 한식
189,서울특별시 동대문구,8105,42938500000.0,3186149.0,13476.61393111245,0.42860672822758134,0.03715174027970237,0.03352865144334339,0.13304610081861268,0.036553209823352,0.12938435203838047,0.2017292173690278,0.2626805395395099,0.052466581057831974,0.1362923579888209,-0.07377131100252776,0.008781918316696058,-0.00012486931631429388,0.0007248134092451217,0.011007920977801969,-0.0009993938968821184,-0.025626546788203308,0.006236157297656586,2026,2,20262,,,0,26.47453376681209,,0,탐색용: 검증 적중률이 무작위 기준을 넘지 못함,ticket_growth=+0.845; concentration=+0.124; share_change_supermarket=+0.082,share_change_western=-1.019; share_change_convenience=-0.219; count_growth=-0.167,0.7088888888888889,0.8955555555555555,0.028888888888888888,0.015555555555555555,0.5,0.07333333333333333,0.6,0.6377777777777778,0.96,0.4266666666666667,0.23333333333333334,0.9022222222222223,0.6244444444444445,0.52,0.6866666666666666,0.9866666666666667,0.3933333333333333,0.15555555555555556,0.7022222222222222,매출 전분기 대비 +5.2%; 건수 +13.6%; 건당금액 -7.4%; 최대 업종 한식
190,충청남도 아산시,8105,53885680000.0,3212275.0,16774.92742682367,0.3287173883673733,0.037558772571859536,0.021736943841109548,0.10752429959128287,0.0249121844616232,0.24729501418558697,0.23225539698116457,0.23721776294489666,0.08953813952058898,0.16227467930731176,-0.06258119623673808,0.005515341189764156,-0.001807663485382499,-0.00042315528266090655,0.005829627655700387,-0.0017623084753228893,-0.015050165581388053,0.007698323979289823,2026,2,20262,,,0,26.360895722015176,share_korean,1,탐색용: 검증 적중률이 무작위 기준을 넘지 못함,ticket_growth=+0.733; concentration=+0.168; share_bakery=+0.143,share_change_western=-0.540; amount_growth=-0.270; share_change_convenience=-0.264,0.8333333333333334,0.9533333333333334,0.06,0.0022222222222222222,0.5,0.0,0.6044444444444445,0.34,0.9511111111111111,0.02666666666666667,0.7688888888888888,0.9911111111111112,0.5955555555555555,0.18222222222222223,0.45555555555555555,0.9422222222222222,0.2866666666666667,0.23333333333333334,0.7666666666666667,매출 전분기 대비 +9.0%; 건수 +16.2%; 건당금액 -6.3%; 최대 업종 한식
191,서울특별시 종로구,8105,71165060000.0,4003025.0,17777.820523229308,0.49554050822130974,0.03886022157502572,0.046020757939359565,0.2503775026677417,0.026812174401314354,0.034060394244029304,0.1083284409512196,0.3254913703836493,0.08074124222949752,0.13322934374739015,-0.04631728061711127,0.0024585219978066064,-0.0045484393517882735,-0.0037302002467036327,0.0063760557073153645,-0.0022590039632862623,-0.003399449111266606,0.005102514967922828,2026,2,20262,,,0,26.357659568696,"share_western, share_supermarket",2,탐색용: 검증 적중률이 무작위 기준을 넘지 못함,ticket_growth=+0.570; share_convenience=+0.156; share_bakery=+0.125,share_change_western=-0.590; share_western=-0.354; amount_growth=-0.237,0.8111111111111111,0.8933333333333333,0.12666666666666668,0.3933333333333333,0.5,0.3622222222222222,0.6111111111111112,0.7844444444444445,1.0,0.06666666666666667,0.0,0.05555555555555555,0.5355555555555556,0.015555555555555555,0.04888888888888889,0.96,0.2311111111111111,0.43333333333333335,0.6533333333333333,매출 전분기 대비 +8.1%; 건수 +13.3%; 건당금액 -4.6%; 최대 업종 한식
192,부산광역시 연제구,8105,43155560000.0,2846936.0,15158.59857755847,0.49017739545031974,0.03350923959740066,0.03210223665270477,0.11717794879732762,0.03971307520977598,0.15102781657797976,0.13629228771449148,0.29912009084468943,0.13776522135053137,0.18911585765708416,-0.043183879834660543,-0.009451000038119384,-0.0023606801049149972,-0.0016548497359189368,0.0028389711355175234,-0.0018433558156020075,0.009257070329155265,0.003213844229882551,2026,2,20262,,,0,26.330225428124365,,0,탐색용: 검증 적중률이 무작위 기준을 넘지 못함,ticket_growth=+0.539; share_convenience=+0.068; concentration=+0.062,amount_growth=-0.451; share_change_western=-0.263; count_growth=-0.236,0.9044444444444445,0.98,0.14444444444444443,0.14444444444444443,0.5,0.32222222222222224,0.5755555555555556,0.6088888888888889,0.96,0.5444444444444444,0.31333333333333335,0.23555555555555555,0.25333333333333335,0.10666666666666667,0.2088888888888889,0.8733333333333333,0.28,0.8,0.5911111111111111,매출 전분기 대비 +13.8%; 건수 +18.9%; 건당금액 -4.3%; 최대 업종 한식
193,충청남도 당진시,8105,24799340000.0,1270573.0,19518.233112147038,0.43322806171454564,0.03636145155475912,0.024275242808881204,0.10042001117771683,0.027193465632553124,0.15418394199200464,0.22433782511953948,0.27452180699514195,0.1527038597084882,0.19591782949384662,-0.03613456436521889,0.012604525292317592,-0.0026251460469952706,-0.00010276859389446794,0.0029521227363905472,-0.0017689896176413984,-0.014924073882265493,0.003864330112088532,2026,2,20262,,,0,25.899054991107658,,0,탐색용: 검증 적중률이 무작위 기준을 넘지 못함,ticket_growth=+0.468; share_bakery=+0.121; concentration=+0.104,amount_growth=-0.507; share_change_western=-0.273; count_growth=-0.245,0.9244444444444444,0.9844444444444445,0.18,0.035555555555555556,0.5,0.07555555555555556,0.5888888888888889,0.41555555555555557,0.9377777777777778,0.08444444444444445,0.33555555555555555,0.9777777777777777,0.6711111111111111,0.08444444444444445,0.5111111111111111,0.88,0.2866666666666667,0.23333333333333334,0.62,매출 전분기 대비 +15.3%; 건수 +19.6%; 건당금액 -3.6%; 최대 업종 한식
194,강원특별자치도 인제군,8105,3325260000.0,192393.0,17283.684957352918,0.46500424026993376,0.039762304301017064,0.006077720238417447,0.22394940546002418,0.012889217685233635,0.05070881675417862,0.20160829529119528,0.3113836799609077,0.11448278635778641,0.18210919547292237,-0.05720825907972138,0.0550306506088441,-0.004089583300870538,-0.000873427337730129,0.004532443855562562,-0.001006374335358386,-0.0819327533873915,0.02833904389694389,2026,2,20262,,,0,25.8640355454957,"share_japanese, share_western, share_bakery, share_supermarket, share_change_supermarket, share_change_convenience",6,탐색용: 검증 적중률이 무작위 기준을 넘지 못함,ticket_growth=+0.679; share_change_korean=+0.590; share_change_supermarket=+0.296,share_change_convenience=-0.896; share_change_western=-0.420; amount_growth=-0.364,0.8777777777777778,0.9733333333333334,0.07777777777777778,0.24444444444444444,0.5,0.18,0.6266666666666667,0.0,1.0,0.0,0.0,0.9022222222222223,0.96,0.015555555555555555,0.37333333333333335,0.9288888888888889,0.3933333333333333,0.0,1.0,매출 전분기 대비 +11.4%; 건수 +18.2%; 건당금액 -5.7%; 최대 업종 한식
195,서울특별시 광진구,8105,48094820000.0,3196609.0,15045.57485760692,0.398076133770747,0.06348771031890753,0.05093854182217544,0.16599854204673184,0.030011755943779393,0.12175781092433655,0.1697295051733222,0.23717932358630958,0.049610914684939944,0.12980091582678188,-0.07097710757577091,-0.002438951155413316,-0.0050103791180104995,0.00044572806655773095,0.007366482953165193,-0.0015611473853732287,-0.010901109317811408,0.012099375956885483,2026,2,20262,,,0,25.017287340580168,,0,탐색용: 검증 적중률이 무작위 기준을 넘지 못함,ticket_growth=+0.817; concentration=+0.168; share_japanese=+0.106,share_change_western=-0.682; share_change_convenience=-0.398; share_western=-0.214,0.7044444444444444,0.8888888888888888,0.035555555555555556,0.0022222222222222222,0.5,0.024444444444444446,0.96,0.8355555555555556,0.9955555555555555,0.19333333333333333,0.21555555555555556,0.6644444444444444,0.43555555555555553,0.011111111111111112,0.6488888888888888,0.9733333333333334,0.32222222222222224,0.2866666666666667,0.8822222222222222,매출 전분기 대비 +5.0%; 건수 +13.0%; 건당금액 -7.1%; 최대 업종 한식
196,충청남도 태안군,8105,13430290000.0,536275.0,25043.662300125867,0.47824432681647233,0.036913573720299415,0.0354981165708261,0.08084188800092924,0.018612405242180177,0.18038627609679314,0.16950341355249962,0.29949281263149286,0.5036285591451781,0.46624178396054106,0.02549836977340103,0.0440465283588059,-0.006945977193725791,0.013692054716264033,-0.009710871092300427,-0.0036381299171136805,-0.037584776039813556,0.0001411711678835359,2026,2,20262,,,0,24.98030310830926,"amount_growth, count_growth, share_change_chinese",3,탐색용: 검증 적중률이 무작위 기준을 넘지 못함,share_change_western=+0.899; share_change_korean=+0.459; share_bakery=+0.203,amount_growth=-1.824; count_growth=-0.597; ticket_growth=-0.149,1.0,1.0,0.6733333333333333,0.14444444444444443,0.5,0.24888888888888888,0.5977777777777777,0.6711111111111111,0.8711111111111111,0.013333333333333334,0.46444444444444444,0.6644444444444444,0.9,0.0,0.9977777777777778,0.017777777777777778,0.1288888888888889,0.06222222222222222,0.46,매출 전분기 대비 +50.4%; 건수 +46.6%; 건당금액 +2.5%; 최대 업종 한식
197,전북특별자치도 진안군,8105,2297950000.0,115813.0,19841.900304801708,0.6410931482408233,0.04560151439326356,0.002754629125960095,0.08149872712635174,0.014530342261580974,0.13308818729737373,0.08143345155464653,0.4442845568175689,0.3632345787406712,0.2853829078801331,0.06056690997154468,0.0464951866115505,-0.002563596008596833,-0.0058829371685476944,-0.004194710458926429,-0.004838925562298101,-0.020394721474264688,-0.00862029593891682,2026,2,20262,,,0,24.82248344722914,"amount_growth, count_growth, concentration, share_korean, share_japanese, share_bakery, share_convenience",7,탐색용: 검증 적중률이 무작위 기준을 넘지 못함,share_change_korean=+0.489; share_change_western=+0.388; share_bakery=+0.243,amount_growth=-1.297; ticket_growth=-0.500; count_growth=-0.361,1.0,1.0,0.8311111111111111,1.0,0.5,1.0,0.7511111111111111,0.0,0.8733333333333333,0.0,0.2577777777777778,0.0,0.9133333333333333,0.08888888888888889,0.0044444444444444444,0.06222222222222222,0.07111111111111111,0.19555555555555557,0.2733333333333333,매출 전분기 대비 +36.3%; 건수 +28.5%; 건당금액 +6.1%; 최대 업종 한식
198,부산광역시 동구,8105,28220120000.0,2015515.0,14001.443799723644,0.4359049500852583,0.05464080237787791,0.022493880252812532,0.11273446037791476,0.036724861552679434,0.11398994759767145,0.2235110977557856,0.270513410428237,0.1651490616502438,0.18266752180334467,-0.014812666983860967,0.007000623197514266,-0.010095710728135338,0.0005167520894380252,0.00024148964029019337,-0.00036404530102685656,0.014493164336770822,-0.01179227323485113,2026,2,20262,,,0,24.759805358961188,share_change_chinese,1,탐색용: 검증 적중률이 무작위 기준을 넘지 못함,share_change_convenience=+0.333; ticket_growth=+0.255; concentration=+0.111,amount_growth=-0.554; count_growth=-0.227; share_convenience=-0.206,0.9355555555555556,0.9733333333333334,0.31777777777777777,0.024444444444444446,0.5,0.07555555555555556,0.9244444444444444,0.36666666666666664,0.96,0.4288888888888889,0.18,0.9755555555555555,0.6022222222222222,0.0,0.6622222222222223,0.6177777777777778,0.5155555555555555,0.8822222222222222,0.22444444444444445,매출 전분기 대비 +16.5%; 건수 +18.3%; 건당금액 -1.5%; 최대 업종 한식
199,경상남도 함안군,8105,12334210000.0,689247.0,17895.195771617433,0.4545674185861924,0.02826123440414911,0.008051589846451455,0.06951154553068255,0.012339663423924192,0.28335418320265343,0.14391436500594687,0.313480123358204,0.12030493138317255,0.15176069341559306,-0.02731102234365823,0.02579331141332919,-0.003185609239949861,-0.0020113637880287156,0.011054858739319669,-0.001137555280689654,-0.03657398916187271,0.0060603473178920675,2026,2,20262,,,0,24.21303708354921,"share_japanese, share_bakery",2,탐색용: 검증 적중률이 무작위 기준을 넘지 못함,ticket_growth=+0.380; share_bakery=+0.264; share_change_korean=+0.242,share_change_western=-1.023; amount_growth=-0.386; share_change_convenience=-0.214,0.8888888888888888,0.9288888888888889,0.22,0.26666666666666666,0.5,0.14222222222222222,0.5022222222222222,0.0,0.8333333333333334,0.0,0.9333333333333333,0.31333333333333335,0.8066666666666666,0.04888888888888889,0.1511111111111111,0.9866666666666667,0.37555555555555553,0.06888888888888889,0.6933333333333334,매출 전분기 대비 +12.0%; 건수 +15.2%; 건당금액 -2.7%; 최대 업종 한식
200,서울특별시 양천구,8105,38447360000.0,2659116.0,14458.69980850779,0.3632168762692679,0.03216657788727236,0.029482908579418717,0.1382768543795985,0.051648279621799784,0.22409340979458667,0.16111509346805605,0.2317943927396783,0.028385110528899027,0.07818289303708315,-0.04618676741189154,0.008589026116203213,-0.002038869852064265,0.0002977691628165795,0.011146620322333961,-0.002259384045092905,-0.02068199500103951,0.004946833296842923,2026,2,20262,,,0,23.92314566114497,concentration,1,탐색용: 검증 적중률이 무작위 기준을 넘지 못함,ticket_growth=+0.569; concentration=+0.177; share_change_supermarket=+0.064,share_change_western=-1.032; share_korean=-0.197; share_change_convenience=-0.180,0.6088888888888889,0.7466666666666667,0.12666666666666668,0.0,0.5,0.0022222222222222222,0.5644444444444444,0.5511111111111111,0.9622222222222222,0.8488888888888889,0.7,0.5333333333333333,0.6244444444444445,0.14888888888888888,0.6155555555555555,0.9866666666666667,0.2311111111111111,0.19555555555555557,0.6444444444444445,매출 전분기 대비 +2.8%; 건수 +7.8%; 건당금액 -4.6%; 최대 업종 한식
201,충청북도 음성군,8105,18592100000.0,1035343.0,17957.43053268337,0.30971003813447645,0.03575766051172272,0.012106217156749373,0.07714620726007283,0.01763867449077834,0.28615164505354423,0.261489557392656,0.25386769122503927,0.08385173370456456,0.15372177661094244,-0.06056056522710451,0.018682955395037282,-0.0010541582588886808,-0.000131937460351398,0.006551065562028155,0.00020981208009564906,-0.041380034645273456,0.01712229732735243,2026,2,20262,,,0,23.85822482922552,"share_korean, share_convenience",2,탐색용: 검증 적중률이 무작위 기준을 넘지 못함,ticket_growth=+0.713; share_bakery=+0.213; share_change_korean=+0.158,share_change_western=-0.606; share_change_convenience=-0.552; share_convenience=-0.325,0.8155555555555556,0.9355555555555556,0.06666666666666667,0.011111111111111112,0.5,0.0,0.5866666666666667,0.04666666666666667,0.8511111111111112,0.006666666666666667,0.9355555555555556,1.0,0.7333333333333333,0.29555555555555557,0.5044444444444445,0.96,0.6133333333333333,0.04,0.9555555555555556,매출 전분기 대비 +8.4%; 건수 +15.4%; 건당금액 -6.1%; 최대 업종 한식
202,경상북도 청도군,8105,6128440000.0,353890.0,17317.358501229195,0.5844815320048822,0.031303235407379365,0.004532964343291278,0.12335765708728486,0.02156992644131296,0.15347461996854012,0.08128006474730927,0.3884623827560439,-0.020231846893440264,0.06720666819459353,-0.08193212963704088,-0.04225168419530356,0.00042708692432823214,0.003012578219572455,0.011365471648139475,0.00284567588295875,0.010678228607402834,0.013922642912901864,2026,2,20262,,,0,23.794038861221654,"share_japanese, share_convenience",2,탐색용: 검증 적중률이 무작위 기준을 넘지 못함,ticket_growth=+0.927; share_convenience=+0.241; share_bakery=+0.175,share_change_western=-1.052; share_change_korean=-0.567; share_change_convenience=-0.454,0.34,0.7311111111111112,0.011111111111111112,0.9222222222222223,0.5,0.9088888888888889,0.5444444444444444,0.0,0.96,0.02,0.33111111111111113,0.0,0.02,0.6466666666666666,0.9155555555555556,0.9866666666666667,0.88,0.8244444444444444,0.9222222222222223,매출 전분기 대비 -2.0%; 건수 +6.7%; 건당금액 -8.2%; 최대 업종 한식
203,부산광역시 영도구,8105,22411470000.0,1351795.0,16579.044899559474,0.45172449642972995,0.028960617041184716,0.029196656890422626,0.11488492276499489,0.03407674730840949,0.18737503608643252,0.1537815234788258,0.27886411408537687,0.2948843578291742,0.30979764820786304,-0.011385949882482982,-0.01073672025417377,-0.0023999912429893827,0.002096002268491347,-0.0060970679096759295,0.001599872853687026,0.01511124598145036,0.0004266583032103144,2026,2,20262,,,0,23.49901249603169,count_growth,1,탐색용: 검증 적중률이 무작위 기준을 넘지 못함,share_change_western=+0.564; ticket_growth=+0.220; concentration=+0.097,amount_growth=-1.041; count_growth=-0.393; share_change_korean=-0.192,0.9933333333333333,1.0,0.35555555555555557,0.042222222222222223,0.5,0.1288888888888889,0.5133333333333333,0.54,0.96,0.3422222222222222,0.5133333333333333,0.46,0.22,0.10222222222222223,0.8511111111111112,0.03777777777777778,0.78,0.8822222222222222,0.47555555555555556,매출 전분기 대비 +29.5%; 건수 +31.0%; 건당금액 -1.1%; 최대 업종 한식
204,경기도 가평군,8105,13909890000.0,566503.0,24553.956466249958,0.4913029506344047,0.02432010605403781,0.0044090930985076085,0.10158096145979587,0.021780905528368665,0.20672054200284834,0.14988544122203698,0.3179816245155116,0.37000868696777545,0.33683606913281916,0.02481427498920996,0.04307117209101813,-0.0035225120916786874,-0.0017298944462322456,-0.001882597596811253,-0.00408301440182042,-0.023477209628666645,-0.008375943925808899,2026,2,20262,,,0,23.390979777413126,"amount_growth, count_growth, share_japanese",3,탐색용: 검증 적중률이 무작위 기준을 넘지 못함,share_change_korean=+0.448; share_change_convenience=+0.228; share_change_western=+0.174,amount_growth=-1.323; count_growth=-0.428; share_japanese=-0.163,1.0,1.0,0.6733333333333333,0.32,0.5,0.3333333333333333,0.29777777777777775,0.0,0.94,0.02,0.6088888888888889,0.4,0.8955555555555555,0.02666666666666667,0.19555555555555557,0.19777777777777777,0.1,0.17555555555555555,0.2777777777777778,매출 전분기 대비 +37.0%; 건수 +33.7%; 건당금액 +2.5%; 최대 업종 한식
205,경상남도 창원시 진해구,8105,32853630000.0,1899446.0,17296.427484645523,0.45686671457613665,0.031048928231066097,0.019364983412791827,0.10140553722678437,0.029407709285092697,0.15904300377157715,0.20286312349655122,0.2876622536835809,0.23883820750679408,0.3012818624445337,-0.04798626396008909,0.0034827974820206276,0.0008838170741190567,-0.004198999752936607,-0.0013105181146956107,0.001112905156389933,-0.007608516927555681,0.007638515082658309,2026,2,20262,,,0,23.127758849173674,count_growth,1,탐색용: 검증 적중률이 무작위 기준을 넘지 못함,ticket_growth=+0.587; share_change_western=+0.121; share_bakery=+0.100,amount_growth=-0.831; count_growth=-0.382; share_change_convenience=-0.262,0.9822222222222222,1.0,0.11777777777777777,0.07333333333333333,0.5,0.14888888888888888,0.5377777777777778,0.27555555555555555,0.94,0.17333333333333334,0.35555555555555557,0.9066666666666666,0.56,0.7244444444444444,0.03111111111111111,0.2733333333333333,0.7355555555555555,0.36,0.7666666666666667,매출 전분기 대비 +23.9%; 건수 +30.1%; 건당금액 -4.8%; 최대 업종 한식
206,경상북도 의성군,8105,2908650000.0,158941.0,18300.18686179148,0.5403022020524986,0.04415450466711361,0.007151083836143915,0.0601344266240352,0.018668454437625704,0.1914186993966273,0.1381706289859557,0.3536241294747709,0.1600679612812137,0.14323014069108386,0.014728286099902288,-0.004405073872696175,-0.005568106418073301,0.0028476670268941613,-0.0005880209392896338,-0.00069492703494849,0.0034921964911230063,0.0049162647469904175,2026,2,20262,,,0,22.889324552911447,share_japanese,1,탐색용: 검증 적중률이 무작위 기준을 넘지 못함,share_bakery=+0.203; share_convenience=+0.062; share_change_western=+0.055,amount_growth=-0.535; share_change_convenience=-0.179; count_growth=-0.176,0.9288888888888889,0.9133333333333333,0.6155555555555555,0.7133333333333334,0.5,0.7222222222222222,0.7311111111111112,0.0,0.8,0.013333333333333334,0.5244444444444445,0.2577777777777778,0.3844444444444444,0.008888888888888889,0.9133333333333333,0.4088888888888889,0.4444444444444444,0.6488888888888888,0.6444444444444445,매출 전분기 대비 +16.0%; 건수 +14.3%; 건당금액 +1.5%; 최대 업종 한식
207,전라남도 장성군,8105,5054430000.0,261595.0,19321.584892677613,0.551896059496323,0.05164380553296811,0.004574205202169186,0.15023454672435863,0.02100533591324838,0.09405808370083274,0.12658796343009993,0.35516034525188267,0.16585896936132327,0.16177182471832263,0.003518026996386814,0.014048078816473297,-0.0036963384455158538,-0.0006940879308275361,0.004071704798525311,-0.0010458384963175846,-0.006145589803389501,-0.006537928938948168,2026,2,20262,,,0,22.802182073921212,share_japanese,1,탐색용: 검증 적중률이 무작위 기준을 넘지 못함,share_bakery=+0.180; share_change_convenience=+0.172; share_change_korean=+0.103,amount_growth=-0.557; share_change_western=-0.377; count_growth=-0.200,0.9355555555555556,0.9533333333333334,0.5177777777777778,0.7266666666666667,0.5,0.7822222222222223,0.84,0.0,0.9666666666666667,0.02,0.06444444444444444,0.18222222222222223,0.6911111111111111,0.022222222222222223,0.4088888888888889,0.9111111111111111,0.3888888888888889,0.37555555555555553,0.30444444444444446,매출 전분기 대비 +16.6%; 건수 +16.2%; 건당금액 +0.4%; 최대 업종 한식
208,경기도 성남시 분당구,8105,60844650000.0,3799581.0,16013.515700810169,0.391103079728456,0.04515417542873531,0.0847719561210394,0.20617211209202452,0.046816441544162056,0.06915809360395696,0.15682414148162574,0.23626217534204633,0.03636398941027319,0.10084281707769338,-0.05857223816801216,-0.001530645550130716,-0.004570461356342738,-0.0031810969759515084,0.011164402126402129,-0.0015077459457139841,-0.0056623833425389625,0.0052879310442757455,2026,2,20262,,,0,22.48122743078217,share_western,1,탐색용: 검증 적중률이 무작위 기준을 넘지 못함,ticket_growth=+0.693; share_japanese=+0.302; concentration=+0.169,share_change_western=-1.033; share_western=-0.281; share_change_convenience=-0.190,0.6466666666666666,0.8133333333333334,0.06666666666666667,0.0022222222222222222,0.5,0.015555555555555555,0.7466666666666667,0.9977777777777778,1.0,0.7466666666666667,0.0044444444444444444,0.4866666666666667,0.4444444444444444,0.015555555555555555,0.07333333333333333,0.9866666666666667,0.32666666666666666,0.39111111111111113,0.6555555555555556,매출 전분기 대비 +3.6%; 건수 +10.1%; 건당금액 -5.9%; 최대 업종 한식
209,대전광역시 동구,8105,24998630000.0,1735533.0,14404.007299198574,0.39749418268121095,0.03365744442795465,0.014181177128506642,0.10600540909641848,0.030768486113038996,0.21010031349717964,0.20779298705569066,0.25883946831210175,0.11575025819875906,0.17336779563844051,-0.04910441351284178,0.006779429601348308,-0.003146032618912102,-0.000826039939658723,0.006971344713207775,0.00024122505512481213,-0.013644867313363618,0.0036249405022535652,2026,2,20262,,,0,22.30672906973737,,0,탐색용: 검증 적중률이 무작위 기준을 넘지 못함,ticket_growth=+0.598; concentration=+0.131; share_bakery=+0.087,share_change_western=-0.645; amount_growth=-0.369; count_growth=-0.215,0.8777777777777778,0.9644444444444444,0.10888888888888888,0.013333333333333334,0.5,0.022222222222222223,0.5755555555555556,0.09111111111111111,0.9488888888888889,0.22444444444444445,0.6288888888888889,0.9244444444444444,0.6,0.04888888888888889,0.38666666666666666,0.9644444444444444,0.6155555555555555,0.24888888888888888,0.6066666666666667,매출 전분기 대비 +11.6%; 건수 +17.3%; 건당금액 -4.9%; 최대 업종 한식
210,경기도 용인시 처인구,8105,41131760000.0,2447106.0,16808.32787790966,0.44646253892369303,0.03396037514562956,0.016250216377806347,0.1221545102859688,0.018852341839979615,0.13746433413012232,0.22485568329680033,0.2854798319193127,0.12741243740634411,0.19918378667900272,-0.05985016647983599,0.0020508034817802723,-0.003099290186454988,-0.0012701141402686224,0.005220557162720449,-0.00222879302353202,-0.009918319810732296,0.009245156516487246,2026,2,20262,,,0,22.090048174579103,,0,탐색용: 검증 적중률이 무작위 기준을 넘지 못함,ticket_growth=+0.706; share_bakery=+0.201; concentration=+0.086,share_change_western=-0.483; amount_growth=-0.412; share_change_convenience=-0.311,0.9,0.9866666666666667,0.06666666666666667,0.06444444444444444,0.5,0.1,0.5777777777777777,0.17777777777777778,0.96,0.015555555555555555,0.26222222222222225,0.9777777777777777,0.5288888888888889,0.05333333333333334,0.2644444444444444,0.9333333333333333,0.23333333333333334,0.3111111111111111,0.8088888888888889,매출 전분기 대비 +12.7%; 건수 +19.9%; 건당금액 -6.0%; 최대 업종 한식
211,서울특별시 강동구,8105,47264940000.0,3177717.0,14873.866993190395,0.3961498734580008,0.03175482715094952,0.04893838858147286,0.1522803160228279,0.0478496323067373,0.14758360002149584,0.17544336245851577,0.23837823155108526,0.029697996263758908,0.08004682205816516,-0.04661726210948902,0.002265762285768802,-0.001467871330045209,-0.0020004100482090142,0.011826193903300863,-0.0033525549737040763,-0.01222316115863345,0.004952041321522077,2026,2,20262,,,0,21.989374793094434,,0,탐색용: 검증 적중률이 무작위 기준을 넘지 못함,ticket_growth=+0.573; concentration=+0.166; share_japanese=+0.095,share_change_western=-1.095; share_western=-0.191; share_change_convenience=-0.180,0.6133333333333333,0.7488888888888889,0.12444444444444444,0.0022222222222222222,0.5,0.022222222222222223,0.5555555555555556,0.82,0.9711111111111111,0.7733333333333333,0.29555555555555557,0.7311111111111112,0.5333333333333333,0.23555555555555555,0.15333333333333332,0.9866666666666667,0.14888888888888888,0.2577777777777778,0.6444444444444445,매출 전분기 대비 +3.0%; 건수 +8.0%; 건당금액 -4.7%; 최대 업종 한식
212,경기도 수원시 팔달구,8105,43360460000.0,2556027.0,16964.00703122463,0.43339761616920114,0.05763568928927414,0.04575873964436724,0.1709255390740781,0.0199815684612202,0.0858662477289217,0.1864345996329375,0.2649949040601098,0.047149735027559814,0.10347660533427727,-0.051044915709521854,-0.002421431707445132,-0.0031290213662307706,-0.0005092834081384529,0.010838184142383606,-0.0011582670491439608,-0.007440420921254798,0.0038202403098295257,2026,2,20262,,,0,21.496075808045273,,0,탐색용: 검증 적중률이 무작위 기준을 넘지 못함,ticket_growth=+0.618; share_bakery=+0.190; concentration=+0.120,share_change_western=-1.003; share_western=-0.222; share_change_convenience=-0.145,0.6933333333333334,0.82,0.09777777777777778,0.015555555555555555,0.5,0.07555555555555556,0.9577777777777777,0.78,0.9955555555555555,0.02,0.03777777777777778,0.8266666666666667,0.43555555555555553,0.05333333333333334,0.44,0.9844444444444445,0.3688888888888889,0.3622222222222222,0.6177777777777778,매출 전분기 대비 +4.7%; 건수 +10.3%; 건당금액 -5.1%; 최대 업종 한식
213,부산광역시 금정구,8105,44622680000.0,3156572.0,14136.436615416978,0.47016830903029583,0.028533024013797467,0.032432386400816804,0.13591474111371168,0.04587599848328249,0.13412820565685432,0.15294733530124144,0.28488491898075485,0.19784711857491066,0.26571004453240965,-0.05361648684914211,-0.004762702126032359,-0.00251437159024415,-0.002088074025893956,0.0020098114984385684,-0.0060930021717088625,0.007014516337508464,0.006433822077932333,2026,2,20262,,,0,21.289344183120214,count_growth,1,탐색용: 검증 적중률이 무작위 기준을 넘지 못함,ticket_growth=+0.643; concentration=+0.087; share_chinese=+0.040,amount_growth=-0.677; count_growth=-0.336; share_change_convenience=-0.225,0.9511111111111111,1.0,0.09333333333333334,0.06222222222222222,0.5,0.21333333333333335,0.5088888888888888,0.6155555555555555,0.9622222222222222,0.7288888888888889,0.26,0.44666666666666666,0.3711111111111111,0.09777777777777778,0.14888888888888888,0.8311111111111111,0.04888888888888889,0.7422222222222222,0.7111111111111111,매출 전분기 대비 +19.8%; 건수 +26.6%; 건당금액 -5.4%; 최대 업종 한식
214,서울특별시 성동구,8105,42889230000.0,2870888.0,14939.360225825598,0.36213893324734436,0.03214396714513177,0.055061375548127116,0.24094696967047438,0.03969924384280156,0.10414805768254641,0.16586145286357437,0.23319790829474116,0.06279130334154615,0.1349617434578032,-0.06358843417609894,-0.0024223743588245306,-0.0008854240595361704,0.0015548570686323704,0.011220591926006301,-0.0034606705872096896,-0.012772731101669377,0.006765751112601082,2026,2,20262,,,0,20.469182855895713,"concentration, share_western",2,탐색용: 검증 적중률이 무작위 기준을 넘지 못함,ticket_growth=+0.743; concentration=+0.174; share_japanese=+0.130,share_change_western=-1.039; share_western=-0.339; share_change_convenience=-0.235,0.7555555555555555,0.8933333333333333,0.05555555555555555,0.0,0.5,0.0022222222222222222,0.5644444444444444,0.8644444444444445,1.0,0.5444444444444444,0.14666666666666667,0.6,0.43555555555555553,0.33111111111111113,0.7955555555555556,0.9866666666666667,0.14222222222222222,0.2511111111111111,0.7288888888888889,매출 전분기 대비 +6.3%; 건수 +13.5%; 건당금액 -6.4%; 최대 업종 한식
215,서울특별시 서초구,8105,77582340000.0,4778068.0,16237.17787189299,0.4410828546805884,0.0562992815117461,0.051775829396226,0.2366392918800851,0.0401708687827668,0.02800134669823055,0.14603052705035707,0.2801252737093729,0.03516879227011893,0.0889657297470754,-0.04940186454669393,-0.002791687393123854,-0.00567621142615525,-0.003292208416316701,0.007167652354535148,-0.0024374910939240005,-0.003311097795552751,0.010341043770537434,2026,2,20262,,,0,20.19187754662576,"share_western, share_supermarket",2,탐색용: 검증 적중률이 무작위 기준을 넘지 못함,ticket_growth=+0.601; share_japanese=+0.111; concentration=+0.095,share_change_western=-0.663; share_change_convenience=-0.345; share_western=-0.331,0.6355555555555555,0.7688888888888888,0.10666666666666667,0.04888888888888889,0.5,0.09111111111111111,0.9422222222222222,0.84,1.0,0.5511111111111111,0.0,0.34,0.4266666666666667,0.008888888888888889,0.06888888888888889,0.9666666666666667,0.21333333333333335,0.43333333333333335,0.8466666666666667,매출 전분기 대비 +3.5%; 건수 +8.9%; 건당금액 -4.9%; 최대 업종 한식
216,경상남도 창원시 마산회원구,8105,29628770000.0,1873121.0,15817.86227371323,0.41792386251606123,0.024036772366858295,0.020934719868560187,0.09596550919933565,0.03853045536483627,0.23533916527753262,0.16726951540681573,0.2697339722266011,0.26843850151080173,0.35011874943688626,-0.06049856574479262,-0.016837247591368787,0.00020086880129789597,-0.005630387591435037,-0.0016423810468535194,-0.0006523503509515,0.020154174486187643,0.004407323293123294,2026,2,20262,,,0,20.111037950339732,count_growth,1,탐색용: 검증 적중률이 무작위 기준을 넘지 못함,ticket_growth=+0.712; share_change_western=+0.152; concentration=+0.112,amount_growth=-0.942; count_growth=-0.446; share_change_korean=-0.265,0.9911111111111112,1.0,0.06666666666666667,0.022222222222222223,0.5,0.05555555555555555,0.28,0.32,0.9333333333333333,0.5,0.7355555555555555,0.6355555555555555,0.12222222222222222,0.5866666666666667,0.0044444444444444444,0.2288888888888889,0.4488888888888889,0.9155555555555556,0.6311111111111111,매출 전분기 대비 +26.8%; 건수 +35.0%; 건당금액 -6.0%; 최대 업종 한식
217,경상남도 남해군,8105,10083140000.0,378552.0,26636.07641750671,0.4784700004165369,0.02981511711629512,0.03431470752166488,0.11572188822132788,0.023720785390265335,0.19912646259002653,0.11883103874388336,0.2987263766051647,0.4530799881829908,0.42056439507655363,0.02288920742989964,0.018844541967015016,-0.0012347953369592386,-0.0009922104726139622,-0.006392491781986642,-0.0028631622113861645,-0.0025322420063577655,-0.004829640157711215,2026,2,20262,,,0,19.75002037826805,"amount_growth, count_growth",2,탐색용: 검증 적중률이 무작위 기준을 넘지 못함,share_change_western=+0.592; share_change_korean=+0.160; share_bakery=+0.154,amount_growth=-1.634; count_growth=-0.537; share_western=-0.130,1.0,1.0,0.6666666666666666,0.14222222222222222,0.5,0.25555555555555554,0.5155555555555555,0.6444444444444445,0.96,0.024444444444444446,0.56,0.13111111111111112,0.7333333333333333,0.26666666666666666,0.35555555555555557,0.03333333333333333,0.17777777777777778,0.4488888888888889,0.33555555555555555,매출 전분기 대비 +45.3%; 건수 +42.1%; 건당금액 +2.3%; 최대 업종 한식
218,충청남도 공주시,8105,16903100000.0,991998.0,17039.449676309832,0.5567990486952098,0.03610698629245523,0.009881027740473641,0.09446965349551266,0.029740106844306665,0.15722323124160656,0.11577994569043548,0.359359659449027,0.19866624969241053,0.2046646847949638,-0.004979340042307379,0.008479320210691421,-0.002990732475428394,-4.905815764139412e-05,0.004420233536486767,0.0006192772073650155,-0.011832882288853486,0.0013538419673801427,2026,2,20262,,,0,19.458202217745956,share_japanese,1,탐색용: 검증 적중률이 무작위 기준을 넘지 못함,ticket_growth=+0.156; share_convenience=+0.133; share_bakery=+0.097,amount_growth=-0.680; share_change_western=-0.409; count_growth=-0.256,0.9511111111111111,0.9888888888888889,0.4288888888888889,0.7533333333333333,0.5,0.8044444444444444,0.5866666666666667,0.0,0.9266666666666666,0.18666666666666668,0.3466666666666667,0.10888888888888888,0.6244444444444445,0.06222222222222222,0.52,0.9266666666666666,0.68,0.2733333333333333,0.5111111111111111,매출 전분기 대비 +19.9%; 건수 +20.5%; 건당금액 -0.5%; 최대 업종 한식
219,서울특별시 동작구,8105,39775060000.0,3022441.0,13159.912798959516,0.39746413958897864,0.03347650512657932,0.05951040677248507,0.14771492488006305,0.039826212707158706,0.1316382677989675,0.19036954312576776,0.23961492991886837,0.0573777072417303,0.1341765492366065,-0.06771330446443102,-0.008510334514278683,-0.0013029944042141847,-0.0007295930148434326,0.011932147549781558,-0.001111721774069048,-0.009727668075258572,0.009450164232882419,2026,2,20262,,,0,19.275129654622802,,0,탐색용: 검증 적중률이 무작위 기준을 넘지 못함,ticket_growth=+0.784; concentration=+0.163; share_japanese=+0.156,share_change_western=-1.104; share_change_convenience=-0.317; share_western=-0.184,0.7333333333333333,0.8933333333333333,0.042222222222222223,0.0022222222222222222,0.5,0.022222222222222223,0.5755555555555556,0.9,0.9666666666666667,0.5444444444444444,0.24444444444444444,0.8377777777777777,0.28,0.2577777777777778,0.3977777777777778,0.9866666666666667,0.37777777777777777,0.31555555555555553,0.8133333333333334,매출 전분기 대비 +5.7%; 건수 +13.4%; 건당금액 -6.8%; 최대 업종 한식
220,경상남도 함양군,8105,3806380000.0,195784.0,19441.731704327216,0.5278637445551941,0.025827689300595317,0.012694476116415072,0.08710375737577436,0.022210078867585473,0.1452613769513291,0.17903887683310651,0.34070449127804814,0.31805338171946196,0.24462979091307857,0.05899231349148315,0.03214023803830285,-0.003609129403782982,0.003113053065595785,-0.0004933726988824855,-0.0007410132830579057,-0.020292593435252054,-0.010117182282923243,2026,2,20262,,,0,18.9788280062186,,0,탐색용: 검증 적중률이 무작위 기준을 넘지 못함,share_change_korean=+0.318; share_change_convenience=+0.282; share_bakery=+0.169,amount_growth=-1.128; ticket_growth=-0.484; count_growth=-0.308,0.9955555555555555,0.9933333333333333,0.82,0.6155555555555555,0.5,0.66,0.40444444444444444,0.06888888888888889,0.8888888888888888,0.022222222222222223,0.2822222222222222,0.7711111111111111,0.8644444444444445,0.024444444444444446,0.9244444444444444,0.42444444444444446,0.44,0.19777777777777777,0.26,매출 전분기 대비 +31.8%; 건수 +24.5%; 건당금액 +5.9%; 최대 업종 한식
221,경상남도 창원시 성산구,8105,43444470000.0,2561561.0,16960.154374617665,0.46178098156105946,0.03082440642042589,0.03959238080243584,0.13893897197963284,0.0391384680259651,0.11323328377581773,0.17649150743466316,0.28056626194566353,0.1309685056116976,0.2167866482043146,-0.07052850449934189,-0.017405117288017358,-0.0020671465774646965,-0.0041471785348910495,0.005555430616190654,-0.002464863718517507,0.011185332417037966,0.009343543085661987,2026,2,20262,,,0,18.971077008106487,,0,탐색용: 검증 적중률이 무작위 기준을 넘지 못함,ticket_growth=+0.813; concentration=+0.094; share_japanese=+0.041,share_change_western=-0.514; amount_growth=-0.426; share_change_convenience=-0.314,0.9,0.9911111111111112,0.035555555555555556,0.05333333333333334,0.5,0.16444444444444445,0.5355555555555556,0.7244444444444444,0.9622222222222222,0.5266666666666666,0.18,0.7511111111111111,0.11777777777777777,0.14666666666666667,0.03333333333333333,0.9355555555555556,0.2111111111111111,0.8422222222222222,0.8111111111111111,매출 전분기 대비 +13.1%; 건수 +21.7%; 건당금액 -7.1%; 최대 업종 한식
222,경상남도 산청군,8105,4482750000.0,197619.0,22683.80064669895,0.5456405108471363,0.025997434610451176,0.014807874630528135,0.08802186158050304,0.019704422508504824,0.22822597735764877,0.07760191846522782,0.36486397370775075,0.24513915893561466,0.20907083029973017,0.029831443892284648,0.028960881937631244,-0.005461928758250564,0.001297514095002332,0.00718468586804262,-0.0009583184503307966,-0.02958469982695211,-0.001438134865142715,2026,2,20262,,,0,18.39197897885383,share_convenience,1,탐색용: 검증 적중률이 무작위 기준을 넘지 못함,share_change_korean=+0.280; share_convenience=+0.253; share_bakery=+0.193,amount_growth=-0.854; share_change_western=-0.665; count_growth=-0.262,0.9844444444444445,0.9888888888888889,0.7,0.7888888888888889,0.5,0.7555555555555555,0.41333333333333333,0.11333333333333333,0.8933333333333333,0.02,0.72,0.0,0.8422222222222222,0.011111111111111112,0.7644444444444445,0.9666666666666667,0.3977777777777778,0.12222222222222222,0.4111111111111111,매출 전분기 대비 +24.5%; 건수 +20.9%; 건당금액 +3.0%; 최대 업종 한식
223,대전광역시 중구,8105,31809540000.0,1800127.0,17670.71989920711,0.38474118141915914,0.03126263378847981,0.016700964553401275,0.09198844120348801,0.20369769572272972,0.13704536437810796,0.13456371893463406,0.23612550207706182,0.043258976961714435,0.1222750901185663,-0.07040708098448833,0.015874106210610917,0.0009122465373479008,0.00015452639469308582,0.0026952011668209125,-0.03321144497824155,0.003494805270450013,0.010080559398318714,2026,2,20262,,,0,17.62186810088546,"share_bakery, share_change_bakery",2,탐색용: 검증 적중률이 무작위 기준을 넘지 못함,ticket_growth=+0.811; share_change_bakery=+0.224; concentration=+0.169,share_bakery=-1.573; share_change_convenience=-0.337; share_change_western=-0.249,0.68,0.8688888888888889,0.035555555555555556,0.0022222222222222222,0.5,0.011111111111111112,0.5444444444444444,0.20222222222222222,0.9133333333333333,1.0,0.26,0.2311111111111111,0.72,0.7244444444444444,0.5733333333333334,0.8733333333333333,0.0,0.6488888888888888,0.8311111111111111,매출 전분기 대비 +4.3%; 건수 +12.2%; 건당금액 -7.0%; 최대 업종 한식
224,경상남도 고성군,8105,6869590000.0,299559.0,22932.34387883522,0.41906139958862176,0.031020774165561555,0.04731432297997406,0.09074631819366222,0.018044745028451478,0.20849570352815816,0.1853167365155708,0.2651866485253889,0.3813441059133904,0.34873302596981604,0.024179047532498332,0.01872519213736379,-0.00432524603905848,0.013080280769048123,-0.0010833581463416397,-0.0004929134233855985,-0.025636993852962753,-0.0002669614446634272,2026,2,20262,,,0,17.442797394034276,"amount_growth, count_growth",2,탐색용: 검증 적중률이 무작위 기준을 넘지 못함,share_bakery=+0.209; share_change_japanese=+0.161; share_change_korean=+0.158,amount_growth=-1.365; count_growth=-0.444; ticket_growth=-0.136,1.0,1.0,0.6666666666666666,0.015555555555555555,0.5,0.06,0.5355555555555556,0.7955555555555556,0.9088888888888889,0.008888888888888889,0.6244444444444445,0.8111111111111111,0.7333333333333333,0.015555555555555555,0.9977777777777778,0.3088888888888889,0.4866666666666667,0.15555555555555556,0.44666666666666666,매출 전분기 대비 +38.1%; 건수 +34.9%; 건당금액 +2.4%; 최대 업종 한식
225,부산광역시 남구,8105,52808610000.0,3619420.0,14590.351492780612,0.428339810496811,0.032522726881090036,0.028747395547809345,0.12364953366505954,0.039968482412243,0.19327511176681228,0.15349693923017477,0.26316239971443833,0.14906440500353368,0.2275703574972816,-0.06395230384497264,-0.008234560144854242,-0.0025012689829525467,0.0011743461147627685,0.0077865877353917035,-0.0010747153652021016,-0.007451770563806692,0.010301381206661075,2026,2,20262,,,0,17.318893716146246,,0,탐색용: 검증 적중률이 무작위 기준을 넘지 못함,ticket_growth=+0.747; concentration=+0.123; share_change_japanese=+0.016,share_change_western=-0.721; amount_growth=-0.494; share_change_convenience=-0.343,0.9177777777777778,0.9911111111111112,0.05333333333333334,0.015555555555555555,0.5,0.07111111111111111,0.5711111111111111,0.5266666666666666,0.96,0.5466666666666666,0.5355555555555556,0.4533333333333333,0.28444444444444444,0.09777777777777778,0.7555555555555555,0.9777777777777777,0.38,0.3622222222222222,0.8466666666666667,매출 전분기 대비 +14.9%; 건수 +22.8%; 건당금액 -6.4%; 최대 업종 한식
226,서울특별시 은평구,8105,41648570000.0,2842113.0,14654.08658980132,0.37500951413217787,0.03010067332443827,0.03938478560008183,0.1296469482625694,0.039419120512420955,0.19733090475855475,0.18910805340975692,0.2361528876540285,0.049132049578166415,0.09120825200149274,-0.038559278071944814,0.0039828760949106035,-0.0020897679357523916,0.0015300962596294376,0.015913350802538542,-0.002155896138241596,-0.01883399171513217,0.0016533326320475605,2026,2,20262,,,0,16.675567364752787,,0,탐색용: 검증 적중률이 무작위 기준을 넘지 못함,ticket_growth=+0.493; concentration=+0.169; share_change_supermarket=+0.057,share_change_western=-1.473; share_korean=-0.182; share_western=-0.154,0.7022222222222222,0.78,0.1688888888888889,0.0022222222222222222,0.5,0.008888888888888889,0.5244444444444445,0.7222222222222222,0.96,0.5377777777777778,0.5555555555555556,0.8333333333333334,0.5666666666666667,0.14666666666666667,0.7933333333333333,0.9933333333333333,0.23777777777777778,0.20666666666666667,0.5288888888888889,매출 전분기 대비 +4.9%; 건수 +9.1%; 건당금액 -3.9%; 최대 업종 한식
227,강원특별자치도 화천군,8105,3000860000.0,159759.0,18783.667899774035,0.42547802963150566,0.058479902427970645,0.014062635377858347,0.10464666795518618,0.02231693581173397,0.1609805189179102,0.21403530987783503,0.2678240224845925,0.05043440516945652,0.0361513765930539,0.013784692950335575,-0.017783264552855726,0.0019162188401549915,-0.0014618362300358543,-0.002018878569222421,-0.0009750222669420196,-0.004954554836456598,0.025277337615357692,2026,2,20262,,,0,16.512624614011372,,0,탐색용: 검증 적중률이 무작위 기준을 넘지 못함,share_change_western=+0.187; share_bakery=+0.168; concentration=+0.116,share_change_convenience=-0.802; share_change_korean=-0.276; share_convenience=-0.176,0.7044444444444444,0.7022222222222222,0.6044444444444445,0.02,0.5,0.07111111111111111,0.96,0.09111111111111111,0.9488888888888889,0.022222222222222223,0.3688888888888889,0.9488888888888889,0.11777777777777777,0.8688888888888889,0.23333333333333334,0.18666666666666668,0.3933333333333333,0.3977777777777778,0.9955555555555555,매출 전분기 대비 +5.0%; 건수 +3.6%; 건당금액 +1.4%; 최대 업종 한식
228,전라남도 구례군,8105,2849620000.0,104149.0,27360.992424315165,0.5676897270513261,0.026666713456531047,0.004730455288775345,0.1083723443827598,0.06409626546697454,0.13653399400621838,0.09191050034741474,0.3659470848806516,0.04635416284176275,0.07293780712688913,-0.024776500658795775,-0.023487413120078515,-0.0012985356089684416,0.00029111887593541875,0.009300602650059997,0.006876927732247844,0.0068826049235343745,0.0014346945472693412,2026,2,20262,,,0,16.083695453135327,share_japanese,1,탐색용: 검증 적중률이 무작위 기준을 넘지 못함,ticket_growth=+0.355; share_convenience=+0.208; share_korean=+0.076,share_change_western=-0.861; share_change_korean=-0.344; share_bakery=-0.233,0.6911111111111111,0.7422222222222222,0.24,0.7933333333333333,0.5,0.8466666666666667,0.44222222222222224,0.0,0.9533333333333334,0.98,0.26,0.017777777777777778,0.08222222222222222,0.2577777777777778,0.6133333333333333,0.9844444444444445,0.9822222222222222,0.7422222222222222,0.5133333333333333,매출 전분기 대비 +4.6%; 건수 +7.3%; 건당금액 -2.5%; 최대 업종 한식
229,충청북도 증평군,8105,4680320000.0,249649.0,18747.6016326923,0.39076815260495007,0.02438722138657186,0.010548424039381922,0.08311183850676877,0.022816815944208944,0.2584160912074388,0.2099514563106796,0.2716924298986715,0.10869699108839126,0.17796190305426718,-0.058800638447035536,0.012950999297800414,-0.003612570154743231,0.0018950197669264212,0.013467686957304839,-0.006592440568940535,-0.03066635894014047,0.012557663641792532,2026,2,20262,,,0,16.03299482306978,,0,탐색용: 검증 적중률이 무작위 기준을 넘지 못함,ticket_growth=+0.695; share_bakery=+0.163; concentration=+0.109,share_change_western=-1.247; share_change_convenience=-0.412; amount_growth=-0.342,0.8711111111111111,0.9711111111111111,0.06666666666666667,0.028888888888888888,0.5,0.015555555555555555,0.3,0.0044444444444444444,0.8777777777777778,0.022222222222222223,0.8422222222222222,0.9377777777777778,0.6755555555555556,0.024444444444444446,0.8333333333333334,0.9933333333333333,0.04,0.11333333333333333,0.8933333333333333,매출 전분기 대비 +10.9%; 건수 +17.8%; 건당금액 -5.9%; 최대 업종 한식
230,서울특별시 성북구,8105,43389720000.0,3154907.0,13753.090027693368,0.358070068209705,0.033776894619278484,0.035371051023145576,0.15523538755262767,0.03732335677667429,0.19971389536507725,0.18050934645349176,0.22856648627695977,0.08854310397598009,0.17121126118484042,-0.07058347195640013,0.008918931591771817,-0.002487203346720819,0.0003671022379364078,0.015511862727463022,-0.0023263102107789063,-0.028552482560260106,0.008568099560588627,2026,2,20262,,,0,15.59290615833953,concentration,1,탐색용: 검증 적중률이 무작위 기준을 넘지 못함,ticket_growth=+0.813; concentration=+0.182; share_change_supermarket=+0.094,share_change_western=-1.436; share_change_convenience=-0.290; amount_growth=-0.267,0.8244444444444444,0.9577777777777777,0.035555555555555556,0.0,0.5,0.0022222222222222222,0.5755555555555556,0.6711111111111111,0.9755555555555555,0.4577777777777778,0.5622222222222222,0.7755555555555556,0.6288888888888889,0.09777777777777778,0.6333333333333333,0.9933333333333333,0.2288888888888889,0.14,0.7977777777777778,매출 전분기 대비 +8.9%; 건수 +17.1%; 건당금액 -7.1%; 최대 업종 한식
231,서울특별시 중구,8105,71532070000.0,4217034.0,16962.64957787867,0.4630976008383373,0.04951681113100739,0.04209007232699962,0.208168448082098,0.02767541887156348,0.07808791217701375,0.13136373657298048,0.2861370615765059,0.0636914601861831,0.11047958269266878,-0.04213325777051635,-0.0014734872495106854,-0.0060322098268106444,-0.002592895674405307,0.01449030707486354,-0.004478271694927656,-0.004181252414401815,0.004267809785192617,2026,2,20262,,,0,14.27007909679042,share_western,1,탐색용: 검증 적중률이 무작위 기준을 넘지 못함,ticket_growth=+0.528; share_bakery=+0.116; concentration=+0.084,share_change_western=-1.341; share_western=-0.284; amount_growth=-0.173,0.7622222222222222,0.8333333333333334,0.1511111111111111,0.06666666666666667,0.5,0.1688888888888889,0.7977777777777778,0.7355555555555555,1.0,0.1111111111111111,0.03111111111111111,0.20666666666666667,0.4444444444444444,0.008888888888888889,0.11555555555555555,0.9933333333333333,0.08444444444444445,0.41333333333333333,0.6311111111111111,매출 전분기 대비 +6.4%; 건수 +11.0%; 건당금액 -4.2%; 최대 업종 한식
232,강원특별자치도 고성군,8105,4890430000.0,237174.0,20619.587307209054,0.42382776156697877,0.024110354304222738,0.0892804927174093,0.19840382134086368,0.013454849573554882,0.016973967524328126,0.23394875297264248,0.2827475309300901,0.3934516380877484,0.40970257483179195,-0.011527918749799193,-0.0025138519594261055,-0.007027274699817631,0.01981634031170834,0.0025798196084626523,-0.006439268810981159,0.0007355572302188591,-0.007151321680164996,2026,2,20262,,,0,13.563290637206599,"amount_growth, count_growth, share_japanese, share_western, share_bakery, share_supermarket, share_change_chinese, share_change_japanese",8,탐색용: 검증 적중률이 무작위 기준을 넘지 못함,share_japanese=+0.328; share_bakery=+0.253; share_change_japanese=+0.244,amount_growth=-1.411; count_growth=-0.523; share_western=-0.268,1.0,1.0,0.3488888888888889,0.05333333333333334,0.5,0.06666666666666667,0.28444444444444444,1.0,1.0,0.0,0.0,0.9911111111111112,0.43333333333333335,0.0,1.0,0.8733333333333333,0.04,0.5511111111111111,0.29555555555555557,매출 전분기 대비 +39.3%; 건수 +41.0%; 건당금액 -1.2%; 최대 업종 한식
233,경상남도 하동군,8105,5020470000.0,193034.0,26008.21616917227,0.5218674745591548,0.038287251990351504,0.03782912755180292,0.07865996609879154,0.027861933245293766,0.16863560582973308,0.12685864072487238,0.3267373774300049,0.2779415358299224,0.28209828574464835,-0.0032421460670714053,-0.005150058582759742,0.002172237837583059,-0.004130267239163744,0.0031157463337885827,0.0015036747485417772,-0.004081623893117031,0.006570290795127123,2026,2,20262,,,0,13.41122812516358,count_growth,1,탐색용: 검증 적중률이 무작위 기준을 넘지 못함,ticket_growth=+0.139; share_bakery=+0.115; share_convenience=+0.098,amount_growth=-0.977; count_growth=-0.357; share_change_western=-0.288,0.9933333333333333,1.0,0.44666666666666666,0.41333333333333333,0.5,0.6088888888888889,0.6066666666666667,0.6888888888888889,0.8644444444444445,0.11555555555555555,0.39555555555555555,0.18444444444444444,0.3622222222222222,0.8888888888888888,0.03333333333333333,0.8888888888888888,0.7755555555555556,0.41333333333333333,0.7222222222222222,매출 전분기 대비 +27.8%; 건수 +28.2%; 건당금액 -0.3%; 최대 업종 한식
234,전북특별자치도 고창군,8105,6576920000.0,292215.0,22507.12660198826,0.5607533617559587,0.03286188671901133,0.008161875163450369,0.09928507568892429,0.019500009122811284,0.1522521180126868,0.1271856735371572,0.3651855321283205,0.3671298654056021,0.3421904783776957,0.018581108590526307,0.037922202373326,-0.0018541139045920585,-0.002246065386359953,0.006097942705501749,-0.004034782749557889,-0.028771630883015542,-0.007113552155302377,2026,2,20262,,,0,13.372263006610947,"amount_growth, count_growth, share_japanese",3,탐색용: 검증 적중률이 무작위 기준을 넘지 못함,share_change_korean=+0.387; share_bakery=+0.195; share_change_convenience=+0.190,amount_growth=-1.312; share_change_western=-0.564; count_growth=-0.435,1.0,1.0,0.6377777777777778,0.7888888888888889,0.5,0.8244444444444444,0.5733333333333334,0.0,0.9355555555555556,0.02,0.3244444444444444,0.18666666666666668,0.8822222222222222,0.18,0.13333333333333333,0.9511111111111111,0.1,0.13555555555555557,0.29555555555555557,매출 전분기 대비 +36.7%; 건수 +34.2%; 건당금액 +1.9%; 최대 업종 한식
235,서울특별시 서대문구,8105,39723840000.0,3014270.0,13178.5938220531,0.34482542473235217,0.05026880583548821,0.039898710698663575,0.18336193077003632,0.04570882371895567,0.1469137928256684,0.18902251141883564,0.21604750006438214,0.052512431799972115,0.1401028345697839,-0.07682675642400638,0.0017485489401296017,-0.0016464120442592906,0.0017996950682981905,0.017106477947286453,-0.0007056141262837892,-0.026344218425481514,0.008041522640310328,2026,2,20262,,,0,12.89448231288761,"concentration, share_korean",2,탐색용: 검증 적중률이 무작위 기준을 넘지 못함,ticket_growth=+0.876; concentration=+0.203; share_change_supermarket=+0.085,share_change_western=-1.583; share_change_convenience=-0.274; share_western=-0.243,0.7088888888888889,0.9044444444444445,0.022222222222222223,0.0,0.5,0.0,0.8222222222222222,0.7288888888888889,0.9977777777777778,0.7222222222222222,0.29333333333333333,0.8333333333333334,0.5222222222222223,0.2111111111111111,0.8266666666666667,0.9933333333333333,0.4444444444444444,0.14666666666666667,0.78,매출 전분기 대비 +5.3%; 건수 +14.0%; 건당금액 -7.7%; 최대 업종 한식
236,충청남도 계룡시,8105,2683030000.0,157250.0,17062.193958664546,0.47844414710234323,0.044106849345702435,0.01367483777669277,0.12065463300820341,0.04254890925558044,0.0902598927332158,0.2103107307782619,0.29978661910579407,0.10819093879203168,0.1442771588453171,-0.03153625830450013,0.010200504775953079,-0.009724276304314702,-0.0026029544573836164,0.009109832938813178,-0.0049710094587176665,-0.006894694663370032,0.004882597169019787,2026,2,20262,,,0,12.875616601435036,share_change_chinese,1,탐색용: 검증 적중률이 무작위 기준을 넘지 못함,ticket_growth=+0.422; concentration=+0.061; share_change_korean=+0.057,share_change_western=-0.843; amount_growth=-0.340; share_change_convenience=-0.178,0.8688888888888889,0.9177777777777778,0.20666666666666667,0.14444444444444443,0.5,0.25333333333333335,0.7311111111111112,0.08444444444444445,0.96,0.6177777777777778,0.051111111111111114,0.94,0.6422222222222222,0.0,0.11555555555555555,0.9822222222222222,0.06888888888888889,0.3711111111111111,0.6422222222222222,매출 전분기 대비 +10.8%; 건수 +14.4%; 건당금액 -3.2%; 최대 업종 한식
237,충청남도 청양군,8105,3692290000.0,154852.0,23843.992973936405,0.5021653228755054,0.06380322239044062,0.0019310509196189898,0.09458086986666811,0.034815791825669164,0.17641897034089954,0.12628477178119812,0.31347376862887516,0.43747737085326976,0.40880846456872,0.020349754424087818,-0.0028237956681314014,-0.00843874693903586,0.00048278552887932326,-0.0036675855115744227,-0.0016205409483430397,0.03037386388171376,-0.01430598034350844,2026,2,20262,,,0,9.489757139551344,"amount_growth, count_growth, share_japanese, share_change_chinese",4,탐색용: 검증 적중률이 무작위 기준을 넘지 못함,share_change_convenience=+0.410; share_change_western=+0.340; share_convenience=+0.100,amount_growth=-1.576; count_growth=-0.522; share_chinese=-0.179,1.0,1.0,0.6577777777777778,0.26666666666666666,0.5,0.4177777777777778,0.96,0.0,0.9266666666666666,0.35333333333333333,0.44,0.18222222222222223,0.42444444444444446,0.0,0.6533333333333333,0.07555555555555556,0.31333333333333335,0.9688888888888889,0.16666666666666666,매출 전분기 대비 +43.7%; 건수 +40.9%; 건당금액 +2.0%; 최대 업종 한식
238,충청북도 단양군,8105,4576720000.0,194035.0,23587.084804287886,0.5560903878760335,0.02192399797234701,0.02143456449160097,0.1054488804209128,0.02491303815833173,0.10256471883794507,0.16762441224282892,0.36053421271251657,0.4208871075401346,0.3238294069085972,0.0733158669274363,0.04906002802219789,-0.007156761908809019,-0.00392999280839313,0.008507839822098129,-0.0048662560425915755,-0.014546888318771878,-0.02706796876573045,2026,2,20262,,,0,9.114013282712188,"amount_growth, count_growth, share_change_chinese",3,탐색용: 검증 적중률이 무작위 기준을 넘지 못함,share_change_convenience=+0.801; share_change_korean=+0.519; share_bakery=+0.143,amount_growth=-1.514; share_change_western=-0.788; ticket_growth=-0.628,1.0,1.0,0.8733333333333333,0.7644444444444445,0.5,0.8022222222222222,0.16444444444444445,0.3333333333333333,0.9488888888888889,0.02666666666666667,0.14222222222222222,0.6466666666666666,0.9288888888888889,0.0,0.04666666666666667,0.9822222222222222,0.07111111111111111,0.23333333333333334,0.013333333333333334,매출 전분기 대비 +42.1%; 건수 +32.4%; 건당금액 +7.3%; 최대 업종 한식
239,강원특별자치도 영월군,8105,3920680000.0,181444.0,21608.20969555345,0.6166940428701144,0.03089770141914158,0.007636430415132069,0.08890294540742932,0.02113663956252487,0.06397104583898712,0.17076119448667068,0.4229266970163189,0.43514769940334563,0.3995988892317186,0.025399284355777763,0.02875524569598653,-0.006226644274331828,-1.3922818880888858e-05,0.004013308158628118,-0.004369418492308763,-0.010969471749504411,-0.011189096519588687,2026,2,20262,,,0,8.591204421777984,"amount_growth, count_growth, share_japanese, share_supermarket",4,탐색용: 검증 적중률이 무작위 기준을 넘지 못함,share_change_convenience=+0.314; share_change_korean=+0.278; share_bakery=+0.179,amount_growth=-1.567; count_growth=-0.510; share_change_western=-0.371,1.0,1.0,0.6733333333333333,0.9844444444444445,0.5,0.9844444444444445,0.5355555555555556,0.0,0.8955555555555555,0.02,0.0,0.6711111111111111,0.8422222222222222,0.0044444444444444444,0.5333333333333333,0.9111111111111111,0.09111111111111111,0.28444444444444444,0.2311111111111111,매출 전분기 대비 +43.5%; 건수 +40.0%; 건당금액 +2.5%; 최대 업종 한식
240,경상남도 합천군,8105,4428270000.0,177272.0,24980.08709779322,0.5331675801159369,0.04280226815438083,0.007745688496862206,0.09123653255108655,0.021744383246730666,0.18447158822745677,0.11883195920754606,0.3431074228031244,0.4726685001845712,0.47607350724830755,-0.002306800472345105,0.021958622261352367,-0.005971081762645276,-0.009773608336827524,0.0025958078348439495,0.0001944509228298634,-0.00254058681918487,-0.006463604100368545,2026,2,20262,,,0,8.077385876810151,"amount_growth, count_growth, share_japanese",3,탐색용: 검증 적중률이 무작위 기준을 넘지 못함,share_change_korean=+0.197; share_bakery=+0.173; share_change_convenience=+0.170,amount_growth=-1.708; count_growth=-0.610; share_change_western=-0.240,1.0,1.0,0.46,0.6422222222222222,0.5,0.6888888888888889,0.7022222222222222,0.0,0.9088888888888889,0.02,0.4822222222222222,0.13111111111111112,0.7666666666666667,0.008888888888888889,0.0044444444444444444,0.8733333333333333,0.6088888888888889,0.4488888888888889,0.30444444444444446,매출 전분기 대비 +47.3%; 건수 +47.6%; 건당금액 -0.2%; 최대 업종 한식
241,인천광역시 옹진군,8105,4020010000.0,165927.0,24227.582008955746,0.4706679834129766,0.031114350461814773,0.035129265847597395,0.09973358275228171,0.003567155305583817,0.0928331024052179,0.2669545598145278,0.3135727527672162,0.43958932414672325,0.4230079843571777,0.011652316762674975,0.008027382081538859,-0.0025834153154361897,0.009087804345772846,0.009222314949941843,-0.00020369988713087647,-0.0013988857629629592,-0.02215150041172348,2026,2,20262,,,0,7.251893124909505,"amount_growth, count_growth, share_bakery, share_convenience",4,탐색용: 검증 적중률이 무작위 기준을 넘지 못함,share_change_convenience=+0.650; share_bakery=+0.348; share_change_japanese=+0.113,amount_growth=-1.584; share_change_western=-0.854; count_growth=-0.541,1.0,1.0,0.5866666666666667,0.2688888888888889,0.5,0.21555555555555556,0.5377777777777778,0.6666666666666666,0.9355555555555556,0.0,0.057777777777777775,1.0,0.6155555555555555,0.08888888888888889,0.9977777777777778,0.9844444444444445,0.5444444444444444,0.4822222222222222,0.03777777777777778,매출 전분기 대비 +44.0%; 건수 +42.3%; 건당금액 +1.2%; 최대 업종 한식
242,서울특별시 용산구,8105,55697910000.0,3298935.0,16883.603344715793,0.30980121157149343,0.10308986459276478,0.04661180284861676,0.3065107829001124,0.027316644376781822,0.050583047011997395,0.15608664669823338,0.23039371605428258,0.03336291917240297,0.08669414145353715,-0.04907657108540198,-0.00016846170659401416,-0.015175816489453542,0.00018368066751209278,0.018627519814593874,-0.0025169389890501714,-0.005842540830300683,0.004892557533292458,2026,2,20262,,,0,5.961241961863071,"concentration, share_korean, share_chinese, share_western, share_supermarket, share_change_chinese",6,탐색용: 검증 적중률이 무작위 기준을 넘지 못함,ticket_growth=+0.598; concentration=+0.179; share_bakery=+0.120,share_change_western=-1.724; share_western=-0.447; share_chinese=-0.423,0.6244444444444445,0.76,0.1111111111111111,0.0,0.5,0.0,1.0,0.7911111111111111,1.0,0.09555555555555556,0.0,0.48,0.4822222222222222,0.0,0.5911111111111111,0.9933333333333333,0.2,0.38666666666666666,0.6444444444444445,매출 전분기 대비 +3.3%; 건수 +8.7%; 건당금액 -4.9%; 최대 업종 한식
243,전북특별자치도 장수군,8105,2986190000.0,141058.0,21169.944278240157,0.5215073387828638,0.05594754519973612,0.0037104136039568815,0.08826631928979736,0.01828081937184171,0.19841336284697222,0.11387420090483191,0.3355741270532063,0.5790589703456153,0.5571206217090374,0.014089048934756931,-0.009479589598201388,0.00821921489811591,-0.0002819295577673876,-0.0002156384918346882,0.004796746441514708,0.006706860879883925,-0.009745664571711082,2026,2,20262,,,0,5.331312532093479,"amount_growth, count_growth, share_japanese, share_change_chinese",4,탐색용: 검증 적중률이 무작위 기준을 넘지 못함,share_change_convenience=+0.270; share_bakery=+0.207; share_convenience=+0.139,amount_growth=-2.107; count_growth=-0.715; share_change_korean=-0.177,1.0,1.0,0.6111111111111112,0.5533333333333333,0.5,0.6022222222222222,0.94,0.0,0.8955555555555555,0.008888888888888889,0.5577777777777778,0.09555555555555556,0.25333333333333335,1.0,0.4777777777777778,0.4822222222222222,0.9555555555555556,0.7311111111111112,0.26222222222222225,매출 전분기 대비 +57.9%; 건수 +55.7%; 건당금액 +1.4%; 최대 업종 한식
244,서울특별시 송파구,8105,83523120000.0,5422767.0,15402.306608415962,0.3971786494565816,0.03782784934279275,0.05204068047266434,0.20063163349261856,0.03412240826252659,0.11570353214774544,0.16249524682507072,0.2430994618898691,0.09490930761371397,0.1514594095772499,-0.04911167644571868,-0.005735546262157831,-0.005815084076046591,-0.00167276131801182,0.025340474790970985,-0.001659023912394371,-0.015776766119997607,0.005318706897637221,2026,2,20262,,,0,4.957303130653276,share_western,1,탐색용: 검증 적중률이 무작위 기준을 넘지 못함,ticket_growth=+0.598; concentration=+0.158; share_japanese=+0.113,share_change_western=-2.346; amount_growth=-0.290; share_western=-0.272,0.8488888888888889,0.9288888888888889,0.10888888888888888,0.0022222222222222222,0.5,0.022222222222222223,0.6044444444444445,0.8422222222222222,1.0,0.34444444444444444,0.19111111111111112,0.54,0.3466666666666667,0.008888888888888889,0.20666666666666667,0.9977777777777778,0.3022222222222222,0.2288888888888889,0.6577777777777778,매출 전분기 대비 +9.5%; 건수 +15.1%; 건당금액 -4.9%; 최대 업종 한식
245,경상북도 영양군,8105,1896100000.0,82461.0,22993.900146736032,0.3654659564368968,0.0451558462106429,0.008897210062760404,0.07116713253520383,0.052138600284795104,0.34084700174041455,0.11632825272928643,0.27317571147965564,0.733640544568487,0.6352873517629793,0.0601442876076026,-0.015091961109802099,-0.0010538437437325743,0.0031552857866725924,-0.002673282199963628,-0.002363964380426936,0.02974991018963785,-0.01172214454238521,2026,2,20262,,,0,1.5045304430593895,"amount_growth, count_growth, share_japanese",3,탐색용: 검증 적중률이 무작위 기준을 넘지 못함,share_change_convenience=+0.331; share_change_western=+0.248; share_convenience=+0.131,amount_growth=-2.687; count_growth=-0.817; ticket_growth=-0.496,1.0,1.0,0.8311111111111111,0.03111111111111111,0.5,0.0022222222222222222,0.7466666666666667,0.0,0.8355555555555556,0.8577777777777778,0.9955555555555555,0.1111111111111111,0.14444444444444443,0.29555555555555557,0.9266666666666666,0.13777777777777778,0.22444444444444445,0.9688888888888889,0.22444444444444445,매출 전분기 대비 +73.4%; 건수 +63.5%; 건당금액 +6.0%; 최대 업종 한식
246,전라남도 곡성군,8105,3197320000.0,162788.0,19641.005479519376,0.5715693143007269,0.07199467053657438,0.0112875783468655,0.12485143807939149,0.024783255976880636,0.061851800883239716,0.1336619418763214,0.3698953744067664,0.7156501861967568,0.6358301344534438,0.04879482903644039,0.0011794279505052963,-0.006937729845477761,0.0009689511589194583,0.017469031794848502,0.004913325411636648,0.014460165249365858,-0.03205317171979796,2026,2,20262,,,0,0.5288475718041318,"amount_growth, count_growth, share_supermarket, share_change_chinese",4,탐색용: 검증 적중률이 무작위 기준을 넘지 못함,share_change_convenience=+0.953; share_bakery=+0.144; share_korean=+0.081,amount_growth=-2.620; share_change_western=-1.617; count_growth=-0.818,1.0,1.0,0.7844444444444445,0.8133333333333334,0.5,0.8644444444444445,0.96,0.017777777777777778,0.96,0.02666666666666667,0.0,0.22,0.5022222222222222,0.0,0.7266666666666667,0.9933333333333333,0.9555555555555556,0.8822222222222222,0.0044444444444444444,매출 전분기 대비 +71.6%; 건수 +63.6%; 건당금액 +4.9%; 최대 업종 한식
