region,feature,value,log_odds_contribution
강원특별자치도 강릉시,amount_growth,0.060424283090870556,-0.1610893237680046
강원특별자치도 강릉시,count_growth,0.11670651903521723,-0.14150661850881083
강원특별자치도 강릉시,ticket_growth,-0.05040020362106601,0.6111005775722245
강원특별자치도 강릉시,concentration,0.26904426581579166,0.11350679713998806
강원특별자치도 강릉시,q,2.0,-0.07081147702910696
강원특별자치도 강릉시,share_korean,0.44929193031874703,-0.08224704061479876
강원특별자치도 강릉시,share_chinese,0.02289570943184797,0.07467633817449658
강원특별자치도 강릉시,share_japanese,0.08021028769989154,0.27592071227948284
강원특별자치도 강릉시,share_western,0.1358915509681664,-0.16397762890452566
강원특별자치도 강릉시,share_bakery,0.02538153518759349,0.13835226779629567
강원특별자치도 강릉시,share_supermarket,0.13541068041512674,-0.027518777914809542
강원특별자치도 강릉시,share_convenience,0.15091830597862682,0.02226745291079513
강원특별자치도 강릉시,share_change_korean,0.0038162157534821217,-0.019033967831978908
강원특별자치도 강릉시,share_change_chinese,-0.002713736233283557,-0.042664071953354345
강원특별자치도 강릉시,share_change_japanese,0.008574973401282104,0.10626787793232446
강원특별자치도 강릉시,share_change_western,-0.0033909648379295,0.3139711755536617
강원특별자치도 강릉시,share_change_bakery,-0.00529147553912989,0.03332778539122339
강원특별자치도 강릉시,share_change_supermarket,-0.008726360439522574,0.018381269446020726
강원특별자치도 강릉시,share_change_convenience,0.007731347895101298,-0.26474985804530793
강원특별자치도 고성군,amount_growth,0.3934516380877484,-1.4106385904083292
강원특별자치도 고성군,count_growth,0.40970257483179195,-0.5231954755511519
강원특별자치도 고성군,ticket_growth,-0.011527918749799193,0.22191394018329316
강원특별자치도 고성군,concentration,0.2827475309300901,0.0902515919518746
강원특별자치도 고성군,q,2.0,-0.07081147702910696
강원특별자치도 고성군,share_korean,0.42382776156697877,-0.11632890242356908
강원특별자치도 고성군,share_chinese,0.024110354304222738,0.06713644977308657
강원특별자치도 고성군,share_japanese,0.0892804927174093,0.3284549336569314
강원특별자치도 고성군,share_western,0.19840382134086368,-0.2678477301526362
강원특별자치도 고성군,share_bakery,0.013454849573554882,0.25283997317897217
강원특별자치도 고성군,share_supermarket,0.016973967524328126,-0.09099087637982214
강원특별자치도 고성군,share_convenience,0.23394875297264248,-0.23876511903473738
강원특별자치도 고성군,share_change_korean,-0.0025138519594261055,-0.09432752697036954
강원특별자치도 고성군,share_change_chinese,-0.007027274699817631,-0.11375338670763817
강원특별자치도 고성군,share_change_japanese,0.01981634031170834,0.24407657449028597
강원특별자치도 고성군,share_change_western,0.0025798196084626523,-0.23874562871002356
강원특별자치도 고성군,share_change_bakery,-0.006439268810981159,0.04115770590733538
강원특별자치도 고성군,share_change_supermarket,0.0007355572302188591,-0.017471592436040833
강원특별자치도 고성군,share_change_convenience,-0.007151321680164996,0.19083052222675223
강원특별자치도 동해시,amount_growth,0.0829393353175365,-0.24556787057825927
강원특별자치도 동해시,count_growth,0.10640294982471965,-0.12808405708654386
강원특별자치도 동해시,ticket_growth,-0.021207114922190184,0.3188213852546562
강원특별자치도 동해시,concentration,0.2507629079465862,0.14453128107280674
강원특별자치도 동해시,q,2.0,-0.07081147702910696
강원특별자치도 동해시,share_korean,0.3811243011161568,-0.17348425086745406
강원특별자치도 동해시,share_chinese,0.03350385827157096,0.008826425812309332
강원특별자치도 동해시,share_japanese,0.03617772524793039,0.02088608194863356
강원특별자치도 동해시,share_western,0.1098016485890368,-0.12062676697747098
강원특별자치도 동해시,share_bakery,0.021283810867009704,0.17768750894679708
강원특별자치도 동해시,share_supermarket,0.24879732741000973,0.033246910755666624
강원특별자치도 동해시,share_convenience,0.16931132849828565,-0.03555685308751754
강원특별자치도 동해시,share_change_korean,0.0178168996899275,0.14749842514653985
강원특별자치도 동해시,share_change_chinese,-0.005108971645747078,-0.08213877363233171
강원특별자치도 동해시,share_change_japanese,0.004300379122274094,0.05386533021743295
강원특별자치도 동해시,share_change_western,0.0048504111253954985,-0.4489347752610578
강원특별자치도 동해시,share_change_bakery,-0.002902314973677319,0.017029608893333225
강원특별자치도 동해시,share_change_supermarket,-0.027580308356046884,0.08982217753428573
강원특별자치도 동해시,share_change_convenience,0.008623905037874191,-0.29207234346786975
강원특별자치도 삼척시,amount_growth,0.2904605688011779,-1.0242066256865616
강원특별자치도 삼척시,count_growth,0.28419600551790314,-0.3596968275489298
강원특별자치도 삼척시,ticket_growth,0.004878198698919256,0.057657022854663724
강원특별자치도 삼척시,concentration,0.3113921634721207,0.0416400528955394
강원특별자치도 삼척시,q,2.0,-0.07081147702910696
강원특별자치도 삼척시,share_korean,0.5037178193774988,-0.009402109064027676
강원특별자치도 삼척시,share_chinese,0.024933143305523084,0.06202900035407801
강원특별자치도 삼척시,share_japanese,0.09588931413838936,0.36673293144234487
강원특별자치도 삼척시,share_western,0.09657923252251242,-0.09865646118972311
강원특별자치도 삼척시,share_bakery,0.018025952674534673,0.20896063217556649
강원특별자치도 삼척시,share_supermarket,0.08477055209484309,-0.05465761968585326
강원특별자치도 삼척시,share_convenience,0.17608398588669857,-0.056848851878403946
강원특별자치도 삼척시,share_change_korean,0.010059358395399787,0.055225653239700336
강원특별자치도 삼척시,share_change_chinese,-0.004538438161512108,-0.07273609071822129
강원특별자치도 삼척시,share_change_japanese,0.02192966234183523,0.2699839358191734
강원특별자치도 삼척시,share_change_western,-0.006633297290900814,0.6141145901848183
강원특별자치도 삼척시,share_change_bakery,-0.004836307203714668,0.030222755962009244
강원특별자치도 삼척시,share_change_supermarket,-0.010746027176547227,0.026034140153393687
강원특별자치도 삼척시,share_change_convenience,-0.005234950904560165,0.13216759738810208
강원특별자치도 속초시,amount_growth,0.06337364131434464,-0.1721555870941395
강원특별자치도 속초시,count_growth,0.0940442713820322,-0.11198428456053316
강원특별자치도 속초시,ticket_growth,-0.028034176376558695,0.3871734540736733
강원특별자치도 속초시,concentration,0.34584381326182606,-0.016826318312053133
강원특별자치도 속초시,q,2.0,-0.07081147702910696
강원특별자치도 속초시,share_korean,0.5483333885647633,0.05031245214482344
강원특별자치도 속초시,share_chinese,0.014912121939344236,0.12423432841956496
강원특별자치도 속초시,share_japanese,0.09111510800536485,0.3390809432668316
강원특별자치도 속초시,share_western,0.08994432307691748,-0.08763192613800962
강원특별자치도 속초시,share_bakery,0.021512217131624267,0.17549497113897816
강원특별자치도 속초시,share_supermarket,0.09870099318249934,-0.04719207706148119
강원특별자치도 속초시,share_convenience,0.1354818480994865,0.0707968592647233
강원특별자치도 속초시,share_change_korean,0.010389711310523353,0.05915506566931372
강원특별자치도 속초시,share_change_chinese,-0.001843048801297974,-0.028314698837700637
강원특별자치도 속초시,share_change_japanese,0.003895901750018499,0.048906814059933086
강원특별자치도 속초시,share_change_western,-0.003166764541534889,0.29321690575028964
강원특별자치도 속초시,share_change_bakery,-0.001479867262267072,0.007326073603651848
강원특별자치도 속초시,share_change_supermarket,-0.009544271723689449,0.021480478435842335
강원특별자치도 속초시,share_change_convenience,0.0017483392682475507,-0.08160117416113485
강원특별자치도 양구군,amount_growth,0.1836810697216631,-0.6235601239351372
강원특별자치도 양구군,count_growth,0.22694691784279275,-0.2851178753441913
강원특별자치도 양구군,ticket_growth,-0.035263015450741286,0.459548092735225
강원특별자치도 양구군,concentration,0.27678325841719487,0.10037329505900336
강원특별자치도 양구군,q,2.0,-0.07081147702910696
강원특별자치도 양구군,share_korean,0.4283552572438798,-0.11026919226753931
강원특별자치도 양구군,share_chinese,0.0402158930872262,-0.03283842175542041
강원특별자치도 양구군,share_japanese,0.01086581967458724,-0.1257193418876397
강원특별자치도 양구군,share_western,0.0977287028436161,-0.10056641579420159
강원특별자치도 양구군,share_bakery,0.020102328229407006,0.18902890256661278
강원특별자치도 양구군,share_supermarket,0.21730515686333263,0.016369760917350294
강원특별자치도 양구군,share_convenience,0.18542684205795104,-0.0862210865705163
강원특별자치도 양구군,share_change_korean,0.020914023659017622,0.18433744445909597
강원특별자치도 양구군,share_change_chinese,-0.00035088914673994664,-0.003723146410500071
강원특별자치도 양구군,share_change_japanese,0.0023002433602678316,0.02934552719904746
강원특별자치도 양구군,share_change_western,-0.007106502916423632,0.657919337022834
강원특별자치도 양구군,share_change_bakery,-0.003523943084779397,0.02127017975210788
강원특별자치도 양구군,share_change_supermarket,-0.01974229075453271,0.06012255719253165
강원특별자치도 양구군,share_change_convenience,0.007509358883190237,-0.25795444826004094
강원특별자치도 양양군,amount_growth,0.29004128926189265,-1.022633450291297
강원특별자치도 양양군,count_growth,0.307902533024772,-0.390579555181352
강원특별자치도 양양군,ticket_growth,-0.013656402760817143,0.24322417542486735
강원특별자치도 양양군,concentration,0.3076257499272728,0.048031866749985955
강원특별자치도 양양군,q,2.0,-0.07081147702910696
강원특별자치도 양양군,share_korean,0.4999372039496733,-0.014462176558055243
강원특별자치도 양양군,share_chinese,0.017974212636680562,0.10522644993754214
강원특별자치도 양양군,share_japanese,0.07561041065972869,0.24927843040490066
강원특별자치도 양양군,share_western,0.09383316345349192,-0.09409360544103727
강원특별자치도 양양군,share_bakery,0.024003955490159528,0.1515760538207493
강원특별자치도 양양군,share_supermarket,0.12684405559367387,-0.03210976698321961
강원특별자치도 양양군,share_convenience,0.16179699821659216,-0.011933170078560342
강원특별자치도 양양군,share_change_korean,0.016129723447380284,0.12743015574460742
강원특별자치도 양양군,share_change_chinese,-0.003533382643279733,-0.05617226298480128
강원특별자치도 양양군,share_change_japanese,0.006232171345734172,0.07754730505706975
강원특별자치도 양양군,share_change_western,-0.0019268847087862973,0.17844096215683294
강원특별자치도 양양군,share_change_bakery,-0.00513047081763222,0.03222945679585517
강원특별자치도 양양군,share_change_supermarket,-0.014219914622118385,0.03919730761343077
강원특별자치도 양양군,share_change_convenience,0.0024487579987022,-0.10304202050637083
강원특별자치도 영월군,amount_growth,0.43514769940334563,-1.5670860475224242
강원특별자치도 영월군,count_growth,0.3995988892317186,-0.5100333044832769
강원특별자치도 영월군,ticket_growth,0.025399284355777763,-0.14779867260578983
강원특별자치도 영월군,concentration,0.4229266970163189,-0.1476402712824146
강원특별자치도 영월군,q,2.0,-0.07081147702910696
강원특별자치도 영월군,share_korean,0.6166940428701144,0.14180801188228032
강원특별자치도 영월군,share_chinese,0.03089770141914158,0.02500410232566694
강원특별자치도 영월군,share_japanese,0.007636430415132069,-0.1444238198947533
강원특별자치도 영월군,share_western,0.08890294540742932,-0.08590157778684016
강원특별자치도 영월군,share_bakery,0.02113663956252487,0.17910024887253229
강원특별자치도 영월군,share_supermarket,0.06397104583898712,-0.0658044024432621
강원특별자치도 영월군,share_convenience,0.17076119448667068,-0.04011496714839661
강원특별자치도 영월군,share_change_korean,0.02875524569598653,0.2776055644752286
강원특별자치도 영월군,share_change_chinese,-0.006226644274331828,-0.10055858880313527
강원특별자치도 영월군,share_change_japanese,-1.3922818880888858e-05,0.0009760035185050246
강원특별자치도 영월군,share_change_western,0.004013308158628118,-0.37144397304144466
강원특별자치도 영월군,share_change_bakery,-0.004369418492308763,0.02703777344831849
강원특별자치도 영월군,share_change_supermarket,-0.010969471749504411,0.026880810743029993
강원특별자치도 영월군,share_change_convenience,-0.011189096519588687,0.31443274207679467
강원특별자치도 원주시,amount_growth,0.07935622916303942,-0.2321237267250066
강원특별자치도 원주시,count_growth,0.1497054192877345,-0.18449461193689434
강원특별자치도 원주시,ticket_growth,-0.061188882773360875,0.719116089782399
강원특별자치도 원주시,concentration,0.27009074041521974,0.11173087137843682
강원특별자치도 원주시,q,2.0,-0.07081147702910696
강원특별자치도 원주시,share_korean,0.4298805718094006,-0.10822767421353356
강원특별자치도 원주시,share_chinese,0.028474051489456007,0.040048870067687405
강원특별자치도 원주시,share_japanese,0.028100149600830678,-0.02589887455656738
강원특별자치도 원주시,share_western,0.10776810228160302,-0.11724783577585969
강원특별자치도 원주시,share_bakery,0.028331183297285664,0.11003774231173775
강원특별자치도 원주시,share_supermarket,0.19339764606118606,0.003557349607975872
강원특별자치도 원주시,share_convenience,0.18404829546023796,-0.08188718765782292
강원특별자치도 원주시,share_change_korean,0.02040524958334544,0.17828578550502394
강원특별자치도 원주시,share_change_chinese,-0.0035016735529613645,-0.05564968099794682
강원특별자치도 원주시,share_change_japanese,-0.002224731257443928,-0.026126450452207198
강원특별자치도 원주시,share_change_western,0.0030838616472186192,-0.28540490897328785
강원특별자치도 원주시,share_change_bakery,-0.0008474281811963712,0.003011753370636781
강원특별자치도 원주시,share_change_supermarket,-0.026927007705984995,0.08734670704387615
강원특별자치도 원주시,share_change_convenience,0.010011729467022584,-0.3345556881383078
강원특별자치도 인제군,amount_growth,0.11448278635778641,-0.3639218001376457
강원특별자치도 인제군,count_growth,0.18210919547292237,-0.2267073313619207
강원특별자치도 인제군,ticket_growth,-0.05720825907972138,0.6792623596718907
강원특별자치도 인제군,concentration,0.3113836799609077,0.04165444988722917
강원특별자치도 인제군,q,2.0,-0.07081147702910696
강원특별자치도 인제군,share_korean,0.46500424026993376,-0.0612173034310265
강원특별자치도 인제군,share_chinese,0.039762304301017064,-0.03002277670069638
강원특별자치도 인제군,share_japanese,0.006077720238417447,-0.1534517994529505
강원특별자치도 인제군,share_western,0.22394940546002418,-0.31029415535971405
강원특별자치도 인제군,share_bakery,0.012889217685233635,0.25826963730199937
강원특별자치도 인제군,share_supermarket,0.05070881675417862,-0.0729118397385935
강원특별자치도 인제군,share_convenience,0.20160829529119528,-0.1370926223529809
강원특별자치도 인제군,share_change_korean,0.0550306506088441,0.5901407289343902
강원특별자치도 인제군,share_change_chinese,-0.004089583300870538,-0.0653387336030134
강원특별자치도 인제군,share_change_japanese,-0.000873427337730129,-0.009560721985795814
강원특별자치도 인제군,share_change_western,0.004532443855562562,-0.4195004764984046
강원특별자치도 인제군,share_change_bakery,-0.001006374335358386,0.00409603900285952
강원특별자치도 인제군,share_change_supermarket,-0.0819327533873915,0.29577310341191426
강원특별자치도 인제군,share_change_convenience,0.02833904389694389,-0.8955817080417138
강원특별자치도 정선군,amount_growth,0.21933060420366934,-0.7573204562311958
강원특별자치도 정선군,count_growth,0.20714241586202142,-0.2593183549213578
강원특별자치도 정선군,ticket_growth,0.010096727760944724,0.005409469501623139
강원특별자치도 정선군,concentration,0.3118469160610731,0.04086831238860867
강원특별자치도 정선군,q,2.0,-0.07081147702910696
강원특별자치도 정선군,share_korean,0.4850158252362719,-0.03443331216683724
강원특별자치도 정선군,share_chinese,0.04053556804851597,-0.03482279890768015
강원특별자치도 정선군,share_japanese,0.008716329873176778,-0.13816909058215912
강원특별자치도 정선군,share_western,0.06407422367809477,-0.04464628783318134
강원특별자치도 정선군,share_bakery,0.027915495451627897,0.11402805019315015
강원특별자치도 정선군,share_supermarket,0.1779011088731989,-0.004747488564707545
강원특별자치도 정선군,share_convenience,0.19584144883911378,-0.1189627095812202
강원특별자치도 정선군,share_change_korean,-0.018129083452581962,-0.2800643009217853
강원특별자치도 정선군,share_change_chinese,0.0004790963172728313,0.00995543750626598
강원특별자치도 정선군,share_change_japanese,-0.00108863349947424,-0.012198949247437012
강원특별자치도 정선군,share_change_western,-0.024165386484792772,2.2370638690135336
강원특별자치도 정선군,share_change_bakery,0.0036569399337426506,-0.02771576976460239
강원특별자치도 정선군,share_change_supermarket,0.06459668609761669,-0.2594525853839447
강원특별자치도 정선군,share_change_convenience,-0.02534961891178314,0.7479071361470897
강원특별자치도 철원군,amount_growth,0.11779214687907635,-0.37633882519693873
강원특별자치도 철원군,count_growth,0.14675596035360305,-0.18065232263917225
강원특별자치도 철원군,ticket_growth,-0.02525717282131723,0.3593702858457
강원특별자치도 철원군,concentration,0.3039898675494809,0.05420216193366243
강원특별자치도 철원군,q,2.0,-0.07081147702910696
강원특별자치도 철원군,share_korean,0.48198412599003804,-0.038491012057343996
강원특별자치도 철원군,share_chinese,0.040382278893244986,-0.03387125895540591
강원특별자치도 철원군,share_japanese,0.012168543407192154,-0.1181740243529042
강원특별자치도 철원군,share_western,0.0997970865638739,-0.10400323268090607
강원특별자치도 철원군,share_bakery,0.020806977550091647,0.1822647698951112
강원특별자치도 철원군,share_supermarket,0.16766453315296584,-0.010233430602445985
강원특별자치도 철원군,share_convenience,0.17719645444259344,-0.06034624998797571
강원특별자치도 철원군,share_change_korean,0.02213295586241959,0.19883614306786165
강원특별자치도 철원군,share_change_chinese,-0.002192211881309726,-0.034069084544031174
강원특별자치도 철원군,share_change_japanese,-0.0031298047165667225,-0.03722180875558532
강원특별자치도 철원군,share_change_western,-0.00741735866099269,0.68669532035766
강원특별자치도 철원군,share_change_bakery,-0.003687647260020757,0.02238692325612592
강원특별자치도 철원군,share_change_supermarket,-0.015943646189597205,0.045728828174870666
강원특별자치도 철원군,share_change_convenience,0.010237712846067532,-0.34147337136978684
강원특별자치도 춘천시,amount_growth,0.10573283568387759,-0.3310911804192617
강원특별자치도 춘천시,count_growth,0.1814780614865128,-0.22588514688145622
강원특별자치도 춘천시,ticket_growth,-0.0641105647847019,0.7483677687428513
강원특별자치도 춘천시,concentration,0.2877707390008029,0.08172692769028012
강원특별자치도 춘천시,q,2.0,-0.07081147702910696
강원특별자치도 춘천시,share_korean,0.4641158407184641,-0.06240635896389399
강원특별자치도 춘천시,share_chinese,0.03197259507508159,0.018331717340147703
강원특별자치도 춘천시,share_japanese,0.029005664513806175,-0.02065417272160771
강원특별자치도 춘천시,share_western,0.1191559098993496,-0.13616976459394917
강원특별자치도 춘천시,share_bakery,0.022364321426976325,0.16731537550959813
강원특별자치도 춘천시,share_supermarket,0.17747138493019576,-0.004977784389011766
강원특별자치도 춘천시,share_convenience,0.15591428343612646,0.006561011571186005
강원특별자치도 춘천시,share_change_korean,0.01685364491850999,0.1360409047239439
강원특별자치도 춘천시,share_change_chinese,-0.0029912279828448393,-0.04723727756617673
강원특별자치도 춘천시,share_change_japanese,-0.0008608772456345053,-0.009406869536430764
강원특별자치도 춘천시,share_change_western,0.003175490682502155,-0.29388702853636844
강원특별자치도 춘천시,share_change_bakery,-0.001551453452794914,0.007814414314152966
강원특별자치도 춘천시,share_change_supermarket,-0.020943561762555185,0.06467438326382441
강원특별자치도 춘천시,share_change_convenience,0.006317984842817342,-0.22148473860113838
강원특별자치도 태백시,amount_growth,0.010972863230562124,0.02445695191661745
강원특별자치도 태백시,count_growth,0.05497352060787475,-0.06108643146066678
강원특별자치도 태백시,ticket_growth,-0.041707831066659984,0.5240731425607649
강원특별자치도 태백시,concentration,0.3314723484556671,0.007562859021475307
강원특별자치도 태백시,q,2.0,-0.07081147702910696
강원특별자치도 태백시,share_korean,0.5162317052189441,0.007346779623306755
강원특별자치도 태백시,share_chinese,0.03454873367782201,0.0023403786262638673
강원특별자치도 태백시,share_japanese,0.013039944470482146,-0.1131269084080048
강원특별자치도 태백시,share_western,0.08582751440148553,-0.08079145575696615
강원특별자치도 태백시,share_bakery,0.023469526990549303,0.1567061875889658
강원특별자치도 태백시,share_supermarket,0.1297498205376159,-0.030552521817118747
강원특별자치도 태백시,share_convenience,0.197132754703101,-0.12302233954887799
강원특별자치도 태백시,share_change_korean,-0.005373649562303351,-0.12834364649733418
강원특별자치도 태백시,share_change_chinese,0.00238286021211858,0.04133043781947152
강원특별자치도 태백시,share_change_japanese,0.0005916374822167222,0.008399609246035208
강원특별자치도 태백시,share_change_western,-0.0069844954707926205,0.6466250814604354
강원특별자치도 태백시,share_change_bakery,-0.0006743707599987415,0.0018312046725988138
강원특별자치도 태백시,share_change_supermarket,-0.004632517321011387,0.002868981449245044
강원특별자치도 태백시,share_change_convenience,0.014690535419770806,-0.4777808121251161
강원특별자치도 평창군,amount_growth,-0.07892299953766913,0.36175449733025383
강원특별자치도 평창군,count_growth,-0.07297490130170758,0.10559324204642836
강원특별자치도 평창군,ticket_growth,-0.006416329228101425,0.17073705813866386
강원특별자치도 평창군,concentration,0.38431006329285466,-0.08210569004043441
강원특별자치도 평창군,q,2.0,-0.07081147702910696
강원특별자치도 평창군,share_korean,0.5767668203416176,0.08836844768956528
강원특별자치도 평창군,share_chinese,0.02405807853319909,0.06746095077628543
강원특별자치도 평창군,share_japanese,0.0069683641566424676,-0.14829322975379322
강원특별자치도 평창군,share_western,0.0831169519368343,-0.0762875976189706
강원특별자치도 평창군,share_bakery,0.020033678954774817,0.18968788681279541
강원특별자치도 평창군,share_supermarket,0.11341329141127773,-0.03930752488985297
강원특별자치도 평창군,share_convenience,0.17564281466565393,-0.05546189007503157
강원특별자치도 평창군,share_change_korean,0.031056396746201864,0.30497681238975627
강원특별자치도 평창군,share_change_chinese,0.0008764557111368212,0.016504123055294098
강원특별자치도 평창군,share_change_japanese,-0.002835490950757944,-0.03361379588950274
강원특별자치도 평창군,share_change_western,-0.025349126399099933,2.3466429282459544
강원특별자치도 평창군,share_change_bakery,0.0003974967503106823,-0.005480771809010285
강원특별자치도 평창군,share_change_supermarket,0.008710938947027028,-0.04769170944930334
강원특별자치도 평창군,share_change_convenience,-0.012856670804818587,0.36547964083073364
강원특별자치도 홍천군,amount_growth,0.045418939930989444,-0.10478789609311692
강원특별자치도 홍천군,count_growth,0.06947789517274239,-0.07998142352711989
강원특별자치도 홍천군,ticket_growth,-0.02249598177797507,0.3317254313972008
강원특별자치도 홍천군,concentration,0.33615058587082147,-0.00037637079716158783
강원특별자치도 홍천군,q,2.0,-0.07081147702910696
강원특별자치도 홍천군,share_korean,0.5118434584209846,0.0014734435482600728
강원특별자치도 홍천군,share_chinese,0.02709805765408672,0.04859032954746819
강원특별자치도 홍천군,share_japanese,0.01779656413263175,-0.08557678028443144
강원특별자치도 홍천군,share_western,0.06954250251480315,-0.053732354825076635
강원특별자치도 홍천군,share_bakery,0.017852760851118032,0.21062315058979159
강원특별자치도 홍천군,share_supermarket,0.22610187715771984,0.021084061771084118
강원특별자치도 홍천군,share_convenience,0.1297647792686559,0.08877028027989509
강원특별자치도 홍천군,share_change_korean,0.045284433186281836,0.47421347014932386
강원특별자치도 홍천군,share_change_chinese,-0.001684112381515241,-0.0256953455481652
강원특별자치도 홍천군,share_change_japanese,-0.0038936087072612494,-0.046585334848284574
강원특별자치도 홍천군,share_change_western,-0.017621599426659237,1.6313040893686463
강원특별자치도 홍천군,share_change_bakery,-0.0037933501533743176,0.023107998447607518
강원특별자치도 홍천군,share_change_supermarket,-0.029095461115761223,0.09556335649190682
강원특별자치도 홍천군,share_change_convenience,0.010803698598289349,-0.3587990267518233
강원특별자치도 화천군,amount_growth,0.05043440516945652,-0.12360638297280684
강원특별자치도 화천군,count_growth,0.0361513765930539,-0.0365666384669643
강원특별자치도 화천군,ticket_growth,0.013784692950335575,-0.0315141838318446
강원특별자치도 화천군,concentration,0.2678240224845925,0.11557761813117311
강원특별자치도 화천군,q,2.0,-0.07081147702910696
강원특별자치도 화천군,share_korean,0.42547802963150566,-0.11412014357222323
강원특별자치도 화천군,share_chinese,0.058479902427970645,-0.14621196436321787
강원특별자치도 화천군,share_japanese,0.014062635377858347,-0.10720352845958678
강원특별자치도 화천군,share_western,0.10464666795518618,-0.11206127484004297
강원특별자치도 화천군,share_bakery,0.02231693581173397,0.1677702437381073
강원특별자치도 화천군,share_supermarket,0.1609805189179102,-0.013815499027970121
강원특별자치도 화천군,share_convenience,0.21403530987783503,-0.17616088823126794
강원특별자치도 화천군,share_change_korean,-0.017783264552855726,-0.27595092694876855
강원특별자치도 화천군,share_change_chinese,0.0019162188401549915,0.03363994992275756
강원특별자치도 화천군,share_change_japanese,-0.0014618362300358543,-0.01677406740347433
강원특별자치도 화천군,share_change_western,-0.002018878569222421,0.1869568536629914
강원특별자치도 화천군,share_change_bakery,-0.0009750222669420196,0.0038821640745634912
강원특별자치도 화천군,share_change_supermarket,-0.004954554836456598,0.004089237951689854
강원특별자치도 화천군,share_change_convenience,0.025277337615357692,-0.801858380718468
강원특별자치도 횡성군,amount_growth,0.16416393521242623,-0.550330040138669
강원특별자치도 횡성군,count_growth,0.15100317228321347,-0.18618520758747725
강원특별자치도 횡성군,ticket_growth,0.01143416738209857,-0.00798088382057993
강원특별자치도 횡성군,concentration,0.3016944734391853,0.05809757376268791
강원특별자치도 횡성군,q,2.0,-0.07081147702910696
강원특별자치도 횡성군,share_korean,0.4449798064140976,-0.08801849196093196
강원특별자치도 횡성군,share_chinese,0.026209674224935475,0.05410495531653465
강원특별자치도 횡성군,share_japanese,0.017862886423160595,-0.08519264454701729
강원특별자치도 횡성군,share_western,0.07561860186551024,-0.06382837359049286
강원특별자치도 횡성군,share_bakery,0.022996446119013025,0.16124742772854594
강원특별자치도 횡성군,share_supermarket,0.28174845240603924,0.05090593724527642
강원특별자치도 횡성군,share_convenience,0.1305841325472438,0.08619438310741306
강원특별자치도 횡성군,share_change_korean,0.04345695534767763,0.45247637080764436
강원특별자치도 횡성군,share_change_chinese,-0.0034246828888043097,-0.05438083557095798
강원특별자치도 횡성군,share_change_japanese,0.006181423482707834,0.07692518348480124
강원특별자치도 횡성군,share_change_western,0.001842591565606705,-0.1705002697426387
강원특별자치도 횡성군,share_change_bakery,-0.0003904587636650962,-0.00010556253050357453
강원특별자치도 횡성군,share_change_supermarket,-0.04477177019287876,0.15496363493226675
강원특별자치도 횡성군,share_change_convenience,-0.0028940585506440075,0.060509443360047016
경기도 가평군,amount_growth,0.37000868696777545,-1.32267848160549
경기도 가평군,count_growth,0.33683606913281916,-0.42827155856770927
경기도 가평군,ticket_growth,0.02481427498920996,-0.1419415991415067
경기도 가평군,concentration,0.3179816245155116,0.0304573699827465
경기도 가평군,q,2.0,-0.07081147702910696
경기도 가평군,share_korean,0.4913029506344047,-0.02601847086247725
경기도 가평군,share_chinese,0.02432010605403781,0.06583441917832177
경기도 가평군,share_japanese,0.0044090930985076085,-0.16311641314085942
경기도 가평군,share_western,0.10158096145979587,-0.10696731101222684
경기도 가평군,share_bakery,0.021780905528368665,0.17291575349195576
경기도 가평군,share_supermarket,0.20672054200284834,0.01069729922670598
경기도 가평군,share_convenience,0.14988544122203698,0.025514591203378022
경기도 가평군,share_change_korean,0.04307117209101813,0.44788763720047287
경기도 가평군,share_change_chinese,-0.0035225120916786874,-0.05599311074811325
경기도 가평군,share_change_japanese,-0.0017298944462322456,-0.020060211666003008
경기도 가평군,share_change_western,-0.001882597596811253,0.17434129464736434
경기도 가평군,share_change_bakery,-0.00408301440182042,0.025084005884934778
경기도 가평군,share_change_supermarket,-0.023477209628666645,0.07427481841577775
경기도 가평군,share_change_convenience,-0.008375943925808899,0.228318008294929
경기도 고양시 덕양구,amount_growth,0.04951658231751388,-0.1201626272141803
경기도 고양시 덕양구,count_growth,0.09965936549447263,-0.11929912314474465
경기도 고양시 덕양구,ticket_growth,-0.04559846871709361,0.5630259386077571
경기도 고양시 덕양구,concentration,0.2958073016531111,0.06808843263616728
경기도 고양시 덕양구,q,2.0,-0.07081147702910696
경기도 고양시 덕양구,share_korean,0.48118489952246124,-0.03956071616932183
경기도 고양시 덕양구,share_chinese,0.030318802154238107,0.028597610150301093
경기도 고양시 덕양구,share_japanese,0.027794890429845398,-0.027666922008093
경기도 고양시 덕양구,share_western,0.13042186793262875,-0.15488922870230704
경기도 고양시 덕양구,share_bakery,0.03466768999765879,0.0492117814585597
경기도 고양시 덕양구,share_supermarket,0.129479534959787,-0.03069737211219108
경기도 고양시 덕양구,share_convenience,0.16613231500338074,-0.02556261484278797
경기도 고양시 덕양구,share_change_korean,0.018255881276335262,0.152719931066525
경기도 고양시 덕양구,share_change_chinese,-0.0020991666809139567,-0.03253565216858628
경기도 고양시 덕양구,share_change_japanese,-0.00046011808549311153,-0.004493935199101609
경기도 고양시 덕양구,share_change_western,-0.0009268317401545378,0.08586584311187155
경기도 고양시 덕양구,share_change_bakery,-0.004807628853990616,0.030027120385133606
경기도 고양시 덕양구,share_change_supermarket,-0.012110428051876676,0.031204093839567265
경기도 고양시 덕양구,share_change_convenience,0.002148292136093688,-0.09384431902857603
경기도 고양시 일산동구,amount_growth,0.03875439281530646,-0.07978190233332613
경기도 고양시 일산동구,count_growth,0.09947979007917462,-0.11906518847681319
경기도 고양시 일산동구,ticket_growth,-0.05523102635610522,0.6594664418968507
경기도 고양시 일산동구,concentration,0.2526716481633621,0.14129204246640983
경기도 고양시 일산동구,q,2.0,-0.07081147702910696
경기도 고양시 일산동구,share_korean,0.4115777587145272,-0.13272460371051195
경기도 고양시 일산동구,share_chinese,0.030938751182868002,0.024749286581212886
경기도 고양시 일산동구,share_japanese,0.04601136658882227,0.07784209233110034
경기도 고양시 일산동구,share_western,0.14606252578689932,-0.18087767393432816
경기도 고양시 일산동구,share_bakery,0.02802674751629129,0.11296010944124464
경기도 고양시 일산동구,share_supermarket,0.14452749857151256,-0.022632931578941737
경기도 고양시 일산동구,share_convenience,0.1928553516390794,-0.10957496495953334
경기도 고양시 일산동구,share_change_korean,0.0033612365087544727,-0.024445759336165336
경기도 고양시 일산동구,share_change_chinese,-0.0029018483489826503,-0.04576425559742699
경기도 고양시 일산동구,share_change_japanese,0.00185796102156182,0.023923557336009572
경기도 고양시 일산동구,share_change_western,0.005100658451487633,-0.47210022422258485
경기도 고양시 일산동구,share_change_bakery,-0.0018780669884037766,0.010042479320300772
경기도 고양시 일산동구,share_change_supermarket,-0.008947236606716202,0.019218207896749044
경기도 고양시 일산동구,share_change_convenience,0.0034072959622987453,-0.1323842757887338
경기도 고양시 일산서구,amount_growth,0.03043318872562284,-0.048559979233567196
경기도 고양시 일산서구,count_growth,0.09920320984503705,-0.11870488467285427
경기도 고양시 일산서구,ticket_growth,-0.06256351919597236,0.7328788549175136
경기도 고양시 일산서구,concentration,0.25454771363819456,0.13810825471949964
경기도 고양시 일산서구,q,2.0,-0.07081147702910696
경기도 고양시 일산서구,share_korean,0.4058612553871073,-0.14037571057890208
경기도 고양시 일산서구,share_chinese,0.03132187113915368,0.022371075648580846
경기도 고양시 일산서구,share_japanese,0.020076194254027676,-0.07237326468309527
경기도 고양시 일산서구,share_western,0.11720568729778978,-0.13292928367919987
경기도 고양시 일산서구,share_bakery,0.04500047518108531,-0.04997561260422733
경기도 고양시 일산서구,share_supermarket,0.2019883229413296,0.008161228553183745
경기도 고양시 일산서구,share_convenience,0.17854619379950665,-0.06458958419303615
경기도 고양시 일산서구,share_change_korean,0.010596820836750176,0.061618548536848325
경기도 고양시 일산서구,share_change_chinese,-0.0012167797386047619,-0.017993465153550676
경기도 고양시 일산서구,share_change_japanese,-0.00023587398253174796,-0.001744911189285431
경기도 고양시 일산서구,share_change_western,0.005687723596893998,-0.5264449713788265
경기도 고양시 일산서구,share_change_bakery,-0.0034030139678013077,0.02044523557684289
경기도 고양시 일산서구,share_change_supermarket,-0.02217420766664016,0.0693375159568918
경기도 고양시 일산서구,share_change_convenience,0.010745330921933832,-0.3570123064288891
경기도 과천시,amount_growth,0.2708821484743442,-0.950746591865615
경기도 과천시,count_growth,0.35669120247940844,-0.45413703697109314
경기도 과천시,ticket_growth,-0.06324877307986132,0.7397395695812298
경기도 과천시,concentration,0.34911950208016146,-0.022385344935811097
경기도 과천시,q,2.0,-0.07081147702910696
경기도 과천시,share_korean,0.5388092036806466,0.03756505181827219
경기도 과천시,share_chinese,0.02176317870952185,0.08170650431747155
경기도 과천시,share_japanese,0.017837455936482855,-0.08533993678730122
경기도 과천시,share_western,0.17346177627696238,-0.22640414266690817
경기도 과천시,share_bakery,0.033280446166274624,0.06252833630045979
경기도 과천시,share_supermarket,0.06420395743630787,-0.06567958145255784
경기도 과천시,share_convenience,0.15064398179380384,0.023129878082568153
경기도 과천시,share_change_korean,0.03754343825327333,0.3821375104261883
경기도 과천시,share_change_chinese,-0.005408744788879698,-0.08707918797947879
경기도 과천시,share_change_japanese,0.0015762754060180337,0.020470353839803758
경기도 과천시,share_change_western,-0.002140371529620544,0.19820348321639306
경기도 과천시,share_change_bakery,-0.007258628006506229,0.04674714220430828
경기도 과천시,share_change_supermarket,-0.018944250995848178,0.05709864489027082
경기도 과천시,share_change_convenience,-0.005367718338436744,0.13623180359165582
경기도 광명시,amount_growth,0.03731730285834001,-0.074389808636277
경기도 광명시,count_growth,0.08149103927970613,-0.09563106505968529
경기도 광명시,ticket_growth,-0.04084521722046508,0.5154367121765587
경기도 광명시,concentration,0.29791682782948525,0.06450844905764849
경기도 광명시,q,2.0,-0.07081147702910696
경기도 광명시,share_korean,0.48344576986944426,-0.036534712395761726
경기도 광명시,share_chinese,0.03286630288805055,0.012784040544641447
경기도 광명시,share_japanese,0.033104141954047234,0.003084025118492095
경기도 광명시,share_western,0.1472247070942145,-0.18280874905509698
경기도 광명시,share_bakery,0.03547754995201696,0.041437701478900565
경기도 광명시,share_supermarket,0.09389760098111936,-0.04976629054081991
경기도 광명시,share_convenience,0.1739839272611071,-0.05024665082902197
경기도 광명시,share_change_korean,0.00883066700910573,0.040610873153207445
경기도 광명시,share_change_chinese,-0.0010094005155424565,-0.014575749749792932
경기도 광명시,share_change_japanese,-4.761266556264909e-05,0.000562997351599749
경기도 광명시,share_change_western,0.00042918834063310207,-0.03966122829718113
경기도 광명시,share_change_bakery,-0.0022804623278910655,0.012787506322556664
경기도 광명시,share_change_supermarket,-0.00704725383114152,0.012018840663950394
경기도 광명시,share_change_convenience,0.001124873990398817,-0.06251598605477529
경기도 광주시,amount_growth,0.0749835676477768,-0.21571709853761942
경기도 광주시,count_growth,0.1152015831805504,-0.1395461237003461
경기도 광주시,ticket_growth,-0.03606344910134718,0.46756197928611615
경기도 광주시,concentration,0.27192125617919427,0.10862438403135295
경기도 광주시,q,2.0,-0.07081147702910696
경기도 광주시,share_korean,0.39540350666945323,-0.1543726154101733
경기도 광주시,share_chinese,0.026637804919041445,0.05144734095681978
경기도 광주시,share_japanese,0.022099003418396202,-0.06065724456667788
경기도 광주시,share_western,0.08374175543925441,-0.07732576824802674
경기도 광주시,share_bakery,0.017793490286288856,0.2111921058874847
경기도 광주시,share_supermarket,0.2710070969354275,0.04514947579478866
경기도 광주시,share_convenience,0.18331734233213834,-0.07958920442507905
경기도 광주시,share_change_korean,0.027374982423313765,0.2611878989681737
경기도 광주시,share_change_chinese,-0.002193191554115251,-0.03408523005170857
경기도 광주시,share_change_japanese,-0.00021835984842808256,-0.0015302042046811935
경기도 광주시,share_change_western,0.005765113632718824,-0.5336089836902735
경기도 광주시,share_change_bakery,-0.0017289493254304192,0.009025240870430282
경기도 광주시,share_change_supermarket,-0.03402625970857459,0.11424701524765163
경기도 광주시,share_change_convenience,0.005026664380515744,-0.1819555221327328
경기도 구리시,amount_growth,0.054500268867992974,-0.13886187753364665
경기도 구리시,count_growth,0.10442231744310293,-0.1255038677119633
경기도 구리시,ticket_growth,-0.045201955616658185,0.5590560767704564
경기도 구리시,concentration,0.30381247616841534,0.05450320500119949
경기도 구리시,q,2.0,-0.07081147702910696
경기도 구리시,share_korean,0.48550708408561544,-0.03377579939354087
경기도 구리시,share_chinese,0.02775490304174649,0.044512972426408774
경기도 구리시,share_japanese,0.030664253621290848,-0.011047698868090539
경기도 구리시,share_western,0.10035988946621277,-0.10493838339771959
경기도 구리시,share_bakery,0.022190743139876234,0.16898160370051762
경기도 구리시,share_supermarket,0.17679505423322353,-0.005340240654010549
경기도 구리시,share_convenience,0.15672807241203468,0.004002607550820375
경기도 구리시,share_change_korean,0.014622490221619044,0.10950223472288066
경기도 구리시,share_change_chinese,-0.0012955569405227567,-0.019291753634355594
경기도 구리시,share_change_japanese,-0.0015499469687653977,-0.017854223060151234
경기도 구리시,share_change_western,0.004188260852844947,-0.3876393816871676
경기도 구리시,share_change_bakery,-0.001225297379256994,0.0055894699846483
경기도 구리시,share_change_supermarket,-0.02026838044638757,0.06211600310043332
경기도 구리시,share_change_convenience,0.005528430660468708,-0.19731532512188024
경기도 군포시,amount_growth,0.05961977293468279,-0.15807072766595606
경기도 군포시,count_growth,0.10673280972206012,-0.12851376883422488
경기도 군포시,ticket_growth,-0.04256947690853141,0.532699881352391
경기도 군포시,concentration,0.2691389620710172,0.11334609231325904
경기도 군포시,q,2.0,-0.07081147702910696
경기도 군포시,share_korean,0.4428470909509768,-0.09087297012592073
경기도 군포시,share_chinese,0.035798866442239285,-0.005419800291071725
경기도 군포시,share_japanese,0.03808655512570945,0.031941939140114825
경기도 군포시,share_western,0.12242713248060315,-0.14160521300582307
경기도 군포시,share_bakery,0.03904441964713507,0.007198287444845239
경기도 군포시,share_supermarket,0.12924287243583502,-0.03082420328351132
경기도 군포시,share_convenience,0.19255306291750124,-0.10862462438784688
경기도 군포시,share_change_korean,0.006041024824026131,0.007429223546375617
경기도 군포시,share_change_chinese,-0.0026847012865356124,-0.04218556121692478
경기도 군포시,share_change_japanese,0.0024941454101586186,0.031722585876011594
경기도 군포시,share_change_western,0.004075739080036028,-0.37722321690422855
경기도 군포시,share_change_bakery,-0.004050246713395982,0.024860473998006866
경기도 군포시,share_change_supermarket,-0.010987408963027911,0.026948777984074974
경기도 군포시,share_change_convenience,0.005111447648738748,-0.18455086253066363
경기도 김포시,amount_growth,0.05149204178011324,-0.1275747328137094
경기도 김포시,count_growth,0.11615170173364775,-0.14078385252778888
경기도 김포시,ticket_growth,-0.057930888653489276,0.686497277167065
경기도 김포시,concentration,0.24316772964695538,0.1574207222625508
경기도 김포시,q,2.0,-0.07081147702910696
경기도 김포시,share_korean,0.36440504368118776,-0.1958617110154238
경기도 김포시,share_chinese,0.031152342238409344,0.023423423558243485
경기도 김포시,share_japanese,0.026005513706378505,-0.03803091187785994
경기도 김포시,share_western,0.11578371727615923,-0.13056654482428456
경기도 김포시,share_bakery,0.028311344264800177,0.11022818292363769
경기도 김포시,share_supermarket,0.2270713695971556,0.021603628027821495
경기도 김포시,share_convenience,0.20727066923590937,-0.15489409262824771
경기도 김포시,share_change_korean,0.008576994905978796,0.037593547531303055
경기도 김포시,share_change_chinese,-0.003071682625346451,-0.04856321112365258
경기도 김포시,share_change_japanese,0.00039324804857546886,0.005967539420468356
경기도 김포시,share_change_western,0.004560311409109327,-0.4220801819420205
경기도 김포시,share_change_bakery,-0.0030815714694035004,0.01825244592152818
경기도 김포시,share_change_supermarket,-0.018534403088207946,0.05554565944501924
경기도 김포시,share_change_convenience,0.011157102819294273,-0.36961724915345145
경기도 남양주시,amount_growth,0.07768643881944204,-0.2258585197743501
경기도 남양주시,count_growth,0.11546732593328168,-0.13989230941018962
경기도 남양주시,ticket_growth,-0.03387000787515626,0.4456013968825205
경기도 남양주시,concentration,0.2757262071246224,0.10216717005872755
경기도 남양주시,q,2.0,-0.07081147702910696
경기도 남양주시,share_korean,0.4402758760933852,-0.09431434652863596
경기도 남양주시,share_chinese,0.02593564300162055,0.05580599970348936
경기도 남양주시,share_japanese,0.019553837708587884,-0.0753987304077502
경기도 남양주시,share_western,0.1327390938519091,-0.15873952064363955
경기도 남양주시,share_bakery,0.0283877448317502,0.1094947917801881
경기도 남양주시,share_supermarket,0.18204289171794788,-0.002527841952385608
경기도 남양주시,share_convenience,0.17106491279479916,-0.04106980207929173
경기도 남양주시,share_change_korean,0.017481458004116157,0.14350848387677828
경기도 남양주시,share_change_chinese,-0.0022396939406404553,-0.03485161310779195
경기도 남양주시,share_change_japanese,-0.00031373234423789226,-0.002699382245017142
경기도 남양주시,share_change_western,0.0021645510276346314,-0.20030412659800698
경기도 남양주시,share_change_bakery,-0.0017696552013380488,0.009302924823378873
경기도 남양주시,share_change_supermarket,-0.018351550995134663,0.054852800865329086
경기도 남양주시,share_change_convenience,0.0030286234496002262,-0.12079255385596482
경기도 동두천시,amount_growth,0.05368050977807082,-0.13578606602968304
경기도 동두천시,count_growth,0.12060844076598753,-0.14658969050320114
경기도 동두천시,ticket_growth,-0.05972463578997189,0.7044561498879661
경기도 동두천시,concentration,0.2741406104785929,0.10485801600248197
경기도 동두천시,q,2.0,-0.07081147702910696
경기도 동두천시,share_korean,0.42753867129818585,-0.11136213072657275
경기도 동두천시,share_chinese,0.02506819673628841,0.06119065836675521
경기도 동두천시,share_japanese,0.022125831543386234,-0.06050185726786312
경기도 동두천시,share_western,0.10225885862446661,-0.10809370182654782
경기도 동두천시,share_bakery,0.025904332913279173,0.13333378119155248
경기도 동두천시,share_supermarket,0.1871594507717378,0.00021420257196420178
경기도 동두천시,share_convenience,0.20994465811265595,-0.16330062564259137
경기도 동두천시,share_change_korean,0.02170635814879951,0.19376193823538304
경기도 동두천시,share_change_chinese,-0.001346719922530687,-0.020134945681893297
경기도 동두천시,share_change_japanese,-0.0004249422268997327,-0.004062711909114991
경기도 동두천시,share_change_western,0.005169783486610985,-0.4784991436361102
경기도 동두천시,share_change_bakery,-0.001773519154816796,0.009329283619303635
경기도 동두천시,share_change_supermarket,-0.03119444319191228,0.10351676689937903
경기도 동두천시,share_change_convenience,0.007863482860748977,-0.2687947034671971
경기도 부천시 소사구,amount_growth,0.020233777273299225,-0.010290849358234936
경기도 부천시 소사구,count_growth,0.08139031002405095,-0.09549984406301615
경기도 부천시 소사구,ticket_growth,-0.056553616380557004,0.6727081220801786
경기도 부천시 소사구,concentration,0.2295764710123198,0.18048584620760055
경기도 부천시 소사구,q,2.0,-0.07081147702910696
경기도 부천시 소사구,share_korean,0.3352972471192684,-0.23482029276422903
경기도 부천시 소사구,share_chinese,0.054712352842688425,-0.12282496124331181
경기도 부천시 소사구,share_japanese,0.022753098687410774,-0.0568687540531793
경기도 부천시 소사구,share_western,0.10030771395085493,-0.1048516888011135
경기도 부천시 소사구,share_bakery,0.03484122415861634,0.04754597684724739
경기도 부천시 소사구,share_supermarket,0.2353605533699433,0.026045932071721054
경기도 부천시 소사구,share_convenience,0.21672780987121784,-0.18462561681795975
경기도 부천시 소사구,share_change_korean,0.00426371586347235,-0.013711137567892266
경기도 부천시 소사구,share_change_chinese,-5.130509594971494e-05,0.0012141515983669833
경기도 부천시 소사구,share_change_japanese,-0.00018596144284508537,-0.001133029903768731
경기도 부천시 소사구,share_change_western,0.006747277689249584,-0.6245281222829189
경기도 부천시 소사구,share_change_bakery,-0.0018663258193744939,0.00996238439160578
경기도 부천시 소사구,share_change_supermarket,-0.019106852595829532,0.05771477080780832
경기도 부천시 소사구,share_change_convenience,0.010199451401276899,-0.34030213233371737
경기도 부천시 오정구,amount_growth,0.0508074074633289,-0.12500592188686319
경기도 부천시 오정구,count_growth,0.09975670988278784,-0.11942593464128343
경기도 부천시 오정구,ticket_growth,-0.04450921006399322,0.552120356035216
경기도 부천시 오정구,concentration,0.2767872898283154,0.10036645352948292
경기도 부천시 오정구,q,2.0,-0.07081147702910696
경기도 부천시 오정구,share_korean,0.40494254041466143,-0.1416053410073595
경기도 부천시 오정구,share_chinese,0.024070727068765736,0.06738243519631403
경기도 부천시 오정구,share_japanese,0.015832304428549875,-0.09695368454819848
경기도 부천시 오정구,share_western,0.08338644637327741,-0.07673538833641308
경기도 부천시 오정구,share_bakery,0.022034470619508445,0.17048170883032973
경기도 부천시 오정구,share_supermarket,0.2661573972865651,0.042550445425530194
경기도 부천시 오정구,share_convenience,0.18357611380867195,-0.08040273472042457
경기도 부천시 오정구,share_change_korean,0.007632604444289537,0.02636041033564045
경기도 부천시 오정구,share_change_chinese,-0.0011388494427034095,-0.01670913411600295
경기도 부천시 오정구,share_change_japanese,-0.00024142940361851495,-0.0018130154816636025
경기도 부천시 오정구,share_change_western,0.005816444636917273,-0.5383607058224226
경기도 부천시 오정구,share_change_bakery,-0.0024751694147010853,0.014115742905776264
경기도 부천시 오정구,share_change_supermarket,-0.015601007073963613,0.04443050860404115
경기도 부천시 오정구,share_change_convenience,0.006007406253779768,-0.21197747171044237
경기도 부천시 원미구,amount_growth,0.05468939731925393,-0.13957150487815162
경기도 부천시 원미구,count_growth,0.11065988151865991,-0.13362960406788438
경기도 부천시 원미구,ticket_growth,-0.05039390107696584,0.6110374769350105
경기도 부천시 원미구,concentration,0.2648924707110117,0.12055262499600167
경기도 부천시 원미구,q,2.0,-0.07081147702910696
경기도 부천시 원미구,share_korean,0.4383334685586015,-0.09691411194105357
경기도 부천시 원미구,share_chinese,0.03824227720875239,-0.020587233108116755
경기도 부천시 원미구,share_japanese,0.04373642271647375,0.06466571927443775
경기도 부천시 원미구,share_western,0.1170753707553074,-0.13271275031093077
경기도 부천시 원미구,share_bakery,0.0324934891890255,0.07008256397743391
경기도 부천시 원미구,share_supermarket,0.15702339092406092,-0.015936186199487973
경기도 부천시 원미구,share_convenience,0.17309558064777855,-0.047453851203687364
경기도 부천시 원미구,share_change_korean,0.0016724069506962036,-0.044533694247986706
경기도 부천시 원미구,share_change_chinese,0.002368762848961453,0.041098106081976275
경기도 부천시 원미구,share_change_japanese,-0.0012455297442448,-0.014122351193032784
경기도 부천시 원미구,share_change_western,0.006083154830043833,-0.563050125936816
경기도 부천시 원미구,share_change_bakery,-0.0028248089809506036,0.01650088496938678
경기도 부천시 원미구,share_change_supermarket,-0.010201337649746567,0.02397021621591948
경기도 부천시 원미구,share_change_convenience,0.004147351745240474,-0.15503847054257366
경기도 성남시 분당구,amount_growth,0.03636398941027319,-0.07081288889669159
경기도 성남시 분당구,count_growth,0.10084281707769338,-0.12084081721614232
경기도 성남시 분당구,ticket_growth,-0.05857223816801216,0.6929184243101979
경기도 성남시 분당구,concentration,0.23626217534204633,0.1691398330700003
경기도 성남시 분당구,q,2.0,-0.07081147702910696
경기도 성남시 분당구,share_korean,0.391103079728456,-0.16012841125611482
경기도 성남시 분당구,share_chinese,0.04515417542873531,-0.06349272952591765
경기도 성남시 분당구,share_japanese,0.0847719561210394,0.3023416915433762
경기도 성남시 분당구,share_western,0.20617211209202452,-0.28075548637452913
경기도 성남시 분당구,share_bakery,0.046816441544162056,-0.06740759904948586
경기도 성남시 분당구,share_supermarket,0.06915809360395696,-0.06302458190919806
경기도 성남시 분당구,share_convenience,0.15682414148162574,0.003700583929032864
경기도 성남시 분당구,share_change_korean,-0.001530645550130716,-0.08263268999847312
경기도 성남시 분당구,share_change_chinese,-0.004570461356342738,-0.0732638493076982
경기도 성남시 분당구,share_change_japanese,-0.0031810969759515084,-0.03785060412056662
경기도 성남시 분당구,share_change_western,0.011164402126402129,-1.033422284324426
경기도 성남시 분당구,share_change_bakery,-0.0015077459457139841,0.007516254083740475
경기도 성남시 분당구,share_change_supermarket,-0.0056623833425389625,0.006771324030911729
경기도 성남시 분당구,share_change_convenience,0.0052879310442757455,-0.1899532785450641
경기도 성남시 수정구,amount_growth,0.05111159363391571,-0.12614725637688562
경기도 성남시 수정구,count_growth,0.10590644962345608,-0.12743726136833408
경기도 성남시 수정구,ticket_growth,-0.049547460373521646,0.6025629709415111
경기도 성남시 수정구,concentration,0.25246396641052765,0.14164448998426105
경기도 성남시 수정구,q,2.0,-0.07081147702910696
경기도 성남시 수정구,share_korean,0.4116665113283375,-0.1326058150569911
경기도 성남시 수정구,share_chinese,0.04301422667247215,-0.05020903222975675
경기도 성남시 수정구,share_japanese,0.029098462706976733,-0.020116689741450835
경기도 성남시 수정구,share_western,0.12389912653489339,-0.1440510715635779
경기도 성남시 수정구,share_bakery,0.03753194289299322,0.021716989339906245
경기도 성남시 수정구,share_supermarket,0.16007162719913864,-0.014302588404733677
경기도 성남시 수정구,share_convenience,0.1947181026651884,-0.11543111422577128
경기도 성남시 수정구,share_change_korean,0.015250632233930417,0.11697372632396263
경기도 성남시 수정구,share_change_chinese,-0.0014926532985179916,-0.02254000217535086
경기도 성남시 수정구,share_change_japanese,-0.00012085194979967809,-0.0003348481130991992
경기도 성남시 수정구,share_change_western,0.009022875356916316,-0.8351806892873523
경기도 성남시 수정구,share_change_bakery,-0.004046900967744849,0.024837650269067202
경기도 성남시 수정구,share_change_supermarket,-0.023192727305979377,0.07319686511083492
경기도 성남시 수정구,share_change_convenience,0.00457962593119518,-0.16827101844152928
경기도 성남시 중원구,amount_growth,0.007393530421650363,0.037886937830174834
경기도 성남시 중원구,count_growth,0.07526442276268375,-0.08751959019644237
경기도 성남시 중원구,ticket_growth,-0.06312018783868267,0.7384521830075335
경기도 성남시 중원구,concentration,0.2651368447227034,0.12013790866838696
경기도 성남시 중원구,q,2.0,-0.07081147702910696
경기도 성남시 중원구,share_korean,0.41668066328876724,-0.12589475231351652
경기도 성남시 중원구,share_chinese,0.03881979331055014,-0.024172154970141364
경기도 성남시 중원구,share_japanese,0.029717599259078555,-0.01653067855116699
경기도 성남시 중원구,share_western,0.08326255864008963,-0.0765295370481317
경기도 성남시 중원구,share_bakery,0.029023309233236975,0.10339382523307916
경기도 성남시 중원구,share_supermarket,0.18806840138426234,0.0007013235108168874
경기도 성남시 중원구,share_convenience,0.21442767488401515,-0.17739441220244445
경기도 성남시 중원구,share_change_korean,-0.001099911795496289,-0.07750928865454526
경기도 성남시 중원구,share_change_chinese,-0.0012087055783324696,-0.01786039887271727
경기도 성남시 중원구,share_change_japanese,-0.0004493793497911576,-0.004362288293386421
경기도 성남시 중원구,share_change_western,0.007868382730784995,-0.7283090578308073
경기도 성남시 중원구,share_change_bakery,7.945143538509378e-05,-0.003311156776877692
경기도 성남시 중원구,share_change_supermarket,-0.012550814400433596,0.03287279478166584
경기도 성남시 중원구,share_change_convenience,0.007360976957883458,-0.25341225953409435
경기도 수원시 권선구,amount_growth,0.05823924963796512,-0.152890877280964
경기도 수원시 권선구,count_growth,0.10585269120261187,-0.12736722974230197
경기도 수원시 권선구,ticket_growth,-0.04305586263290384,0.5375695417073038
경기도 수원시 권선구,concentration,0.257043281719168,0.1338731364976834
경기도 수원시 권선구,q,2.0,-0.07081147702910696
경기도 수원시 권선구,share_korean,0.3847117425536658,-0.16868273213294804
경기도 수원시 권선구,share_chinese,0.029913002084951314,0.03111660751759318
경기도 수원시 권선구,share_japanese,0.024311566494409326,-0.04784217828952641
경기도 수원시 권선구,share_western,0.0901017140541355,-0.08789344626264607
경기도 수원시 권선구,share_bakery,0.029002273975022645,0.10359574876179665
경기도 수원시 권선구,share_supermarket,0.2425515627733143,0.029899707187334347
경기도 수원시 권선구,share_convenience,0.1994081380645011,-0.13017572957014517
경기도 수원시 권선구,share_change_korean,-0.002974174255410411,-0.09980287187777664
경기도 수원시 권선구,share_change_chinese,-0.0016436655757677103,-0.02502876155293728
경기도 수원시 권선구,share_change_japanese,0.005143810864769668,0.06420501844174678
경기도 수원시 권선구,share_change_western,0.0019660125547048407,-0.181925377328729
경기도 수원시 권선구,share_change_bakery,-0.004511516079548996,0.0280071229304145
경기도 수원시 권선구,share_change_supermarket,0.0004773848236297451,-0.016493332007417604
경기도 수원시 권선구,share_change_convenience,0.0015421476676228674,-0.07528934634379134
경기도 수원시 영통구,amount_growth,0.04225347595859086,-0.09291078412036591
경기도 수원시 영통구,count_growth,0.12824676227388743,-0.15654020740741648
경기도 수원시 영통구,ticket_growth,-0.0762185092753862,0.8695916746086063
경기도 수원시 영통구,concentration,0.23936800468067135,0.16386906745709362
경기도 수원시 영통구,q,2.0,-0.07081147702910696
경기도 수원시 영통구,share_korean,0.38945642690768906,-0.16233233137742267
경기도 수원시 영통구,share_chinese,0.03992343481511712,-0.03102299176108763
경기도 수원시 영통구,share_japanese,0.047762051562059,0.08798198131581053
경기도 수원시 영통구,share_western,0.20038528746769574,-0.2711401251654342
경기도 수원시 영통구,share_bakery,0.05041856026011799,-0.10198537863146497
경기도 수원시 영통구,share_supermarket,0.09067542230152618,-0.05149310680776217
경기도 수원시 영통구,share_convenience,0.18137881668579492,-0.07349483358200906
경기도 수원시 영통구,share_change_korean,-0.004827231604506488,-0.121844229005202
경기도 수원시 영통구,share_change_chinese,-0.003155973976738183,-0.0499523756011785
경기도 수원시 영통구,share_change_japanese,3.0247375486229522e-05,0.0015174889945105043
경기도 수원시 영통구,share_change_western,0.005514992158078796,-0.5104551848248176
경기도 수원시 영통구,share_change_bakery,-0.0016863439966867746,0.008734599388373584
경기도 수원시 영통구,share_change_supermarket,-0.006795147463851167,0.011063565519784367
경기도 수원시 영통구,share_change_convenience,0.0109194575082176,-0.3623425770495896
경기도 수원시 장안구,amount_growth,0.05272132364585924,-0.13218711143903755
경기도 수원시 장안구,count_growth,0.14169524879536355,-0.17405968368628988
경기도 수원시 장안구,ticket_growth,-0.07793141404712278,0.8867411591446278
경기도 수원시 장안구,concentration,0.2412439864731052,0.16068542172388128
경기도 수원시 장안구,q,2.0,-0.07081147702910696
경기도 수원시 장안구,share_korean,0.3858955155047427,-0.16709834166943596
경기도 수원시 장안구,share_chinese,0.04296380553289353,-0.04989604382125885
경기도 수원시 장안구,share_japanese,0.03408766410684997,0.00878054139405296
경기도 수원시 장안구,share_western,0.1268152456297452,-0.14889648165391592
경기도 수원시 장안구,share_bakery,0.03067117161731336,0.08757551751167286
경기도 수원시 장안구,share_supermarket,0.178325728080825,-0.004519928448433217
경기도 수원시 장안구,share_convenience,0.20124086952763026,-0.1359375028090702
경기도 수원시 장안구,share_change_korean,0.018293423319908686,0.15316647827678748
경기도 수원시 장안구,share_change_chinese,-0.001382257718506169,-0.02072062669143452
경기도 수원시 장안구,share_change_japanese,-0.0007899657249138894,-0.008537560286112878
경기도 수원시 장안구,share_change_western,0.006309670124846872,-0.5840186956422647
경기도 수원시 장안구,share_change_bakery,-0.003144815581347455,0.018683879335347164
경기도 수원시 장안구,share_change_supermarket,-0.033827231583920925,0.11349286285350503
경기도 수원시 장안구,share_change_convenience,0.014541177163932911,-0.4732087364872557
경기도 수원시 팔달구,amount_growth,0.047149735027559814,-0.11128199848793208
경기도 수원시 팔달구,count_growth,0.10347660533427727,-0.12427187920301427
경기도 수원시 팔달구,ticket_growth,-0.051044915709521854,0.6175553905738547
경기도 수원시 팔달구,concentration,0.2649949040601098,0.12037878988944037
경기도 수원시 팔달구,q,2.0,-0.07081147702910696
경기도 수원시 팔달구,share_korean,0.43339761616920114,-0.10352037663729857
경기도 수원시 팔달구,share_chinese,0.05763568928927414,-0.14097152495780474
경기도 수원시 팔달구,share_japanese,0.04575873964436724,0.07637888837922972
경기도 수원시 팔달구,share_western,0.1709255390740781,-0.22218994258295355
경기도 수원시 팔달구,share_bakery,0.0199815684612202,0.19018811051504547
경기도 수원시 팔달구,share_supermarket,0.0858662477289217,-0.054070419150846476
경기도 수원시 팔달구,share_convenience,0.1864345996329375,-0.08938929246630371
경기도 수원시 팔달구,share_change_korean,-0.002421431707445132,-0.09322822597965118
경기도 수원시 팔달구,share_change_chinese,-0.0031290213662307706,-0.04950818282842909
경기도 수원시 팔달구,share_change_japanese,-0.0005092834081384529,-0.005096656299088302
경기도 수원시 팔달구,share_change_western,0.010838184142383606,-1.003224215169709
경기도 수원시 팔달구,share_change_bakery,-0.0011582670491439608,0.005132208063163708
경기도 수원시 팔달구,share_change_supermarket,-0.007440420921254798,0.013508619572456642
경기도 수원시 팔달구,share_change_convenience,0.0038202403098295257,-0.14502510893549164
경기도 시흥시,amount_growth,0.044337390008094335,-0.10072982130523307
경기도 시흥시,count_growth,0.1077053167672537,-0.12978066337154684
경기도 시흥시,ticket_growth,-0.05720648425169028,0.6792445902159492
경기도 시흥시,concentration,0.2515127035502625,0.1432588361140907
경기도 시흥시,q,2.0,-0.07081147702910696
경기도 시흥시,share_korean,0.3758734610799403,-0.1805121026791046
경기도 시흥시,share_chinese,0.05137609257215721,-0.10211517956969189
경기도 시흥시,share_japanese,0.022670382160176108,-0.057347844475603836
경기도 시흥시,share_western,0.08102211680847896,-0.07280682919409824
경기도 시흥시,share_bakery,0.023786280328075653,0.15366558067106312
경기도 시흥시,share_supermarket,0.24281746388019806,0.030042207775421787
경기도 시흥시,share_convenience,0.20245420317097368,-0.13975200234528012
경기도 시흥시,share_change_korean,0.010423796841581567,0.05956049908091241
경기도 시흥시,share_change_chinese,-0.0016149039361116196,-0.024554755056826447
경기도 시흥시,share_change_japanese,0.0025484208089639714,0.032387951754034125
경기도 시흥시,share_change_western,0.004885523893061461,-0.4521851717386783
경기도 시흥시,share_change_bakery,-0.0013032679781617498,0.00612136332031249
경기도 시흥시,share_change_supermarket,-0.022856397509230825,0.07192245265338884
경기도 시흥시,share_change_convenience,0.00791682787989717,-0.2704276728740798
경기도 안산시 단원구,amount_growth,0.050299388739823536,-0.12309978891048463
경기도 안산시 단원구,count_growth,0.11779919375455994,-0.1429300566626491
경기도 안산시 단원구,ticket_growth,-0.06038634254871156,0.711081112357352
경기도 안산시 단원구,concentration,0.2316444177640824,0.17697642523170823
경기도 안산시 단원구,q,2.0,-0.07081147702910696
경기도 안산시 단원구,share_korean,0.34921794383583804,-0.2161884942397638
경기도 안산시 단원구,share_chinese,0.06230971430753197,-0.16998545966792383
경기도 안산시 단원구,share_japanese,0.024597424336789186,-0.04618650246466251
경기도 안산시 단원구,share_western,0.11497156453002207,-0.12921707555261588
경기도 안산시 단원구,share_bakery,0.022067291178609717,0.17016665478912502
경기도 안산시 단원구,share_supermarket,0.22762672304048887,0.021901250678583794
경기도 안산시 단원구,share_convenience,0.19920933877072017,-0.1295507408722
경기도 안산시 단원구,share_change_korean,0.013910243851124826,0.1010303562770066
경기도 안산시 단원구,share_change_chinese,-0.0026578985214240278,-0.041743837972751746
경기도 안산시 단원구,share_change_japanese,-0.00022595605590922108,-0.0016233266389990893
경기도 안산시 단원구,share_change_western,0.0009953461781058992,-0.09207058144773544
경기도 안산시 단원구,share_change_bakery,-0.0017345583711237296,0.009063504191035937
경기도 안산시 단원구,share_change_supermarket,-0.019303784821348785,0.05846098147335322
경기도 안산시 단원구,share_change_convenience,0.009016607740575056,-0.30409355012878053
경기도 안산시 상록구,amount_growth,0.053516424081609504,-0.13517040140453138
경기도 안산시 상록구,count_growth,0.12664427337670592,-0.15445262928652562
경기도 안산시 상록구,ticket_growth,-0.06490766519934643,0.7563482831649952
경기도 안산시 상록구,concentration,0.26035581392656604,0.12825158458777425
경기도 안산시 상록구,q,2.0,-0.07081147702910696
경기도 안산시 상록구,share_korean,0.3532233983957835,-0.21082749659149422
경기도 안산시 상록구,share_chinese,0.02985856399775431,0.031454531063468065
경기도 안산시 상록구,share_japanese,0.014838294337778076,-0.10271094649091851
경기도 안산시 상록구,share_western,0.07617991736283665,-0.06476105284197134
경기도 안산시 상록구,share_bakery,0.026066747308447727,0.13177471842879498
경기도 안산시 상록구,share_supermarket,0.28914616824614753,0.05487048959360503
경기도 안산시 상록구,share_convenience,0.21068691035125223,-0.16563413121660187
경기도 안산시 상록구,share_change_korean,0.017900702001475866,0.1484952192705006
경기도 안산시 상록구,share_change_chinese,-0.0003513161763369181,-0.0037301840761344504
경기도 안산시 상록구,share_change_japanese,0.0007062677692975822,0.0098048698851152
경기도 안산시 상록구,share_change_western,0.006744235191048317,-0.6242464775680777
경기도 안산시 상록구,share_change_bakery,-0.002089320940800051,0.011483593932611964
경기도 안산시 상록구,share_change_supermarket,-0.03273719081619847,0.10936250762795195
경기도 안산시 상록구,share_change_convenience,0.009826622971513682,-0.3288893063653143
경기도 안성시,amount_growth,0.11921453936918347,-0.3816757726465099
경기도 안성시,count_growth,0.1781985867930418,-0.22161294279308688
경기도 안성시,ticket_growth,-0.05006290797242241,0.6077235967815082
경기도 안성시,concentration,0.2813940860757244,0.09254846335708651
경기도 안성시,q,2.0,-0.07081147702910696
경기도 안성시,share_korean,0.42712077734998466,-0.11192145013464594
경기도 안성시,share_chinese,0.034931007142821234,-3.257772539736875e-05
경기도 안성시,share_japanese,0.013077280457982805,-0.11291066003997813
경기도 안성시,share_western,0.08997299077285781,-0.08767956024987468
경기도 안성시,share_bakery,0.01651250636933351,0.22348864107171929
경기도 안성시,share_supermarket,0.18021214057810334,-0.0035089703016693945
경기도 안성시,share_convenience,0.23817329732891668,-0.25204631549385936
경기도 안성시,share_change_korean,0.018684757796546825,0.1578212413687462
경기도 안성시,share_change_chinese,-0.0013144785967330389,-0.019603592182786553
경기도 안성시,share_change_japanese,0.0001240712164050379,0.002667681967136487
경기도 안성시,share_change_western,0.00038285632890580623,-0.03537226397650589
경기도 안성시,share_change_bakery,-0.0009275740739518867,0.0035584859446623927
경기도 안성시,share_change_supermarket,-0.028341975437769507,0.09270826739833549
경기도 안성시,share_change_convenience,0.011392342766596786,-0.3768182895383946
경기도 안양시 동안구,amount_growth,0.039891313998309696,-0.08404773518199067
경기도 안양시 동안구,count_growth,0.09911153877886636,-0.11858546386913245
경기도 안양시 동안구,ticket_growth,-0.05388008649818343,0.6459409251344468
경기도 안양시 동안구,concentration,0.26763097959832605,0.11590522267598692
경기도 안양시 동안구,q,2.0,-0.07081147702910696
경기도 안양시 동안구,share_korean,0.4440761953972072,-0.08922790688850163
경기도 안양시 동안구,share_chinese,0.03959958552577962,-0.029012702534980974
경기도 안양시 동안구,share_japanese,0.046859814462356084,0.08275626442857398
경기도 안양시 동안구,share_western,0.15780873090277875,-0.20039511438871213
경기도 안양시 동안구,share_bakery,0.041377289629107666,-0.015195606369022814
경기도 안양시 동안구,share_supermarket,0.09317215261033934,-0.0501550697402552
경기도 안양시 동안구,share_convenience,0.17710623147243132,-0.06006260543585521
경기도 안양시 동안구,share_change_korean,0.00022313481277491665,-0.061772191902866425
경기도 안양시 동안구,share_change_chinese,-0.0011677542499992921,-0.01718550008786363
경기도 안양시 동안구,share_change_japanese,0.0003243681360144274,0.005123135795473291
경기도 안양시 동안구,share_change_western,0.0044661693676610326,-0.4133654328561442
경기도 안양시 동안구,share_change_bakery,-0.003220753192669658,0.019201904205694464
경기도 안양시 동안구,share_change_supermarket,-0.008568195540003862,0.0177819549629568
경기도 안양시 동안구,share_change_convenience,0.0079430306662224,-0.271229778658789
경기도 안양시 만안구,amount_growth,0.06440430890525328,-0.1760227466924311
경기도 안양시 만안구,count_growth,0.11518774733691295,-0.13952809961012472
경기도 안양시 만안구,ticket_growth,-0.04553801685225778,0.5624206987028413
경기도 안양시 만안구,concentration,0.2642387128462032,0.12166208855542741
경기도 안양시 만안구,q,2.0,-0.07081147702910696
경기도 안양시 만안구,share_korean,0.41823240555289437,-0.12381786278594706
경기도 안양시 만안구,share_chinese,0.03646181054532686,-0.009535015089517691
경기도 안양시 만안구,share_japanese,0.02313753604691162,-0.054642110078674484
경기도 안양시 만안구,share_western,0.10561722778933351,-0.1136739526013719
경기도 안양시 만안구,share_bakery,0.0285628351295617,0.10781404936105257
경기도 안양시 만안구,share_supermarket,0.20441782518663307,0.009463237043380974
경기도 안양시 만안구,share_convenience,0.18357035974933889,-0.08038464500802131
경기도 안양시 만안구,share_change_korean,0.014920044901843899,0.11304152560072214
경기도 안양시 만안구,share_change_chinese,-0.001168489277340673,-0.017197613713470502
경기도 안양시 만안구,share_change_japanese,0.00011853440133930554,0.0025998057672605305
경기도 안양시 만안구,share_change_western,0.003420647294688467,-0.31658122901342756
경기도 안양시 만안구,share_change_bakery,-0.0028619689074134876,0.01675437945983597
경기도 안양시 만안구,share_change_supermarket,-0.018245066701395002,0.054449313241645154
경기도 안양시 만안구,share_change_convenience,0.0038162982882775087,-0.14490443786444313
경기도 양주시,amount_growth,0.052417553358481195,-0.1310473373810659
경기도 양주시,count_growth,0.1274632955799695,-0.1555195776036491
경기도 양주시,ticket_growth,-0.06656158343752094,0.7729071985918358
경기도 양주시,concentration,0.2529555671399694,0.140810216127743
경기도 양주시,q,2.0,-0.07081147702910696
경기도 양주시,share_korean,0.3729413529581672,-0.18443650739024223
경기도 양주시,share_chinese,0.03373661307546529,0.007381604131364641
경기도 양주시,share_japanese,0.02049317749806315,-0.06995811640248438
경기도 양주시,share_western,0.1095598782789127,-0.12022504254094588
경기도 양주시,share_bakery,0.025019999535328113,0.14182275310808853
경기도 양주시,share_supermarket,0.261854654649831,0.04024453792740328
경기도 양주시,share_convenience,0.17639432400423252,-0.05782449828192699
경기도 양주시,share_change_korean,0.023373871806908808,0.2135963292601267
경기도 양주시,share_change_chinese,-0.00018991426426606672,-0.0010701982157632296
경기도 양주시,share_change_japanese,-0.00011757727268495513,-0.0002947036192468012
경기도 양주시,share_change_western,0.0011325226088345075,-0.10476903323298274
경기도 양주시,share_change_bakery,-0.0013519376951022823,0.006453374340529918
경기도 양주시,share_change_supermarket,-0.033369042842960384,0.11175670553117832
경기도 양주시,share_change_convenience,0.010522077659270351,-0.35017819607074213
경기도 양평군,amount_growth,0.20196974069395246,-0.6921808995511961
경기도 양평군,count_growth,0.22219241928692157,-0.2789241430952497
경기도 양평군,ticket_growth,-0.01654623140664524,0.27215694068486307
경기도 양평군,concentration,0.3408057258527906,-0.008276402983441433
경기도 양평군,q,2.0,-0.07081147702910696
경기도 양평군,share_korean,0.525550007801529,0.01981862207800748
경기도 양평군,share_chinese,0.01987412067976591,0.09343280148637167
경기도 양평군,share_japanese,0.013322484446388111,-0.1114904495172128
경기도 양평군,share_western,0.10857311131573337,-0.11858543508847852
경기도 양평군,share_bakery,0.018493469790501472,0.20447280013519117
경기도 양평군,share_supermarket,0.1927560055291964,0.0032134843483655165
경기도 양평군,share_convenience,0.12143080043688563,0.11497078874100708
경기도 양평군,share_change_korean,0.023268772308951857,0.21234621383897564
경기도 양평군,share_change_chinese,-0.0007920436682445076,-0.010993598007912636
경기도 양평군,share_change_japanese,-0.0007294507241283818,-0.007795702694691317
경기도 양평군,share_change_western,-0.0020527772897116214,0.19009486553155586
경기도 양평군,share_change_bakery,-0.0013663872666023862,0.0065519452235559255
경기도 양평군,share_change_supermarket,-0.02497139656984404,0.07993655421795337
경기도 양평군,share_change_convenience,0.006643283209578951,-0.23144259951323098
경기도 여주시,amount_growth,0.21144021978550098,-0.7277150081642496
경기도 여주시,count_growth,0.1884576511623024,-0.23497752731891267
경기도 여주시,ticket_growth,0.019338146883670415,-0.08711498191630473
경기도 여주시,concentration,0.30503746039015966,0.05242433845433969
경기도 여주시,q,2.0,-0.07081147702910696
경기도 여주시,share_korean,0.46800963456489414,-0.05719481072607246
경기도 여주시,share_chinese,0.03565027031923257,-0.0044973922606798165
경기도 여주시,share_japanese,0.01609022586218182,-0.0954598151520558
경기도 여주시,share_western,0.0915620861490898,-0.0903199938261636
경기도 여주시,share_bakery,0.020459235251452754,0.1856028488152768
경기도 여주시,share_supermarket,0.12135968226828812,-0.03504892896459554
경기도 여주시,share_convenience,0.2468688655848608,-0.27938359511299254
경기도 여주시,share_change_korean,0.04278476291994704,0.44448091758263314
경기도 여주시,share_change_chinese,-0.006437371552148061,-0.10403148185746067
경기도 여주시,share_change_japanese,0.0016647999476770963,0.021555582335291396
경기도 여주시,share_change_western,-0.003502351691822031,0.3242822806476778
경기도 여주시,share_change_bakery,-0.0022193604922055854,0.012370686910438838
경기도 여주시,share_change_supermarket,-0.012423527849534197,0.03239048376521785
경기도 여주시,share_change_convenience,-0.019866951281914264,0.580074625246485
경기도 연천군,amount_growth,0.11899684448256598,-0.3808589614091064
경기도 연천군,count_growth,0.1529825727662939,-0.18876379215566194
경기도 연천군,ticket_growth,-0.02947635904173973,0.4016124875346905
경기도 연천군,concentration,0.2991632569942414,0.06239318924642232
경기도 연천군,q,2.0,-0.07081147702910696
경기도 연천군,share_korean,0.460540596292103,-0.0671915529224973
경기도 연천군,share_chinese,0.03273535347852687,0.013596906886479038
경기도 연천군,share_japanese,0.00851845861374627,-0.13931515205784575
경기도 연천군,share_western,0.08248183908692626,-0.07523229702549324
경기도 연천군,share_bakery,0.018982520047913398,0.1997782652409374
경기도 연천군,share_supermarket,0.20366476560174213,0.009059660559742066
경기도 연천군,share_convenience,0.19307646687904212,-0.11027011091952053
경기도 연천군,share_change_korean,0.030784302962756638,0.30174036843620344
경기도 연천군,share_change_chinese,-0.0018153328399574328,-0.02785792565374931
경기도 연천군,share_change_japanese,-0.0025743786502128944,-0.030412802088651904
경기도 연천군,share_change_western,-0.0005426312556690294,0.05030032138051766
경기도 연천군,share_change_bakery,-0.0051415812329171605,0.03230524890120683
경기도 연천군,share_change_supermarket,-0.021491764325835744,0.06675161871130078
경기도 연천군,share_change_convenience,0.0007813853418356109,-0.052001293892851005
경기도 오산시,amount_growth,0.041160840242839836,-0.08881111441805417
경기도 오산시,count_growth,0.11280246288261431,-0.13642076598200847
경기도 오산시,ticket_growth,-0.06437946089209157,0.751059938040039
경기도 오산시,concentration,0.2509204836108078,0.14426386638196026
경기도 오산시,q,2.0,-0.07081147702910696
경기도 오산시,share_korean,0.38467051530985763,-0.16873791167719016
경기도 오산시,share_chinese,0.053345972024167056,-0.11434317441014788
경기도 오산시,share_japanese,0.021269768060090226,-0.06546013863611932
경기도 오산시,share_western,0.08742632816526529,-0.08344803736135478
경기도 오산시,share_bakery,0.025979673693238014,0.13261056325000836
경기도 오산시,share_supermarket,0.20937469563974048,0.012119701933351663
경기도 오산시,share_convenience,0.21793304710764133,-0.18841466272844154
경기도 오산시,share_change_korean,0.00812729972554932,0.03224460780465989
경기도 오산시,share_change_chinese,-0.0015118263714281183,-0.022855984199271467
경기도 오산시,share_change_japanese,0.0005226012890913213,0.007553289766763407
경기도 오산시,share_change_western,0.0019170435207207515,-0.1773923032888647
경기도 오산시,share_change_bakery,-0.0006292080161956239,0.00152311722955466
경기도 오산시,share_change_supermarket,-0.01920722119467455,0.058095084993292544
경기도 오산시,share_change_convenience,0.010781311046936914,-0.3581137109147068
경기도 용인시 기흥구,amount_growth,0.07693175455670853,-0.2230268750073534
경기도 용인시 기흥구,count_growth,0.13957766503217583,-0.17130108639369115
경기도 용인시 기흥구,ticket_growth,-0.05497291882576383,0.6568822870896147
경기도 용인시 기흥구,concentration,0.27220617297058536,0.10814086434534578
경기도 용인시 기흥구,q,2.0,-0.07081147702910696
경기도 용인시 기흥구,share_korean,0.4443346839102818,-0.08888193958567533
경기도 용인시 기흥구,share_chinese,0.03137953778320807,0.022013110888227633
경기도 용인시 기흥구,share_japanese,0.02559900979074351,-0.04038536435754741
경기도 용인시 기흥구,share_western,0.14560194610650853,-0.18011237685345444
경기도 용인시 기흥구,share_bakery,0.0380258390288603,0.016975937456536812
경기도 용인시 기흥구,share_supermarket,0.1368424872794017,-0.026751450081623773
경기도 용인시 기흥구,share_convenience,0.17821649610099607,-0.06355307480012706
경기도 용인시 기흥구,share_change_korean,0.019719826785697447,0.17013296245634282
경기도 용인시 기흥구,share_change_chinese,-0.0025505791149938867,-0.03997515939896698
경기도 용인시 기흥구,share_change_japanese,-0.0001614680703696629,-0.000832763951946095
경기도 용인시 기흥구,share_change_western,0.0013020547409157146,-0.12046265927244797
경기도 용인시 기흥구,share_change_bakery,-0.0032288839326753,0.019257369810470718
경기도 용인시 기흥구,share_change_supermarket,-0.01967248303933325,0.059858043543321575
경기도 용인시 기흥구,share_change_convenience,0.004591532630758899,-0.16863550000766167
경기도 용인시 수지구,amount_growth,0.06595434532467648,-0.18183862590503874
경기도 용인시 수지구,count_growth,0.11316849224615577,-0.1368975960507077
경기도 용인시 수지구,ticket_growth,-0.04241419627877763,0.5311452223878962
경기도 용인시 수지구,concentration,0.24779221206222685,0.14957271767685928
경기도 용인시 수지구,q,2.0,-0.07081147702910696
경기도 용인시 수지구,share_korean,0.4139838912227666,-0.12950417753289675
경기도 용인시 수지구,share_chinese,0.04338538570461755,-0.052512995919226174
경기도 용인시 수지구,share_japanese,0.034952930949471404,0.01379212820747654
경기도 용인시 수지구,share_western,0.13984662786314372,-0.17054936650221791
경기도 용인시 수지구,share_bakery,0.04685484979127369,-0.0677762909243187
경기도 용인시 수지구,share_supermarket,0.16497130885835784,-0.011676771889478648
경기도 용인시 수지구,share_convenience,0.15600500561036923,0.00627579761254275
경기도 용인시 수지구,share_change_korean,0.013080682800236443,0.09116306782500459
경기도 용인시 수지구,share_change_chinese,-0.004966147305844819,-0.07978495563982807
경기도 용인시 수지구,share_change_japanese,0.0002325527157682819,0.003997564191160002
경기도 용인시 수지구,share_change_western,0.006368621391625223,-0.5894758271253338
경기도 용인시 수지구,share_change_bakery,-0.0005767124514654345,0.001165007359627616
경기도 용인시 수지구,share_change_supermarket,-0.015927293835680006,0.04566686624422369
경기도 용인시 수지구,share_change_convenience,0.0017882966853603466,-0.08282432940158917
경기도 용인시 처인구,amount_growth,0.12741243740634411,-0.412435040095943
경기도 용인시 처인구,count_growth,0.19918378667900272,-0.24895057004373716
경기도 용인시 처인구,ticket_growth,-0.05985016647983599,0.7057129545043944
경기도 용인시 처인구,concentration,0.2854798319193127,0.08561472478116232
경기도 용인시 처인구,q,2.0,-0.07081147702910696
경기도 용인시 처인구,share_korean,0.44646253892369303,-0.08603396676460516
경기도 용인시 처인구,share_chinese,0.03396037514562956,0.00599260469961428
경기도 용인시 처인구,share_japanese,0.016250216377806347,-0.09453315724852682
경기도 용인시 처인구,share_western,0.1221545102859688,-0.14115222521974005
경기도 용인시 처인구,share_bakery,0.018852341839979615,0.20102788351708487
경기도 용인시 처인구,share_supermarket,0.13746433413012232,-0.02641819256733013
경기도 용인시 처인구,share_convenience,0.22485568329680033,-0.21017816749711554
경기도 용인시 처인구,share_change_korean,0.0020508034817802723,-0.04003282271183522
경기도 용인시 처인구,share_change_chinese,-0.003099290186454988,-0.049018197816473215
경기도 용인시 처인구,share_change_japanese,-0.0012701141402686224,-0.014423733008847854
경기도 용인시 처인구,share_change_western,0.005220557162720449,-0.483199273786831
경기도 용인시 처인구,share_change_bakery,-0.00222879302353202,0.012435032966791474
경기도 용인시 처인구,share_change_supermarket,-0.009918319810732296,0.022897812095897634
경기도 용인시 처인구,share_change_convenience,0.009245156516487246,-0.31108976392726684
경기도 의왕시,amount_growth,0.12753875612652243,-0.4129089995524064
경기도 의왕시,count_growth,0.14210931787318493,-0.17459909556547212
경기도 의왕시,ticket_growth,-0.012757589416918291,0.234225318164206
경기도 의왕시,concentration,0.3417819097603629,-0.009933041520503666
경기도 의왕시,q,2.0,-0.07081147702910696
경기도 의왕시,share_korean,0.5378449477747367,0.03627446829858715
경기도 의왕시,share_chinese,0.026579750002090684,0.0518077159148979
경기도 의왕시,share_japanese,0.022075223971891662,-0.06079497405619769
경기도 의왕시,share_western,0.13940853978330967,-0.169821441361495
경기도 의왕시,share_bakery,0.027649582400988235,0.11658062649005595
경기도 의왕시,share_supermarket,0.10392247986074855,-0.044393800171770796
경기도 의왕시,share_convenience,0.14251947620623454,0.04867184089365499
경기도 의왕시,share_change_korean,0.019964628552358032,0.1730447790641897
경기도 의왕시,share_change_chinese,-0.00397052402024195,-0.06337657591259527
경기도 의왕시,share_change_japanese,-0.0013188812308619624,-0.015021572154491167
경기도 의왕시,share_change_western,0.0002953120177787705,-0.027268268209778967
경기도 의왕시,share_change_bakery,-0.001200722670698054,0.0054218282851872385
경기도 의왕시,share_change_supermarket,-0.01321507955229069,0.035389811688160425
경기도 의왕시,share_change_convenience,-0.0005547330960440633,-0.011100745577960302
경기도 의정부시,amount_growth,0.04842221339761266,-0.11605645437048295
경기도 의정부시,count_growth,0.09223673069209859,-0.10962958344306391
경기도 의정부시,ticket_growth,-0.04011448806223772,0.5081207021999298
경기도 의정부시,concentration,0.2649609213412049,0.12043646045878213
경기도 의정부시,q,2.0,-0.07081147702910696
경기도 의정부시,share_korean,0.42088085132397285,-0.12027311865320757
경기도 의정부시,share_chinese,0.026159954338608085,0.05441359070681657
경기도 의정부시,share_japanese,0.03432232074435697,0.010139662132632916
경기도 의정부시,share_western,0.10653589431474167,-0.11520040467931585
경기도 의정부시,share_bakery,0.02820970663527851,0.1112038319313363
경기도 의정부시,share_supermarket,0.19988057444663324,0.0070316529618871465
경기도 의정부시,share_convenience,0.18401069819640867,-0.08176898872200143
경기도 의정부시,share_change_korean,0.007393232804262351,0.023513182856906244
경기도 의정부시,share_change_chinese,-0.0019025651884538239,-0.029295559264096608
경기도 의정부시,share_change_japanese,-0.00045672405743624883,-0.00445232757377238
경기도 의정부시,share_change_western,0.003091173589458082,-0.2860817770437804
경기도 의정부시,share_change_bakery,-0.0026976387544924256,0.015633365713434457
경기도 의정부시,share_change_supermarket,-0.009126119930004145,0.019896028113189596
경기도 의정부시,share_change_convenience,0.003698641536666214,-0.14130279184458316
경기도 이천시,amount_growth,0.03477846871734536,-0.0648638694261751
경기도 이천시,count_growth,0.09252732904072203,-0.11000814878327954
경기도 이천시,ticket_growth,-0.05285804646560399,0.6357083307584347
경기도 이천시,concentration,0.2691369917026068,0.11334943613834723
경기도 이천시,q,2.0,-0.07081147702910696
경기도 이천시,share_korean,0.4167517593659951,-0.12579959559731474
경기도 이천시,share_chinese,0.0351356061076186,-0.001302622490498222
경기도 이천시,share_japanese,0.02008344412622178,-0.07233127374793254
경기도 이천시,share_western,0.09776947431830249,-0.10063416148922212
경기도 이천시,share_bakery,0.022886018407603747,0.16230745527509477
경기도 이천시,share_supermarket,0.18422146291744787,-0.0013603113589352482
경기도 이천시,share_convenience,0.2231522347568104,-0.20482283617386632
경기도 이천시,share_change_korean,0.005531620052340924,0.0013700627219115295
경기도 이천시,share_change_chinese,-0.0015553605584210511,-0.023573449812647376
경기도 이천시,share_change_japanese,-0.0003021559350092906,-0.0025574662414450584
경기도 이천시,share_change_western,-0.004123499740869813,0.3817820895466179
경기도 이천시,share_change_bakery,-0.0025479016586088324,0.01461190166774357
경기도 이천시,share_change_supermarket,-0.0093439560580863,0.020721447323719038
경기도 이천시,share_change_convenience,0.01234125389865437,-0.40586585336428505
경기도 파주시,amount_growth,0.05751477914416969,-0.1501725973539799
경기도 파주시,count_growth,0.11158036455829001,-0.1348287264190986
경기도 파주시,ticket_growth,-0.048638485473431636,0.5934623768805105
경기도 파주시,concentration,0.2479125705723216,0.14936846257232447
경기도 파주시,q,2.0,-0.07081147702910696
경기도 파주시,share_korean,0.3806229442627962,-0.1741552790545387
경기도 파주시,share_chinese,0.029433685555738016,0.03409195712093337
경기도 파주시,share_japanese,0.02185556550962772,-0.06206722603525625
경기도 파주시,share_western,0.1363739681682863,-0.16477921110785212
경기도 파주시,share_bakery,0.02703289342115318,0.12250040240441337
경기도 파주시,share_supermarket,0.21787700777338967,0.016676224820176725
경기도 파주시,share_convenience,0.1868039353090089,-0.09055041642656751
경기도 파주시,share_change_korean,0.006533240162050091,0.013283923107765173
경기도 파주시,share_change_chinese,-0.002982425542573084,-0.04709220885937385
경기도 파주시,share_change_japanese,-0.001247733237304434,-0.014149363967265875
경기도 파주시,share_change_western,0.004710543725983868,-0.4359872199243077
경기도 파주시,share_change_bakery,-0.0025663167530466,0.014737524224767148
경기도 파주시,share_change_supermarket,-0.011171958468847637,0.027648068357707885
경기도 파주시,share_change_convenience,0.006724650113737823,-0.2339333599880765
경기도 평택시,amount_growth,0.08856614249176631,-0.2666801686300253
경기도 평택시,count_growth,0.15855812874879605,-0.19602712402731817
경기도 평택시,ticket_growth,-0.06041301210550287,0.7113481261221111
경기도 평택시,concentration,0.24971818442675414,0.14630423515461838
경기도 평택시,q,2.0,-0.07081147702910696
경기도 평택시,share_korean,0.36549706764296525,-0.1944001196271488
경기도 평택시,share_chinese,0.03654549579332819,-0.010054489913085465
경기도 평택시,share_japanese,0.023426777939186082,-0.05296683398832905
경기도 평택시,share_western,0.10199776399646278,-0.1076598681922164
경기도 평택시,share_bakery,0.02146525915880674,0.17594573430414223
경기도 평택시,share_supermarket,0.19680766511360473,0.005384832487057887
경기도 평택시,share_convenience,0.25425997035564624,-0.30261987960482567
경기도 평택시,share_change_korean,0.009515807477641691,0.048760338012899536
경기도 평택시,share_change_chinese,-0.002612704420316102,-0.04099901612785007
경기도 평택시,share_change_japanese,0.0005166556589088697,0.007480401874019741
경기도 평택시,share_change_western,0.0014416696502606297,-0.13338684154925315
경기도 평택시,share_change_bakery,-0.0021952100954470075,0.012205939745866909
경기도 평택시,share_change_supermarket,-0.01955649880450966,0.05941855898038515
경기도 평택시,share_change_convenience,0.012890280533461557,-0.4226723652471152
경기도 포천시,amount_growth,0.14897527288928503,-0.4933407821021737
경기도 포천시,count_growth,0.18633797815018416,-0.2322162083410878
경기도 포천시,ticket_growth,-0.03149414917927329,0.4218144633430048
경기도 포천시,concentration,0.3070450250612374,0.049017389237134106
경기도 포천시,q,2.0,-0.07081147702910696
경기도 포천시,share_korean,0.476114197082061,-0.04634746744841533
경기도 포천시,share_chinese,0.03405050651931559,0.005433115655108767
경기도 포천시,share_japanese,0.008181086714168,-0.14126919499565638
경기도 포천시,share_western,0.09999747952110902,-0.10433620469797282
경기도 포천시,share_bakery,0.01140652416266783,0.27250244134141394
경기도 포천시,share_supermarket,0.16993107459648102,-0.009018755370700307
경기도 포천시,share_convenience,0.20031913140419758,-0.13303972637005831
경기도 포천시,share_change_korean,0.027392432769296426,0.261395463676297
경기도 포천시,share_change_chinese,-0.0012099078268639554,-0.017880212541919654
경기도 포천시,share_change_japanese,-0.0007794835687457893,-0.008409058806697319
경기도 포천시,share_change_western,-0.0029033892692674618,0.26883619997925945
경기도 포천시,share_change_bakery,-0.002676345073242173,0.015488106252716419
경기도 포천시,share_change_supermarket,-0.025954868820761118,0.08366310268388753
경기도 포천시,share_change_convenience,0.006131561789584072,-0.21577805506200778
경기도 하남시,amount_growth,0.06312411754808211,-0.17121935097279867
경기도 하남시,count_growth,0.10907373593897418,-0.13156331654818706
경기도 하남시,ticket_growth,-0.0414306253064316,0.5212977775919855
경기도 하남시,concentration,0.2747959942396965,0.1037457932063603
경기도 하남시,q,2.0,-0.07081147702910696
경기도 하남시,share_korean,0.45315376611475866,-0.0770782658077008
경기도 하남시,share_chinese,0.03489816696815311,0.00017127712774697292
경기도 하남시,share_japanese,0.037692543464654116,0.029659841239659434
경기도 하남시,share_western,0.12935646478400353,-0.15311895972538486
경기도 하남시,share_bakery,0.031931471543435695,0.0754775339389472
경기도 하남시,share_supermarket,0.15008147158644375,-0.01965647002853744
경기도 하남시,share_convenience,0.16288611553855112,-0.015357156170335425
경기도 하남시,share_change_korean,0.006373999289342069,0.011389818240286292
경기도 하남시,share_change_chinese,-0.004358293372415417,-0.0697672126815943
경기도 하남시,share_change_japanese,-0.0006381806153402253,-0.006676816101359557
경기도 하남시,share_change_western,0.0007120450502449138,-0.06584533492585871
경기도 하남시,share_change_bakery,-0.0011005783786524892,0.00473867229700622
경기도 하남시,share_change_supermarket,-0.002682995747899153,-0.00451809695669107
경기도 하남시,share_change_convenience,0.0016940037747202596,-0.07993788487837254
경기도 화성시 동탄구,amount_growth,0.07221762859234815,-0.20533904080024493
경기도 화성시 동탄구,count_growth,0.14329413883529862,-0.17614257354028473
경기도 화성시 동탄구,ticket_growth,-0.06216817512539485,0.7289206973265909
경기도 화성시 동탄구,concentration,0.2389112505610346,0.1646442046732295
경기도 화성시 동탄구,q,2.0,-0.07081147702910696
경기도 화성시 동탄구,share_korean,0.3779061660680242,-0.17779148096247924
경기도 화성시 동탄구,share_chinese,0.03957859792842716,-0.02888242236383771
경기도 화성시 동탄구,share_japanese,0.05463193383534461,0.12777203186976854
경기도 화성시 동탄구,share_western,0.19671752336775805,-0.2650457851879647
경기도 화성시 동탄구,share_bakery,0.041748080619754775,-0.01875493635134321
경기도 화성시 동탄구,share_supermarket,0.07679317212710988,-0.058932823163271954
경기도 화성시 동탄구,share_convenience,0.2126245260535813,-0.1717256413617593
경기도 화성시 동탄구,share_change_korean,0.0037244913977780847,-0.020124991421908205
경기도 화성시 동탄구,share_change_chinese,-0.003666845645929742,-0.05837180136310668
경기도 화성시 동탄구,share_change_japanese,0.00481866951418209,0.06021908807592882
경기도 화성시 동탄구,share_change_western,0.003133618315204062,-0.2900108944625715
경기도 화성시 동탄구,share_change_bakery,-0.001398127492026141,0.0067684680489865316
경기도 화성시 동탄구,share_change_supermarket,-0.011545649079639037,0.029064047477688267
경기도 화성시 동탄구,share_change_convenience,0.004933842990430648,-0.17911412301555915
경기도 화성시 만세구,amount_growth,0.08010523817947934,-0.23493407744592046
경기도 화성시 만세구,count_growth,0.1537499432908147,-0.18976345332050604
경기도 화성시 만세구,ticket_growth,-0.06383073346142931,0.7455661168178046
경기도 화성시 만세구,concentration,0.2531569358627375,0.14046848217401878
경기도 화성시 만세구,q,2.0,-0.07081147702910696
경기도 화성시 만세구,share_korean,0.33211281916194707,-0.2390824084703965
경기도 화성시 만세구,share_chinese,0.03240643426542913,0.015638667582334023
경기도 화성시 만세구,share_japanese,0.021340271860527,-0.06505178378052967
경기도 화성시 만세구,share_western,0.08118076816592255,-0.07307044356072688
경기도 화성시 만세구,share_bakery,0.014698854121587295,0.24089841365448858
경기도 화성시 만세구,share_supermarket,0.27028609776836393,0.044763080993649194
경기도 화성시 만세구,share_convenience,0.24797475465622304,-0.2828603085239772
경기도 화성시 만세구,share_change_korean,0.009697311453345236,0.050919253359195144
경기도 화성시 만세구,share_change_chinese,-0.0007320178515088926,-0.01000434192212426
경기도 화성시 만세구,share_change_japanese,0.0010182630059028669,0.01362964112792457
경기도 화성시 만세구,share_change_western,0.0008506223785659239,-0.07867346810344648
경기도 화성시 만세구,share_change_bakery,-0.0009002885197725557,0.003372351624396126
경기도 화성시 만세구,share_change_supermarket,-0.025198175538122425,0.08079585941497941
경기도 화성시 만세구,share_change_convenience,0.015264285071589834,-0.49534413187999926
경기도 화성시 병점구,amount_growth,0.05173714951827879,-0.12849439959145956
경기도 화성시 병점구,count_growth,0.11168186890495369,-0.13496095713448333
경기도 화성시 병점구,ticket_growth,-0.053922548404717996,0.6463660508165628
경기도 화성시 병점구,concentration,0.258191093551441,0.1319252357999876
경기도 화성시 병점구,q,2.0,-0.07081147702910696
경기도 화성시 병점구,share_korean,0.38282102138496404,-0.17121331925789143
경기도 화성시 병점구,share_chinese,0.02850492113109936,0.03985724726642588
경기도 화성시 병점구,share_japanese,0.012558160642162895,-0.115917378771587
경기도 화성시 병점구,share_western,0.11277945804825831,-0.12557468149381867
경기도 화성시 병점구,share_bakery,0.025537026606408282,0.13685966068624925
경기도 화성시 병점구,share_supermarket,0.2459497769674514,0.03172086365707145
경기도 화성시 병점구,share_convenience,0.1918496352196557,-0.10641317608431576
경기도 화성시 병점구,share_change_korean,0.01022527517488897,0.05719916528018698
경기도 화성시 병점구,share_change_chinese,-0.002804423663067202,-0.044158647066144904
경기도 화성시 병점구,share_change_japanese,0.003214601801887214,0.04055471074677655
경기도 화성시 병점구,share_change_western,0.0019572136400750617,-0.18111085990328432
경기도 화성시 병점구,share_change_bakery,0.001021976401624873,-0.009740795067234298
경기도 화성시 병점구,share_change_supermarket,-0.0215202635624811,0.06685960730630386
경기도 화성시 병점구,share_change_convenience,0.007905620207072223,-0.2700845895433822
경기도 화성시 효행구,amount_growth,0.06136061235820134,-0.16460251729932282
경기도 화성시 효행구,count_growth,0.1622046993736288,-0.20077754761282524
경기도 화성시 효행구,ticket_growth,-0.08676964313582403,0.9752288997262784
경기도 화성시 효행구,concentration,0.2528503253886989,0.1409888172494274
경기도 화성시 효행구,q,2.0,-0.07081147702910696
경기도 화성시 효행구,share_korean,0.36685043608221024,-0.19258873844395208
경기도 화성시 효행구,share_chinese,0.0334333178305106,0.0092643044593755
경기도 화성시 효행구,share_japanese,0.01590537355706171,-0.09653047142725091
경기도 화성시 효행구,share_western,0.10025239988921579,-0.10475977921042597
경기도 화성시 효행구,share_bakery,0.02237527630733214,0.1672102164440148
경기도 화성시 효행구,share_supermarket,0.22915140335383538,0.022718350854824123
경기도 화성시 효행구,share_convenience,0.23203179297983414,-0.23273854667055976
경기도 화성시 효행구,share_change_korean,0.009225326334384831,0.04530518395604833
경기도 화성시 효행구,share_change_chinese,-0.002201239520389038,-0.034217864642082076
경기도 화성시 효행구,share_change_japanese,-0.00011295592435173543,-0.00023805018953349533
경기도 화성시 효행구,share_change_western,0.007147974313355149,-0.6616206952175688
경기도 화성시 효행구,share_change_bakery,-0.0012287563116905216,0.005613065841750198
경기도 화성시 효행구,share_change_supermarket,-0.028876757536060726,0.09473465035539182
경기도 화성시 효행구,share_change_convenience,0.01604640864475207,-0.5192860834955324
경상남도 거제시,amount_growth,0.14072424349418577,-0.4623821609109184
경상남도 거제시,count_growth,0.19349556232579568,-0.2415404639722636
경상남도 거제시,ticket_growth,-0.04421576459720822,0.5491824002434922
경상남도 거제시,concentration,0.29759853129370606,0.06504861603161205
경상남도 거제시,q,2.0,-0.07081147702910696
경상남도 거제시,share_korean,0.4684260204081633,-0.05663750980226195
경상남도 거제시,share_chinese,0.02410544217687075,0.0671669417241826
경상남도 거제시,share_japanese,0.027151927437641724,-0.03139093487270832
경상남도 거제시,share_western,0.0941031746031746,-0.09454225472682468
경상남도 거제시,share_bakery,0.022337018140589568,0.16757746765396947
경상남도 거제시,share_supermarket,0.1564438775510204,-0.01624675653682361
경상남도 거제시,share_convenience,0.2074325396825397,-0.1554029837704203
경상남도 거제시,share_change_korean,-0.001021129268566845,-0.0765722028097386
경상남도 거제시,share_change_chinese,-0.002221102424541835,-0.034545215436843135
경상남도 거제시,share_change_japanese,0.00120142090175741,0.015874986475437686
경상남도 거제시,share_change_western,0.001090821930555999,-0.10090879244876678
경상남도 거제시,share_change_bakery,6.444195327281674e-05,-0.003208766342285249
경상남도 거제시,share_change_supermarket,-0.006458205111393778,0.009786831981560525
경상남도 거제시,share_change_convenience,0.007343752018916239,-0.25288497884663685
경상남도 거창군,amount_growth,0.30046125853270333,-1.06173013338773
경상남도 거창군,count_growth,0.32309141794011476,-0.41036626564516093
경상남도 거창군,ticket_growth,-0.017104002868255197,0.27774131012170944
경상남도 거창군,concentration,0.31443811793751425,0.03647089828198185
경상남도 거창군,q,2.0,-0.07081147702910696
경상남도 거창군,share_korean,0.4837412200508862,-0.03613927469844513
경상남도 거창군,share_chinese,0.030412897112141245,0.02801351722086901
경상남도 거창군,share_japanese,0.014964345497402961,-0.10198086381783357
경상남도 거창군,share_western,0.08053120084602394,-0.07199112548632207
경상남도 거창군,share_bakery,0.027302689720422952,0.11991054968055384
경상남도 거창군,share_supermarket,0.23698176206467864,0.026914763326768242
경상남도 거창군,share_convenience,0.12606588470844404,0.10039892971348215
경상남도 거창군,share_change_korean,0.02510768879617803,0.23421937121439862
경상남도 거창군,share_change_chinese,-0.00651096432486838,-0.10524432829992182
경상남도 거창군,share_change_japanese,-0.004332022767700937,-0.051959883219785605
경상남도 거창군,share_change_western,-0.011521554149977714,1.066621582159985
경상남도 거창군,share_change_bakery,0.000863381530959273,-0.008658905791501012
경상남도 거창군,share_change_supermarket,-0.0027760965213360356,-0.004165321833544509
경상남도 거창군,share_change_convenience,-0.0008304325632542409,-0.0026611798483576754
경상남도 고성군,amount_growth,0.3813441059133904,-1.3652100160816498
경상남도 고성군,count_growth,0.34873302596981604,-0.44376984179561785
경상남도 고성군,ticket_growth,0.024179047532498332,-0.13558174561930067
경상남도 고성군,concentration,0.2651866485253889,0.12005338883746051
경상남도 고성군,q,2.0,-0.07081147702910696
경상남도 고성군,share_korean,0.41906139958862176,-0.12270831703790476
경상남도 고성군,share_chinese,0.031020774165561555,0.024240130242660165
경상남도 고성군,share_japanese,0.04731432297997406,0.08538875741372297
경상남도 고성군,share_western,0.09074631819366222,-0.08896451753934752
경상남도 고성군,share_bakery,0.018044745028451478,0.20878023893403236
경상남도 고성군,share_supermarket,0.20849570352815816,0.011648636226658472
경상남도 고성군,share_convenience,0.1853167365155708,-0.08587493483999453
경상남도 고성군,share_change_korean,0.01872519213736379,0.15830219126843145
경상남도 고성군,share_change_chinese,-0.00432524603905848,-0.06922257576667448
경상남도 고성군,share_change_japanese,0.013080280769048123,0.16149875340254558
경상남도 고성군,share_change_western,-0.0010833581463416397,0.1003555262996294
경상남도 고성군,share_change_bakery,-0.0004929134233855985,0.0005933541313992703
경상남도 고성군,share_change_supermarket,-0.025636993852962753,0.08245861880292062
경상남도 고성군,share_change_convenience,-0.0002669614446634272,-0.019909858600626
경상남도 김해시,amount_growth,0.1532550541775488,-0.5093989151350625
경상남도 김해시,count_growth,0.2180952532268381,-0.27358672438381254
경상남도 김해시,ticket_growth,-0.05323081169352073,0.6394404305325765
경상남도 김해시,concentration,0.2788233161185382,0.09691120335716301
경상남도 김해시,q,2.0,-0.07081147702910696
경상남도 김해시,share_korean,0.4457698488057848,-0.08696108003914352
경상남도 김해시,share_chinese,0.02884559199474107,0.03774253838987291
경상남도 김해시,share_japanese,0.02266695882940131,-0.05736767225418482
경상남도 김해시,share_western,0.11036958585932365,-0.12157044893647777
경상남도 김해시,share_bakery,0.03123085725415723,0.08220293317671958
경상남도 김해시,share_supermarket,0.16629172449054122,-0.01096914037071166
경상남도 김해시,share_convenience,0.1948254327660507,-0.11576854047469023
경상남도 김해시,share_change_korean,0.006636672738333127,0.014514211179300652
경상남도 김해시,share_change_chinese,-0.00048627790389248887,-0.005954422205553269
경상남도 김해시,share_change_japanese,-0.001332584057841358,-0.015189556060739998
경상남도 김해시,share_change_western,0.0010624977616497666,-0.09828681802282058
경상남도 김해시,share_change_bakery,-0.0034506077360736687,0.020769906780076015
경상남도 김해시,share_change_supermarket,-0.010409872834956063,0.024760392526243527
경상남도 김해시,share_change_convenience,0.00798017203278062,-0.2723667304546239
경상남도 남해군,amount_growth,0.4530799881829908,-1.6343696443728937
경상남도 남해군,count_growth,0.42056439507655363,-0.5373452761119515
경상남도 남해군,ticket_growth,0.02288920742989964,-0.12266795539672402
경상남도 남해군,concentration,0.2987263766051647,0.0631345996333556
경상남도 남해군,q,2.0,-0.07081147702910696
경상남도 남해군,share_korean,0.4784700004165369,-0.04319440305911836
경상남도 남해군,share_chinese,0.02981511711629512,0.03172422687748087
경상남도 남해군,share_japanese,0.03431470752166488,0.010095566687653486
경상남도 남해군,share_western,0.11572188822132788,-0.130463809950841
경상남도 남해군,share_bakery,0.023720785390265335,0.15429428552560026
경상남도 남해군,share_supermarket,0.19912646259002653,0.006627512549274488
경상남도 남해군,share_convenience,0.11883103874388336,0.12314396503642996
경상남도 남해군,share_change_korean,0.018844541967015016,0.1597218085402462
경상남도 남해군,share_change_chinese,-0.0012347953369592386,-0.01829037140623496
경상남도 남해군,share_change_japanese,-0.0009922104726139622,-0.011016892674097715
경상남도 남해군,share_change_western,-0.006392491781986642,0.591823172276313
경상남도 남해군,share_change_bakery,-0.0028631622113861645,0.016762519841459354
경상남도 남해군,share_change_supermarket,-0.0025322420063577655,-0.005089329265229543
경상남도 남해군,share_change_convenience,-0.004829640157711215,0.1197604399729652
경상남도 밀양시,amount_growth,0.06430887802850638,-0.17566468126547824
경상남도 밀양시,count_growth,0.09927439585913445,-0.11879761939682303
경상남도 밀양시,ticket_growth,-0.03180781610336769,0.42495487497182227
경상남도 밀양시,concentration,0.29383188883263606,0.0714408183696552
경상남도 밀양시,q,2.0,-0.07081147702910696
경상남도 밀양시,share_korean,0.44130374277970225,-0.09293862479578091
경상남도 밀양시,share_chinese,0.02838192538419049,0.040620741376212736
경상남도 밀양시,share_japanese,0.01086909048868945,-0.125700397478798
경상남도 밀양시,share_western,0.10228523226986037,-0.10813752415456437
경상남도 밀양시,share_bakery,0.018701481097699355,0.2024760394235057
경상남도 밀양시,share_supermarket,0.2623268520144042,0.04049759592679866
경상남도 밀양시,share_convenience,0.1361316759654539,0.06875391905042369
경상남도 밀양시,share_change_korean,0.01740308307526589,0.1425762462439452
경상남도 밀양시,share_change_chinese,-0.004791965705333533,-0.0769143539935882
경상남도 밀양시,share_change_japanese,-0.003346728928386304,-0.03988109771225066
경상남도 밀양시,share_change_western,0.0029786601991103057,-0.2756663882270777
경상남도 밀양시,share_change_bakery,-0.0026327296540793327,0.015190574219991456
경상남도 밀양시,share_change_supermarket,-0.01220334327196293,0.03155616586859654
경상남도 밀양시,share_change_convenience,0.0025930242853859364,-0.10745822348765878
경상남도 사천시,amount_growth,0.16503782429893898,-0.5536089523685285
경상남도 사천시,count_growth,0.20070921778908435,-0.2509377642239487
경상남도 사천시,ticket_growth,-0.029708603016997293,0.40393769821072
경상남도 사천시,concentration,0.3369786831218523,-0.001781698018652822
경상남도 사천시,q,2.0,-0.07081147702910696
경상남도 사천시,share_korean,0.5311805827115617,0.02735472026594989
경상남도 사천시,share_chinese,0.03286417438930218,0.012797253166198804
경상남도 사천시,share_japanese,0.025897387774596853,-0.038657172433810935
경상남도 사천시,share_western,0.0877908081414368,-0.0840536556152133
경상남도 사천시,share_bakery,0.024127510207591647,0.1503900163459828
경상남도 사천시,share_supermarket,0.13598946672996234,-0.027208597219408787
경상남도 사천시,share_convenience,0.1621500700455485,-0.013043163471714383
경상남도 사천시,share_change_korean,-0.00024354022164074784,-0.06732310002830937
경상남도 사천시,share_change_chinese,-0.0037754708915453614,-0.06016200083292497
경상남도 사천시,share_change_japanese,0.0004469655301858784,0.006626065752905816
경상남도 사천시,share_change_western,-0.006223306160717576,0.5761616228174794
경상남도 사천시,share_change_bakery,-0.0013432203852428923,0.006393907322394105
경상남도 사천시,share_change_supermarket,0.008601966518417048,-0.047278793847173275
경상남도 사천시,share_change_convenience,0.0025366056105436685,-0.1057311649643813
경상남도 산청군,amount_growth,0.24513915893561466,-0.8541565273661069
경상남도 산청군,count_growth,0.20907083029973017,-0.26183051946443286
경상남도 산청군,ticket_growth,0.029831443892284648,-0.19217314845913536
경상남도 산청군,concentration,0.36486397370775075,-0.04910459142371394
경상남도 산청군,q,2.0,-0.07081147702910696
경상남도 산청군,share_korean,0.5456405108471363,0.046708239215873665
경상남도 산청군,share_chinese,0.025997434610451176,0.05542242929099866
경상남도 산청군,share_japanese,0.014807874630528135,-0.1028871360733832
경상남도 산청군,share_western,0.08802186158050304,-0.08443757294802572
경상남도 산청군,share_bakery,0.019704422508504824,0.1928485146884506
경상남도 산청군,share_supermarket,0.22822597735764877,0.02222240049856763
경상남도 산청군,share_convenience,0.07760191846522782,0.2527607947057299
경상남도 산청군,share_change_korean,0.028960881937631244,0.28005152322693355
경상남도 산청군,share_change_chinese,-0.005461928758250564,-0.08795568692989285
경상남도 산청군,share_change_japanese,0.001297514095002332,0.017052999595611955
경상남도 산청군,share_change_western,0.00718468586804262,-0.6650190917546724
경상남도 산청군,share_change_bakery,-0.0009583184503307966,0.0037682153700457893
경상남도 산청군,share_change_supermarket,-0.02958469982695211,0.09741716758516736
경상남도 산청군,share_change_convenience,-0.001438134865142715,0.015941480406000866
경상남도 양산시,amount_growth,-0.06330226539351469,0.303144066080861
경상남도 양산시,count_growth,0.01099194312278895,-0.0037911958795541845
경상남도 양산시,ticket_growth,-0.07348644964154782,0.8422384818245738
경상남도 양산시,concentration,0.2743887367474143,0.10443693188523881
경상남도 양산시,q,2.0,-0.07081147702910696
경상남도 양산시,share_korean,0.43700584307662016,-0.09869103812512733
경상남도 양산시,share_chinese,0.024109842891309508,0.0671396243604746
경상남도 양산시,share_japanese,0.023651893932813306,-0.051662972231954624
경상남도 양산시,share_western,0.11620553268127146,-0.13126743136345204
경상남도 양산시,share_bakery,0.030961704394758024,0.08478660933512606
경상남도 양산시,share_supermarket,0.19018038834164336,0.0018331705609736207
경상남도 양산시,share_convenience,0.17788479468158416,-0.0625102660743916
경상남도 양산시,share_change_korean,0.017313965061751313,0.14151622402535616
경상남도 양산시,share_change_chinese,-0.001158425109377869,-0.01703175109056856
경상남도 양산시,share_change_japanese,0.00156643352035234,0.020349701480880774
경상남도 양산시,share_change_western,0.008956915680492075,-0.829074787811458
경상남도 양산시,share_change_bakery,-0.0007550632665803136,0.002381666091283122
경상남도 양산시,share_change_supermarket,-0.04186665880096829,0.14395565947510813
경상남도 양산시,share_change_convenience,0.01594283291433074,-0.516115478221145
경상남도 의령군,amount_growth,0.16489851724037075,-0.5530862594718041
경상남도 의령군,count_growth,0.1794251755614844,-0.22321083210192072
경상남도 의령군,ticket_growth,-0.012316727353388734,0.2298114375645544
경상남도 의령군,concentration,0.3204702147026218,0.026234093636002848
경상남도 의령군,q,2.0,-0.07081147702910696
경상남도 의령군,share_korean,0.48833676969474443,-0.029988479460472034
경상남도 의령군,share_chinese,0.019453885285155233,0.09604140590215632
경상남도 의령군,share_japanese,0.005005476210650524,-0.15966218885611863
경상남도 의령군,share_western,0.0780634612789541,-0.0678907407593347
경상남도 의령군,share_bakery,0.06308155317259322,-0.2235411107721622
경상남도 의령군,share_supermarket,0.2493260651935817,0.03353026965546989
경상남도 의령군,share_convenience,0.09673278916432083,0.19261682869165317
경상남도 의령군,share_change_korean,0.03454871365988349,0.3465164896880078
경상남도 의령군,share_change_chinese,-0.0025754774499074998,-0.04038549666181134
경상남도 의령군,share_change_japanese,-0.005186668380347633,-0.06243704305597814
경상남도 의령군,share_change_western,0.003907201225726825,-0.3616216313726106
경상남도 의령군,share_change_bakery,-0.0027616018591384295,0.016069703891767026
경상남도 의령군,share_change_supermarket,-0.02775550120889836,0.0904860139124118
경상남도 의령군,share_change_convenience,-0.00017666598731838623,-0.022673935205703575
경상남도 진주시,amount_growth,0.13465774108718853,-0.4396200859041784
경상남도 진주시,count_growth,0.195125083053574,-0.2436632567259802
경상남도 진주시,ticket_growth,-0.05059499028494163,0.6130507682279324
경상남도 진주시,concentration,0.2954383566489409,0.06871455288586999
경상남도 진주시,q,2.0,-0.07081147702910696
경상남도 진주시,share_korean,0.48516255530534774,-0.03423692507931109
경상남도 진주시,share_chinese,0.026485827675212664,0.05239073724003344
경상남도 진주시,share_japanese,0.053038167341156815,0.11854100769028038
경상남도 진주시,share_western,0.12903878376926714,-0.1525911024108362
경상남도 진주시,share_bakery,0.033002496835033195,0.0651964523367393
경상남도 진주시,share_supermarket,0.10959820733870716,-0.041352088488386556
경상남도 진주시,share_convenience,0.16367396173527524,-0.017834000827611867
경상남도 진주시,share_change_korean,0.0021919161938351306,-0.03835434487997648
경상남도 진주시,share_change_chinese,-0.002669445169909773,-0.04193413263105343
경상남도 진주시,share_change_japanese,0.002666891561597287,0.033840292926662824
경상남도 진주시,share_change_western,-0.0056106985178850655,0.5194524011642857
경상남도 진주시,share_change_bakery,-0.00356775451157839,0.021569048893395216
경상남도 진주시,share_change_supermarket,0.004290817649220957,-0.030943096332642146
경상남도 진주시,share_change_convenience,0.0026982727947197915,-0.11068003498208802
경상남도 창녕군,amount_growth,0.07377314618563102,-0.21117548588131332
경상남도 창녕군,count_growth,0.12460935068169077,-0.15180171538422682
경상남도 창녕군,ticket_growth,-0.04520343394374693,0.5590708776793953
경상남도 창녕군,concentration,0.3010796349395183,0.05914098898877075
경상남도 창녕군,q,2.0,-0.07081147702910696
경상남도 창녕군,share_korean,0.42405411457409753,-0.11602594606226686
경상남도 창녕군,share_chinese,0.03193961037196003,0.01853646935132935
경상남도 창녕군,share_japanese,0.007617304548508057,-0.1445345960579515
경상남도 창녕군,share_western,0.06883920562580331,-0.0525637599455056
경상남도 창녕군,share_bakery,0.012267937554929373,0.26423348499784716
경상남도 창녕군,share_supermarket,0.303960868929293,0.06280992085219878
경상남도 창녕군,share_convenience,0.15132095839540866,0.021001587198182237
경상남도 창녕군,share_change_korean,0.004164273947998676,-0.014893958365888447
경상남도 창녕군,share_change_chinese,-0.005523749753015124,-0.0889745284655224
경상남도 창녕군,share_change_japanese,-0.001823934751397572,-0.021213058288839126
경상남도 창녕군,share_change_western,0.0036608811434870464,-0.33881972822170986
경상남도 창녕군,share_change_bakery,-0.0009745367641492125,0.003878852112060088
경상남도 창녕군,share_change_supermarket,-0.005202539701386788,0.005028896002152129
경상남도 창녕군,share_change_convenience,0.005699605878462938,-0.20255525002329486
경상남도 창원시 마산합포구,amount_growth,0.17394009670098587,-0.5870110972209066
경상남도 창원시 마산합포구,count_growth,0.2635369094474802,-0.3327840189610818
경상남도 창원시 마산합포구,ticket_growth,-0.07090953345056872,0.8164385744993019
경상남도 창원시 마산합포구,concentration,0.3030009269396651,0.05588044930592719
경상남도 창원시 마산합포구,q,2.0,-0.07081147702910696
경상남도 창원시 마산합포구,share_korean,0.4905701966416043,-0.02699920660005025
경상남도 창원시 마산합포구,share_chinese,0.025970961610414418,0.05558676001059197
경상남도 창원시 마산합포구,share_japanese,0.0500063341195855,0.10098076540976804
경상남도 창원시 마산합포구,share_western,0.09344955616971369,-0.09345620534073697
경상남도 창원시 마산합포구,share_bakery,0.02982580233743743,0.09569046177917988
경상남도 창원시 마산합포구,share_supermarket,0.1819153788406124,-0.002596178110222553
경상남도 창원시 마산합포구,share_convenience,0.1282617702806323,0.09349546623281825
경상남도 창원시 마산합포구,share_change_korean,0.0033960625518342225,-0.024031517837794922
경상남도 창원시 마산합포구,share_change_chinese,-0.00039480304612352773,-0.004446869877808273
경상남도 창원시 마산합포구,share_change_japanese,-0.0009075713161820417,-0.009979295385566004
경상남도 창원시 마산합포구,share_change_western,-0.00047515942764347896,0.044054439704677664
경상남도 창원시 마산합포구,share_change_bakery,0.0004646211994747164,-0.005938675783995678
경상남도 창원시 마산합포구,share_change_supermarket,-0.008084011197387608,0.015947295756737805
경상남도 창원시 마산합포구,share_change_convenience,0.006000861236027721,-0.21177711910157168
경상남도 창원시 마산회원구,amount_growth,0.26843850151080173,-0.9415778037002975
경상남도 창원시 마산회원구,count_growth,0.35011874943688626,-0.44557503744879756
경상남도 창원시 마산회원구,ticket_growth,-0.06049856574479262,0.7122046832630621
경상남도 창원시 마산회원구,concentration,0.2697339722266011,0.11233632689299597
경상남도 창원시 마산회원구,q,2.0,-0.07081147702910696
경상남도 창원시 마산회원구,share_korean,0.41792386251606123,-0.12423082427885561
경상남도 창원시 마산회원구,share_chinese,0.024036772366858295,0.06759320845927172
경상남도 창원시 마산회원구,share_japanese,0.020934719868560187,-0.06740072276094983
경상남도 창원시 마산회원구,share_western,0.09596550919933565,-0.09763670133559148
경상남도 창원시 마산회원구,share_bakery,0.03853045536483627,0.012131979271163001
경상남도 창원시 마산회원구,share_supermarket,0.23533916527753262,0.02603446985637976
경상남도 창원시 마산회원구,share_convenience,0.16726951540681573,-0.029137765367360312
경상남도 창원시 마산회원구,share_change_korean,-0.016837247591368787,-0.264698443205129
경상남도 창원시 마산회원구,share_change_chinese,0.00020086880129789597,0.005370106087548592
경상남도 창원시 마산회원구,share_change_japanese,-0.005630387591435037,-0.06787662763718844
경상남도 창원시 마산회원구,share_change_western,-0.0016423810468535194,0.15210439679651097
경상남도 창원시 마산회원구,share_change_bakery,-0.0006523503509515,0.0016809876807409659
경상남도 창원시 마산회원구,share_change_supermarket,0.020154174486187643,-0.09105213146834586
경상남도 창원시 마산회원구,share_change_convenience,0.004407323293123294,-0.16299658155521116
경상남도 창원시 성산구,amount_growth,0.1309685056116976,-0.4257777350771528
경상남도 창원시 성산구,count_growth,0.2167866482043146,-0.27188199169036753
경상남도 창원시 성산구,ticket_growth,-0.07052850449934189,0.8126237388968439
경상남도 창원시 성산구,concentration,0.28056626194566353,0.09395332707705864
경상남도 창원시 성산구,q,2.0,-0.07081147702910696
경상남도 창원시 성산구,share_korean,0.46178098156105946,-0.06553139115800721
경상남도 창원시 성산구,share_chinese,0.03082440642042589,0.02545907984483048
경상남도 창원시 성산구,share_japanese,0.03959238080243584,0.04066361404208301
경상남도 창원시 성산구,share_western,0.13893897197963284,-0.16904120965626376
경상남도 창원시 성산구,share_bakery,0.0391384680259651,0.0062954898499680235
경상남도 창원시 성산구,share_supermarket,0.11323328377581773,-0.03940399381476231
경상남도 창원시 성산구,share_convenience,0.17649150743466316,-0.05813002525081862
경상남도 창원시 성산구,share_change_korean,-0.017405117288017358,-0.27145302033237195
경상남도 창원시 성산구,share_change_chinese,-0.0020671465774646965,-0.032007944526651615
경상남도 창원시 성산구,share_change_japanese,-0.0041471785348910495,-0.04969386495058731
경상남도 창원시 성산구,share_change_western,0.005555430616190654,-0.5141985816159114
경상남도 창원시 성산구,share_change_bakery,-0.002464863718517507,0.014045440366146921
경상남도 창원시 성산구,share_change_supermarket,0.011185332417037966,-0.05706761932493868
경상남도 창원시 성산구,share_change_convenience,0.009343543085661987,-0.3141015213523449
경상남도 창원시 의창구,amount_growth,0.21404938373616011,-0.7375048312889028
경상남도 창원시 의창구,count_growth,0.29079098248944946,-0.36828816921612884
경상남도 창원시 의창구,ticket_growth,-0.05945315685835029,0.7017381215325543
경상남도 창원시 의창구,concentration,0.3011961249403204,0.05894329896026873
경상남도 창원시 의창구,q,2.0,-0.07081147702910696
경상남도 창원시 의창구,share_korean,0.4819315917952134,-0.038561325099395465
경상남도 창원시 의창구,share_chinese,0.02381316682205445,0.06898123626237869
경상남도 창원시 의창구,share_japanese,0.01939831807121376,-0.07629949318461948
경상남도 창원시 의창구,share_western,0.09760985102255898,-0.10036893215437977
경상남도 창원시 의창구,share_bakery,0.04136137881480469,-0.01504287385981899
경상남도 창원시 의창구,share_supermarket,0.1811082919925632,-0.0030287086545009003
경상남도 창원시 의창구,share_convenience,0.15477740148159155,0.010135160950534742
경상남도 창원시 의창구,share_change_korean,-0.006609947077771683,-0.14304889837066587
경상남도 창원시 의창구,share_change_chinese,-0.00023690759131933178,-0.0018446722222335672
경상남도 창원시 의창구,share_change_japanese,-0.0024185666844047764,-0.028502692394052828
경상남도 창원시 의창구,share_change_western,-0.00356805323570257,0.3303642867383154
경상남도 창원시 의창구,share_change_bakery,-0.0029797829294990336,0.0175580733402901
경상남도 창원시 의창구,share_change_supermarket,0.009999792909839322,-0.05257540266327311
경상남도 창원시 의창구,share_change_convenience,0.005813464608858121,-0.20604063303394357
경상남도 창원시 진해구,amount_growth,0.23883820750679408,-0.8305147780656842
경상남도 창원시 진해구,count_growth,0.3012818624445337,-0.381954742196226
경상남도 창원시 진해구,ticket_growth,-0.04798626396008909,0.5869323800343994
경상남도 창원시 진해구,concentration,0.2876622536835809,0.0819110333242916
경상남도 창원시 진해구,q,2.0,-0.07081147702910696
경상남도 창원시 진해구,share_korean,0.45686671457613665,-0.07210876542473686
경상남도 창원시 진해구,share_chinese,0.031048928231066097,0.024065364336362628
경상남도 창원시 진해구,share_japanese,0.019364983412791827,-0.07649256603376645
경상남도 창원시 진해구,share_western,0.10140553722678437,-0.106675826912615
경상남도 창원시 진해구,share_bakery,0.029407709285092697,0.09970385793536306
경상남도 창원시 진해구,share_supermarket,0.15904300377157715,-0.014853843888645997
경상남도 창원시 진해구,share_convenience,0.20286312349655122,-0.14103757321922716
경상남도 창원시 진해구,share_change_korean,0.0034827974820206276,-0.022999841417961818
경상남도 창원시 진해구,share_change_chinese,0.0008838170741190567,0.01662544207310853
경상남도 창원시 진해구,share_change_japanese,-0.004198999752936607,-0.05032914485647497
경상남도 창원시 진해구,share_change_western,-0.0013105181146956107,0.12138377357476147
경상남도 창원시 진해구,share_change_bakery,0.001112905156389933,-0.010361085270966837
경상남도 창원시 진해구,share_change_supermarket,-0.007608516927555681,0.014145564757057515
경상남도 창원시 진해구,share_change_convenience,0.007638515082658309,-0.2619081092729782
경상남도 통영시,amount_growth,0.16736685007754248,-0.562347671305499
경상남도 통영시,count_growth,0.20028324623976657,-0.2503828468775372
경상남도 통영시,ticket_growth,-0.027423857048196165,0.38106297901604536
경상남도 통영시,concentration,0.3205638904183076,0.026075120721792612
경상남도 통영시,q,2.0,-0.07081147702910696
경상남도 통영시,share_korean,0.5041376910005392,-0.008840142687925497
경상남도 통영시,share_chinese,0.02321192557661291,0.07271343156987697
경상남도 통영시,share_japanese,0.024455803436360453,-0.04700676437940727
경상남도 통영시,share_western,0.08803961846526219,-0.0844670777061602
경상남도 통영시,share_bakery,0.02384569363024434,0.15309525519635672
경상남도 통영시,share_supermarket,0.18230818052152786,-0.002385669507275455
경상남도 통영시,share_convenience,0.15400108736945312,0.012575750838527447
경상남도 통영시,share_change_korean,0.0002759714704675398,-0.06114372153081306
경상남도 통영시,share_change_chinese,-0.0015825338570086382,-0.02402127963755613
경상남도 통영시,share_change_japanese,0.005818532080323829,0.0724764726159969
경상남도 통영시,share_change_western,-0.0005956346629908682,0.05520685823058184
경상남도 통영시,share_change_bakery,0.001643594673349437,-0.013981298804563171
경상남도 통영시,share_change_supermarket,-0.0077504543067103415,0.014683390325653158
경상남도 통영시,share_change_convenience,0.0021905246025690495,-0.09513711687236125
경상남도 하동군,amount_growth,0.2779415358299224,-0.9772340625215179
경상남도 하동군,count_growth,0.28209828574464835,-0.356964107272297
경상남도 하동군,ticket_growth,-0.0032421460670714053,0.13895735506772414
경상남도 하동군,concentration,0.3267373774300049,0.015598368941417723
경상남도 하동군,q,2.0,-0.07081147702910696
경상남도 하동군,share_korean,0.5218674745591548,0.014889830162736904
경상남도 하동군,share_chinese,0.038287251990351504,-0.020866413337538157
경상남도 하동군,share_japanese,0.03782912755180292,0.03045093015739105
경상남도 하동군,share_western,0.07865996609879154,-0.0688818904274255
경상남도 하동군,share_bakery,0.027861933245293766,0.11454220930632487
경상남도 하동군,share_supermarket,0.16863560582973308,-0.00971301747165196
경상남도 하동군,share_convenience,0.12685864072487238,0.09790664947911826
경상남도 하동군,share_change_korean,-0.005150058582759742,-0.12568412350254096
경상남도 하동군,share_change_chinese,0.002172237837583059,0.03785927362473533
경상남도 하동군,share_change_japanese,-0.004130267239163744,-0.04948654820344647
경상남도 하동군,share_change_western,0.0031157463337885827,-0.28835648128746644
경상남도 하동군,share_change_bakery,0.0015036747485417772,-0.013026804718622663
경상남도 하동군,share_change_supermarket,-0.004081623893117031,0.0007815498448468723
경상남도 하동군,share_change_convenience,0.006570290795127123,-0.22920819447153035
경상남도 함안군,amount_growth,0.12030493138317255,-0.3857670237734431
경상남도 함안군,count_growth,0.15176069341559306,-0.18717203785185504
경상남도 함안군,ticket_growth,-0.02731102234365823,0.37993328572980506
경상남도 함안군,concentration,0.313480123358204,0.038096668514487515
경상남도 함안군,q,2.0,-0.07081147702910696
경상남도 함안군,share_korean,0.4545674185861924,-0.07518619901193373
경상남도 함안군,share_chinese,0.02826123440414911,0.04136992868294353
경상남도 함안군,share_japanese,0.008051589846451455,-0.1420192350557397
경상남도 함안군,share_western,0.06951154553068255,-0.053680916842489025
경상남도 함안군,share_bakery,0.012339663423924192,0.2635449676323748
경상남도 함안군,share_supermarket,0.28335418320265343,0.05176647365112019
경상남도 함안군,share_convenience,0.14391436500594687,0.04428656508039614
경상남도 함안군,share_change_korean,0.02579331141332919,0.24237457103411303
경상남도 함안군,share_change_chinese,-0.003185609239949861,-0.050440779859220006
경상남도 함안군,share_change_japanese,-0.0020113637880287156,-0.023510763847341614
경상남도 함안군,share_change_western,0.011054858739319669,-1.0232818293507047
경상남도 함안군,share_change_bakery,-0.001137555280689654,0.004990918246676307
경상남도 함안군,share_change_supermarket,-0.03657398916187271,0.12390080799772679
경상남도 함안군,share_change_convenience,0.0060603473178920675,-0.213598075460214
경상남도 함양군,amount_growth,0.31805338171946196,-1.127737397646447
경상남도 함양군,count_growth,0.24462979091307857,-0.3081535288210702
경상남도 함양군,ticket_growth,0.05899231349148315,-0.4841297653709964
경상남도 함양군,concentration,0.34070449127804814,-0.00810460226382233
경상남도 함양군,q,2.0,-0.07081147702910696
경상남도 함양군,share_korean,0.5278637445551941,0.022915383534036174
경상남도 함양군,share_chinese,0.025827689300595317,0.05647612055672118
경상남도 함양군,share_japanese,0.012694476116415072,-0.11512784564772655
경상남도 함양군,share_western,0.08710375737577436,-0.08291205521953933
경상남도 함양군,share_bakery,0.022210078867585473,0.1687959944567618
경상남도 함양군,share_supermarket,0.1452613769513291,-0.022239634604987322
경상남도 함양군,share_convenience,0.17903887683310651,-0.06613848973396103
경상남도 함양군,share_change_korean,0.03214023803830285,0.31786866001676095
경상남도 함양군,share_change_chinese,-0.003609129403782982,-0.05742060824491889
경상남도 함양군,share_change_japanese,0.003113053065595785,0.03930981774604633
경상남도 함양군,share_change_western,-0.0004933726988824855,0.045740446152372195
경상남도 함양군,share_change_bakery,-0.0007410132830579057,0.0022858210842325905
경상남도 함양군,share_change_supermarket,-0.020292593435252054,0.062207750352503206
경상남도 함양군,share_change_convenience,-0.010117182282923243,0.28161987251133297
경상남도 합천군,amount_growth,0.4726685001845712,-1.7078675430856871
경상남도 합천군,count_growth,0.47607350724830755,-0.6096575450354007
경상남도 합천군,ticket_growth,-0.002306800472345105,0.12959273942926564
경상남도 합천군,concentration,0.3431074228031244,-0.012182511083547865
경상남도 합천군,q,2.0,-0.07081147702910696
경상남도 합천군,share_korean,0.5331675801159369,0.030014165842613367
경상남도 합천군,share_chinese,0.04280226815438083,-0.04889330315660615
경상남도 합천군,share_japanese,0.007745688496862206,-0.1437910019769884
경상남도 합천군,share_western,0.09123653255108655,-0.08977905546342811
경상남도 합천군,share_bakery,0.021744383246730666,0.17326634143863162
경상남도 합천군,share_supermarket,0.18447158822745677,-0.0012262652686818437
경상남도 합천군,share_convenience,0.11883195920754606,0.12314107126666286
경상남도 합천군,share_change_korean,0.021958622261352367,0.19676251638690267
경상남도 합천군,share_change_chinese,-0.005971081762645276,-0.0963467882190829
경상남도 합천군,share_change_japanese,-0.009773608336827524,-0.11866865809256612
경상남도 합천군,share_change_western,0.0025958078348439495,-0.240225662275237
경상남도 합천군,share_change_bakery,0.0001944509228298634,-0.004095650699405967
경상남도 합천군,share_change_supermarket,-0.00254058681918487,-0.005057709309089086
경상남도 합천군,share_change_convenience,-0.006463604100368545,0.16977847676280244
경상북도 경산시,amount_growth,0.07737604347335214,-0.2246938878867418
경상북도 경산시,count_growth,0.17923467726577424,-0.22296266808974505
경상북도 경산시,ticket_growth,-0.08637689830203787,0.9712967655149938
경상북도 경산시,concentration,0.26417785001396177,0.12176537617631913
경상북도 경산시,q,2.0,-0.07081147702910696
경상북도 경산시,share_korean,0.3631630674594755,-0.1975240021497156
경상북도 경산시,share_chinese,0.019745399000536474,0.09423183922843574
경상북도 경산시,share_japanese,0.015843454755904235,-0.09688910235137563
경상북도 경산시,share_western,0.10393044982758651,-0.11087121008977911
경상북도 경산시,share_bakery,0.02445291705694734,0.14726634186472645
경상북도 경산시,share_supermarket,0.3014305835148893,0.061453901075495795
경상북도 경산시,share_convenience,0.17143412838466063,-0.04223054851042768
경상북도 경산시,share_change_korean,0.002854338267961498,-0.030475106003731597
경상북도 경산시,share_change_chinese,0.0012487347235536836,0.022639471121722942
경상북도 경산시,share_change_japanese,0.001210086932447823,0.015981223946671674
경상북도 경산시,share_change_western,0.008304221784839819,-0.7686547730870416
경상북도 경산시,share_change_bakery,-0.00029796652982722396,-0.0007365183455172961
경상북도 경산시,share_change_supermarket,-0.029434622982139225,0.09684850015678982
경상북도 경산시,share_change_convenience,0.016115207803163667,-0.5213921268094043
경상북도 경주시,amount_growth,0.10341091971183825,-0.32237913813045505
경상북도 경주시,count_growth,0.13278630322522944,-0.16245391226089625
경상북도 경주시,ticket_growth,-0.02593197272049863,0.3661263359349224
경상북도 경주시,concentration,0.286400948850651,0.08405153797408771
경상북도 경주시,q,2.0,-0.07081147702910696
경상북도 경주시,share_korean,0.46416711203139843,-0.062337736193631366
경상북도 경주시,share_chinese,0.022435398148081577,0.07753371302408762
경상북도 경주시,share_japanese,0.01773670037059139,-0.08592350851399642
경상북도 경주시,share_western,0.12102896428534339,-0.13928202315625157
경상북도 경주시,share_bakery,0.05001765481716879,-0.09813697130993274
경상북도 경주시,share_supermarket,0.17445096314616831,-0.0065964759602513585
경상북도 경주시,share_convenience,0.15016320720124815,0.024641345658190407
경상북도 경주시,share_change_korean,0.0151127435362442,0.11533359682067444
경상북도 경주시,share_change_chinese,-0.0036072337756834875,-0.057389367326664074
경상북도 경주시,share_change_japanese,0.0004935771146651995,0.007197480399610288
경상북도 경주시,share_change_western,0.0006613995241901843,-0.06115706765335018
경상북도 경주시,share_change_bakery,-0.00011338692557068958,-0.0019956681120018526
경상북도 경주시,share_change_supermarket,-0.01584505037736597,0.04535523138810295
경상북도 경주시,share_change_convenience,0.0032979509035206134,-0.12903706289745245
경상북도 고령군,amount_growth,0.10792247646707742,-0.3393069140333329
경상북도 고령군,count_growth,0.1414110969943707,-0.1736895163273723
경상북도 고령군,ticket_growth,-0.029339666151378507,0.4002439277360875
경상북도 고령군,concentration,0.2863981873421299,0.084056224408069
경상북도 고령군,q,2.0,-0.07081147702910696
경상북도 고령군,share_korean,0.3788586711007141,-0.17651662509686059
경상북도 고령군,share_chinese,0.035592562507555624,-0.004139171952975341
경상북도 고령군,share_japanese,0.004805907915750271,-0.1608180794852677
경상북도 고령군,share_western,0.059950838064657064,-0.03779488924216425
경상북도 고령군,share_bakery,0.02403378133331071,0.15128974692426642
경상북도 고령군,share_supermarket,0.33209968971565396,0.07788995777696556
경상북도 고령군,share_convenience,0.16465854936235824,-0.02092936463580321
경상북도 고령군,share_change_korean,0.00901934820974798,0.04285515864637681
경상북도 고령군,share_change_chinese,-0.0023655834318109734,-0.03692633615280711
경상북도 고령군,share_change_japanese,-0.000589158512180007,-0.0060758507389734396
경상북도 고령군,share_change_western,0.0015426646330094565,-0.14273596888968626
경상북도 고령군,share_change_bakery,-0.0013554576709517673,0.0064773866185211
경상북도 고령군,share_change_supermarket,-0.0215074385393616,0.0668110110493307
경상북도 고령군,share_change_convenience,0.015255625311546867,-0.49507904390277263
경상북도 구미시,amount_growth,0.022506010276586164,-0.018816476578616743
경상북도 구미시,count_growth,0.09998964818150391,-0.11972938566473355
경상북도 구미시,ticket_growth,-0.07044033371860647,0.8117409791160897
경상북도 구미시,concentration,0.26328665123985173,0.12327779020191504
경상북도 구미시,q,2.0,-0.07081147702910696
경상북도 구미시,share_korean,0.3912522101161148,-0.15992881152390986
경상북도 구미시,share_chinese,0.022006368686992902,0.08019690646531233
경상북도 구미시,share_japanese,0.022769661493560262,-0.05677282302149827
경상북도 구미시,share_western,0.09598274674733762,-0.09766534316615624
경상북도 구미시,share_bakery,0.027127040343671346,0.12159665886016684
경상북도 구미시,share_supermarket,0.2526599960101768,0.03531697565145253
경상북도 구미시,share_convenience,0.1882019766021463,-0.0949456031038115
경상북도 구미시,share_change_korean,0.001043014419134014,-0.05202006026265088
경상북도 구미시,share_change_chinese,-0.0008304120052358803,-0.011625927777576131
경상북도 구미시,share_change_japanese,0.0009023140522458131,0.012208214863835819
경상북도 구미시,share_change_western,0.003136154713001757,-0.29024568935387435
경상북도 구미시,share_change_bakery,-0.0004795405555421753,0.0005021282156752742
경상북도 구미시,share_change_supermarket,-0.01677486160311381,0.04887844883901516
경상북도 구미시,share_change_convenience,0.013003330979510286,-0.42613300548644434
경상북도 김천시,amount_growth,0.11445566211298219,-0.36382002747634706
경상북도 김천시,count_growth,0.16596517263191446,-0.20567635328442743
경상북도 김천시,ticket_growth,-0.044177572133360266,0.5488000199273412
경상북도 김천시,concentration,0.2652976545017566,0.11986500550429104
경상북도 김천시,q,2.0,-0.07081147702910696
경상북도 김천시,share_korean,0.41795228267998225,-0.1241927860413313
경상북도 김천시,share_chinese,0.03364168875504906,0.007970845315183876
경상북도 김천시,share_japanese,0.03216405213980703,-0.0023609329966327295
경상북도 김천시,share_western,0.09893430570321232,-0.10256963996674684
경상북도 김천시,share_bakery,0.021894357400449947,0.1718266961522816
경상북도 김천시,share_supermarket,0.19628353946484378,0.005103945302888341
경상북도 김천시,share_convenience,0.19912977385665562,-0.12930060330331047
경상북도 김천시,share_change_korean,0.009098197454095514,0.043793038067507194
경상북도 김천시,share_change_chinese,-0.0034215913452398175,-0.054329885355667705
경상북도 김천시,share_change_japanese,-0.0023160567268768473,-0.02724601571552244
경상북도 김천시,share_change_western,-0.0008676005359816441,0.08038279776379945
경상북도 김천시,share_change_bakery,-0.0017330369026344015,0.00905312516405315
경상북도 김천시,share_change_supermarket,-0.008383860485297712,0.017083477182122074
경상북도 김천시,share_change_convenience,0.007623948541934933,-0.26146220606129683
경상북도 문경시,amount_growth,0.15192173268445308,-0.5043961702587171
경상북도 문경시,count_growth,0.13489332243063323,-0.16519874699967926
경상북도 문경시,ticket_growth,0.015004414879584926,-0.04372595573478664
경상북도 문경시,concentration,0.37918736058017755,-0.07341217782218883
경상북도 문경시,q,2.0,-0.07081147702910696
경상북도 문경시,share_korean,0.5751051890190464,0.08614447997771667
경상북도 문경시,share_chinese,0.024902381837286238,0.06221995167066808
경상북도 문경시,share_japanese,0.010974300384048894,-0.12509102647524992
경상북도 문경시,share_western,0.07560991277455825,-0.06381393583688774
경상북도 문경시,share_bakery,0.026379845921602637,0.12876919426737915
경상북도 문경시,share_supermarket,0.1366069257276052,-0.026877691224638147
경상북도 문경시,share_convenience,0.15042144433585236,0.02382949523635129
경상북도 문경시,share_change_korean,0.015896636063210456,0.12465767691177979
경상북도 문경시,share_change_chinese,-0.00168752211241718,-0.025751539653120083
경상북도 문경시,share_change_japanese,4.2616471317374546e-05,0.001669122598116988
경상북도 문경시,share_change_western,0.0021299163158265827,-0.19709798385428332
경상북도 문경시,share_change_bakery,-0.0015842815587717336,0.00803835835250616
경상북도 문경시,share_change_supermarket,-0.0168145605215706,0.04902887498834112
경상북도 문경시,share_change_convenience,0.0020171953424050204,-0.08983125357556153
경상북도 상주시,amount_growth,0.13513239450141312,-0.44140102917131097
경상북도 상주시,count_growth,0.19288949532327448,-0.2407509344994027
경상북도 상주시,ticket_growth,-0.04841781325789052,0.5912530218653363
경상북도 상주시,concentration,0.33050735588124164,0.009200505241999342
경상북도 상주시,q,2.0,-0.07081147702910696
경상북도 상주시,share_korean,0.5202505731244413,0.01272573001898173
경상북도 상주시,share_chinese,0.04143833751889051,-0.040426725794981834
경상북도 상주시,share_japanese,0.019706389022651698,-0.07451516002659885
경상북도 상주시,share_western,0.0790496785375799,-0.06952943482524142
경상북도 상주시,share_bakery,0.024899263831764388,0.1429817300532428
경상북도 상주시,share_supermarket,0.18348386714824802,-0.0017556005403666492
경상북도 상주시,share_convenience,0.13117189081642416,0.08434657837745102
경상북도 상주시,share_change_korean,0.013599346982752558,0.09733236554351202
경상북도 상주시,share_change_chinese,-0.0034923901258494053,-0.05549668538261137
경상북도 상주시,share_change_japanese,-0.0007111051721509255,-0.007570803300712395
경상북도 상주시,share_change_western,-0.0033637235180900005,0.3114494406994231
경상북도 상주시,share_change_bakery,-0.0018568458759656743,0.009897714903459559
경상북도 상주시,share_change_supermarket,-0.009314688002627108,0.020610545539687386
경상북도 상주시,share_change_convenience,0.005139405711930611,-0.18540669991898992
경상북도 성주군,amount_growth,0.13384996917025904,-0.43658925137582155
경상북도 성주군,count_growth,0.16799800299550682,-0.208324541485907
경상북도 성주군,ticket_growth,-0.02923638031714948,0.39920983708135427
경상북도 성주군,concentration,0.31575923021707375,0.03422889705954068
경상북도 성주군,q,2.0,-0.07081147702910696
경상북도 성주군,share_korean,0.49058999396303077,-0.026972709384310806
경상북도 성주군,share_chinese,0.041547284801211226,-0.04110301428803665
경상북도 성주군,share_japanese,0.006525676284293339,-0.1508572580907696
경상북도 성주군,share_western,0.09501518824803319,-0.09605765240901307
경상북도 성주군,share_bakery,0.018122885862951216,0.20803014245894527
경상북도 성주군,share_supermarket,0.13326849181176154,-0.028666810502380517
경상북도 성주군,share_convenience,0.21493047902871873,-0.17897513666953432
경상북도 성주군,share_change_korean,0.015149210154213166,0.11576735228446268
경상북도 성주군,share_change_chinese,-0.0035103138471694675,-0.05579207745489159
경상북도 성주군,share_change_japanese,0.0022312427502271543,0.028499643935279016
경상북도 성주군,share_change_western,-0.001868970697616823,0.1730798496492419
경상북도 성주군,share_change_bakery,-0.0004048378156480542,-7.472711644458062e-06
경상북도 성주군,share_change_supermarket,-0.018196532050729658,0.05426540695673175
경상북도 성주군,share_change_convenience,0.006600201506723691,-0.23012380529621856
경상북도 안동시,amount_growth,0.07738063993958555,-0.22471113425081643
경상북도 안동시,count_growth,0.12240721442977276,-0.14893297072907807
경상북도 안동시,ticket_growth,-0.04011607722341881,0.5081366127721636
경상북도 안동시,concentration,0.3001760311434214,0.060674455028558984
경상북도 안동시,q,2.0,-0.07081147702910696
경상북도 안동시,share_korean,0.48073327497392426,-0.0401651814319712
경상북도 안동시,share_chinese,0.02821054021219984,0.041684612059616294
경상북도 안동시,share_japanese,0.02333433393002424,-0.0535022655505647
경상북도 안동시,share_western,0.09496186469313377,-0.09596905023517918
경상북도 안동시,share_bakery,0.034296368357884625,0.05277620529535787
경상북도 안동시,share_supermarket,0.1805987968741569,-0.003301755107189482
경상북도 안동시,share_convenience,0.1578648209586764,0.0004288775815402869
경상북도 안동시,share_change_korean,0.013278578770542449,0.09351695922384382
경상북도 안동시,share_change_chinese,-0.0021389256581968996,-0.03319090039977838
경상북도 안동시,share_change_japanese,-0.002375115595052789,-0.027970022476298685
경상북도 안동시,share_change_western,-0.0014377061293417287,0.13315759552847867
경상북도 안동시,share_change_bakery,-0.0010430481887037657,0.004346217640211805
경상북도 안동시,share_change_supermarket,-0.013508083229875206,0.03650005389804226
경상북도 안동시,share_change_convenience,0.007224300030627989,-0.2492283779946596
경상북도 영덕군,amount_growth,-0.1033320960901295,0.4533396726584658
경상북도 영덕군,count_growth,0.02419530856260743,-0.020991350503258774
경상북도 영덕군,ticket_growth,-0.12451473228452237,1.3531301312174493
경상북도 영덕군,concentration,0.3341028834139945,0.0030986944811148137
경상북도 영덕군,q,2.0,-0.07081147702910696
경상북도 영덕군,share_korean,0.5178826612528896,0.009556459269628552
경상북도 영덕군,share_chinese,0.03127734599118232,0.02264746478452967
경상북도 영덕군,share_japanese,0.032310691550155306,-0.0015116040971187308
경상북도 영덕군,share_western,0.07811879364895775,-0.06798268077111658
경상북도 영덕군,share_bakery,0.013710471488641568,0.250386184469278
경상북도 영덕군,share_supermarket,0.20929128322038568,0.012074999905025575
경상북도 영덕군,share_convenience,0.11740875284778775,0.1276153723206332
경상북도 영덕군,share_change_korean,-0.033749953933542964,-0.4658681483202863
경상북도 영덕군,share_change_chinese,0.0032333183278798645,0.05534642148247742
경상북도 영덕군,share_change_japanese,-0.0011221670820723353,-0.012610039762103528
경상북도 영덕군,share_change_western,0.006290002635710154,-0.5821980719300646
경상북도 영덕군,share_change_bakery,0.0002022319947468168,-0.004148730967546615
경상북도 영덕군,share_change_supermarket,0.005386325332141478,-0.03509416665658844
경상북도 영덕군,share_change_convenience,0.01976024272513692,-0.6329720008003782
경상북도 영양군,amount_growth,0.733640544568487,-2.687058656910573
경상북도 영양군,count_growth,0.6352873517629793,-0.817066993510415
경상북도 영양군,ticket_growth,0.0601442876076026,-0.4956632508374761
경상북도 영양군,concentration,0.27317571147965564,0.10649550342018343
경상북도 영양군,q,2.0,-0.07081147702910696
경상북도 영양군,share_korean,0.3654659564368968,-0.19444175962083035
경상북도 영양군,share_chinese,0.0451558462106429,-0.06350310087758827
경상북도 영양군,share_japanese,0.008897210062760404,-0.1371214406223149
경상북도 영양군,share_western,0.07116713253520383,-0.05643183260285772
경상북도 영양군,share_bakery,0.052138600284795104,-0.11849654040467808
경상북도 영양군,share_supermarket,0.34084700174041455,0.08257777996139
경상북도 영양군,share_convenience,0.11632825272928643,0.13101226749741313
경상북도 영양군,share_change_korean,-0.015091961109802099,-0.2439389763442442
경상북도 영양군,share_change_chinese,-0.0010538437437325743,-0.015308196825903592
경상북도 영양군,share_change_japanese,0.0031552857866725924,0.03982755160261966
경상북도 영양군,share_change_western,-0.002673282199963628,0.24753513893342846
경상북도 영양군,share_change_bakery,-0.002363964380426936,0.013357133667761036
경상북도 영양군,share_change_supermarket,0.02974991018963785,-0.12741205329822672
경상북도 영양군,share_change_convenience,-0.01172214454238521,0.3307501251713235
경상북도 영주시,amount_growth,0.09118390416590927,-0.2765022512039783
경상북도 영주시,count_growth,0.13904658105482626,-0.17060923804864447
경상북도 영주시,ticket_growth,-0.04201994693192723,0.5271980250954904
경상북도 영주시,concentration,0.3097885679771377,0.04436144388983984
경상북도 영주시,q,2.0,-0.07081147702910696
경상북도 영주시,share_korean,0.47919075259136457,-0.04222973084616263
경상북도 영주시,share_chinese,0.031113230782654565,0.023666207287310868
경상북도 영주시,share_japanese,0.014333562707353784,-0.1056343294968924
경상북도 영주시,share_western,0.07593635168391599,-0.06435634522890242
경상북도 영주시,share_bakery,0.026495673953092682,0.12765732748616052
경상북도 영주시,share_supermarket,0.2250942449595555,0.02054405581737807
경상북도 영주시,share_convenience,0.14783618332206294,0.03195708404276353
경상북도 영주시,share_change_korean,0.012131557383069091,0.07987361027599406
경상북도 영주시,share_change_chinese,-0.0023241853668438464,-0.036244074920294904
경상북도 영주시,share_change_japanese,-0.0019886136405295046,-0.02323186821139722
경상북도 영주시,share_change_western,0.0005726027983162102,-0.052937135583319125
경상북도 영주시,share_change_bakery,-0.002815215576305846,0.016435441480834003
경상북도 영주시,share_change_supermarket,-0.011049324410234956,0.027183386448718372
경상북도 영주시,share_change_convenience,0.005473178812528873,-0.19562398488430638
경상북도 영천시,amount_growth,0.0995873869099444,-0.30803289138256706
경상북도 영천시,count_growth,0.13659994044950352,-0.16742197515631602
경상북도 영천시,ticket_growth,-0.032564275452030556,0.43252849384198894
경상북도 영천시,concentration,0.2939943901351186,0.07116504459595628
경상북도 영천시,q,2.0,-0.07081147702910696
경상북도 영천시,share_korean,0.4160032008543772,-0.12680148448665732
경상북도 영천시,share_chinese,0.03176450157632898,0.019623454368260372
경상북도 영천시,share_japanese,0.009335570259289095,-0.13458247798993522
경상북도 영천시,share_western,0.07549778105207432,-0.06362761828198067
경상북도 영천시,share_bakery,0.019241082323312304,0.19729625116201338
경상북도 영천시,share_supermarket,0.30576957061578963,0.06377923255240611
경상북도 영천시,share_convenience,0.14238829331882852,0.0490842559502342
경상북도 영천시,share_change_korean,0.01641875817647198,0.13086810529821752
경상북도 영천시,share_change_chinese,-0.0018367568725654593,-0.028211004641961458
경상북도 영천시,share_change_japanese,0.001654489473767987,0.02142918552059519
경상북도 영천시,share_change_western,0.0016774717394683752,-0.15521509181616047
경상북도 영천시,share_change_bakery,-0.0007477295949389895,0.0023316378610686193
경상북도 영천시,share_change_supermarket,-0.02132451442204375,0.06611787955717366
경상북도 영천시,share_change_convenience,0.004158281499839905,-0.1553730463880903
경상북도 예천군,amount_growth,0.11584863692118597,-0.36904659707768145
경상북도 예천군,count_growth,0.1559944392226169,-0.1926873803492049
경상북도 예천군,ticket_growth,-0.034728369738895926,0.4541952567113948
경상북도 예천군,concentration,0.3238628605653896,0.02047658438465329
경상북도 예천군,q,2.0,-0.07081147702910696
경상북도 예천군,share_korean,0.5115846085581839,0.001126992606185674
경상북도 예천군,share_chinese,0.030119313329602236,0.02983593380299325
경상북도 예천군,share_japanese,0.02272772881023361,-0.05701569524594945
경상북도 예천군,share_western,0.0825137184687045,-0.07528526765979097
경상북도 예천군,share_bakery,0.029245255673013247,0.10126329715259297
경상북도 예천군,share_supermarket,0.17965675399067524,-0.003806610714873755
경상북도 예천군,share_convenience,0.14415262116958724,0.04353753118465662
경상북도 예천군,share_change_korean,0.022779594637537814,0.20652764607599802
경상북도 예천군,share_change_chinese,-0.001961617997698402,-0.03026877968999108
경상북도 예천군,share_change_japanese,0.0013503934632375578,0.017701251438058813
경상북도 예천군,share_change_western,-0.0015027922386235543,0.1391826307055474
경상북도 예천군,share_change_bakery,-0.004134438346458241,0.02543480546619531
경상북도 예천군,share_change_supermarket,-0.01885738187184502,0.056769482577364534
경상북도 예천군,share_change_convenience,0.0023262423538498167,-0.09929163662605635
경상북도 울진군,amount_growth,0.015011706376532263,0.00930284095426241
경상북도 울진군,count_growth,0.07408949184715863,-0.08598899608304633
경상북도 울진군,ticket_growth,-0.055002665903590486,0.6571801127829036
경상북도 울진군,concentration,0.3189045480895448,0.02889111720225444
경상북도 울진군,q,2.0,-0.07081147702910696
경상북도 울진군,share_korean,0.4987296472184532,-0.016078399810457125
경상북도 울진군,share_chinese,0.026775780189959294,0.05059086169400368
경상북도 울진군,share_japanese,0.02858717774762551,-0.023078029335169052
경상북도 울진군,share_western,0.07254070556309362,-0.05871415523532605
경상북도 울진군,share_bakery,0.018595658073270013,0.2034918652476818
경상북도 울진군,share_supermarket,0.1844538670284939,-0.0012357623381127271
경상북도 울진군,share_convenience,0.17031716417910447,-0.038719016898795686
경상북도 울진군,share_change_korean,-0.011563356500042865,-0.20196767178471636
경상북도 울진군,share_change_chinese,-0.0017189175100820221,-0.026268951824994183
경상북도 울진군,share_change_japanese,-0.0020783641887468923,-0.024332126406308472
경상북도 울진군,share_change_western,0.003147715616805241,-0.2913158847129654
경상북도 울진군,share_change_bakery,-0.0009436615796703553,0.0036682303508784523
경상북도 울진군,share_change_supermarket,-0.0012488598686277164,-0.009952288776395713
경상북도 울진군,share_change_convenience,0.014405444030364645,-0.4690537458591417
경상북도 의성군,amount_growth,0.1600679612812137,-0.5349615692153946
경상북도 의성군,count_growth,0.14323014069108386,-0.17605920252543694
경상북도 의성군,ticket_growth,0.014728286099902288,-0.04096137342101506
경상북도 의성군,concentration,0.3536241294747709,-0.030029948866616876
경상북도 의성군,q,2.0,-0.07081147702910696
경상북도 의성군,share_korean,0.5403022020524986,0.03956331709393119
경상북도 의성군,share_chinese,0.04415450466711361,-0.05728728944033636
경상북도 의성군,share_japanese,0.007151083836143915,-0.1472349255507012
경상북도 의성군,share_western,0.0601344266240352,-0.03809993914895713
경상북도 의성군,share_bakery,0.018668454437625704,0.20279307188756557
경상북도 의성군,share_supermarket,0.1914186993966273,0.002496800944609179
경상북도 의성군,share_convenience,0.1381706289859557,0.06234382287141531
경상북도 의성군,share_change_korean,-0.004405073872696175,-0.11682283593527143
경상북도 의성군,share_change_chinese,-0.005568106418073301,-0.089705548937053
경상북도 의성군,share_change_japanese,0.0028476670268941613,0.036056431892744906
경상북도 의성군,share_change_western,-0.0005880209392896338,0.05450205418507058
경상북도 의성군,share_change_bakery,-0.00069492703494849,0.0019714337564514075
경상북도 의성군,share_change_supermarket,0.0034921964911230063,-0.02791698100625923
경상북도 의성군,share_change_convenience,0.0049162647469904175,-0.17857602715913268
경상북도 청도군,amount_growth,-0.020231846893440264,0.14153989440203776
경상북도 청도군,count_growth,0.06720666819459353,-0.0770226737002101
경상북도 청도군,ticket_growth,-0.08193212963704088,0.9267960479361176
경상북도 청도군,concentration,0.3884623827560439,-0.0891524077619142
경상북도 청도군,q,2.0,-0.07081147702910696
경상북도 청도군,share_korean,0.5844815320048822,0.09869400511753482
경상북도 청도군,share_chinese,0.031303235407379365,0.022486756652183366
경상북도 청도군,share_japanese,0.004532964343291278,-0.1623989564369374
경상북도 청도군,share_western,0.12335765708728486,-0.14315136841713097
경상북도 청도군,share_bakery,0.02156992644131296,0.1749410027810213
경상북도 청도군,share_supermarket,0.15347461996854012,-0.017838028407201702
경상북도 청도군,share_convenience,0.08128006474730927,0.24119737407193736
경상북도 청도군,share_change_korean,-0.04225168419530356,-0.5669927427598019
경상북도 청도군,share_change_chinese,0.00042708692432823214,0.009098296174641638
경상북도 청도군,share_change_japanese,0.003012578219572455,0.03807808964058838
경상북도 청도군,share_change_western,0.011365471648139475,-1.0520353333278358
경상북도 청도군,share_change_bakery,0.00284567588295875,-0.022181556251596117
경상북도 청도군,share_change_supermarket,0.010678228607402834,-0.05514611424728856
경상북도 청도군,share_change_convenience,0.013922642912901864,-0.45427449435610395
경상북도 칠곡군,amount_growth,0.07410255001182264,-0.2124114393345968
경상북도 칠곡군,count_growth,0.10355990941531701,-0.12438040025253005
경상북도 칠곡군,ticket_growth,-0.026693031481273555,0.37374600380220324
경상북도 칠곡군,concentration,0.30772507495898094,0.04786330663139946
경상북도 칠곡군,q,2.0,-0.07081147702910696
경상북도 칠곡군,share_korean,0.4664288778678052,-0.0593105338752812
경상북도 칠곡군,share_chinese,0.024171283036261617,0.06675823565432575
경상북도 칠곡군,share_japanese,0.003040185649873126,-0.17104506379571344
경상북도 칠곡군,share_western,0.08679525849322824,-0.0823994548936521
경상북도 칠곡군,share_bakery,0.017599938417113284,0.21305006627074122
경상북도 칠곡군,share_supermarket,0.22271695059569238,0.019270026352523163
경상북도 칠곡군,share_convenience,0.17924750594002614,-0.06679438157043223
경상북도 칠곡군,share_change_korean,0.01217395936845983,0.08037796450084578
경상북도 칠곡군,share_change_chinese,-0.0024667336626631522,-0.03859334356547005
경상북도 칠곡군,share_change_japanese,-0.0004526635379940628,-0.0044025493843284505
경상북도 칠곡군,share_change_western,0.0015945431851410868,-0.14753837765213088
경상북도 칠곡군,share_change_bakery,-0.003234140659016005,0.019293229708269462
경상북도 칠곡군,share_change_supermarket,-0.01787572460512879,0.05304981140418883
경상북도 칠곡군,share_change_convenience,0.010260759911201067,-0.34217887589265417
경상북도 포항시 남구,amount_growth,0.06912435133918504,-0.19373278003754757
경상북도 포항시 남구,count_growth,0.13425206886963226,-0.1643633796494009
경상북도 포항시 남구,ticket_growth,-0.05741908638998727,0.6813731481738752
경상북도 포항시 남구,concentration,0.2843937456575926,0.08745787374293329
경상북도 포항시 남구,q,2.0,-0.07081147702910696
경상북도 포항시 남구,share_korean,0.44988201953528206,-0.08145725087813611
경상북도 포항시 남구,share_chinese,0.029900101180107014,0.03119668967577416
경상북도 포항시 남구,share_japanese,0.02625504719407569,-0.036585625089032944
경상북도 포항시 남구,share_western,0.10189313007105286,-0.10748600894248002
경상북도 포항시 남구,share_bakery,0.02855267091670991,0.10791161858053905
경상북도 포항시 남구,share_supermarket,0.22142455694489746,0.01857741225460872
경상북도 포항시 남구,share_convenience,0.142092474157875,0.05001425740403867
경상북도 포항시 남구,share_change_korean,-0.020628310143218143,-0.30979157733747564
경상북도 포항시 남구,share_change_chinese,-0.0039205746636470536,-0.0625533850310725
경상북도 포항시 남구,share_change_japanese,0.00039104836431192586,0.00594057333853069
경상북도 포항시 남구,share_change_western,-0.008711772151991912,0.8065194564597757
경상북도 포항시 남구,share_change_bakery,-0.0022745277009889424,0.012747021979185794
경상북도 포항시 남구,share_change_supermarket,0.026920666798399717,-0.11669155497248213
경상북도 포항시 남구,share_change_convenience,0.0082234694971344,-0.27981442327404477
경상북도 포항시 북구,amount_growth,0.04390049798009055,-0.09909056223236123
경상북도 포항시 북구,count_growth,0.10047871095149152,-0.12036649256772933
경상북도 포항시 북구,ticket_growth,-0.051412364826651236,0.621234265813134
경상북도 포항시 북구,concentration,0.2996509195123775,0.06156559875414078
경상북도 포항시 북구,q,2.0,-0.07081147702910696
경상북도 포항시 북구,share_korean,0.48247352780741487,-0.037835984780726535
경상북도 포항시 북구,share_chinese,0.02662716774124508,0.05151337106596085
경상북도 포항시 북구,share_japanese,0.03330899089418061,0.00427050100841057
경상북도 포항시 북구,share_western,0.11080664862739051,-0.12229667042387897
경상북도 포항시 북구,share_bakery,0.033652372161455724,0.05895811108128142
경상북도 포항시 북구,share_supermarket,0.19272861607437597,0.003198805908455861
경상북도 포항시 북구,share_convenience,0.12040267669393726,0.11820302215195602
경상북도 포항시 북구,share_change_korean,-0.0004484347349983375,-0.06976023622626225
경상북도 포항시 북구,share_change_chinese,-0.002453880465107656,-0.03838151631187983
경상북도 포항시 북구,share_change_japanese,-0.00245364677988269,-0.02893274171736567
경상북도 포항시 북구,share_change_western,-0.00573254757564283,0.5307319947270892
경상북도 포항시 북구,share_change_bakery,-0.0023208846451724108,0.013063255918892517
경상북도 포항시 북구,share_change_supermarket,0.006418894765051003,-0.03900675293707712
경상북도 포항시 북구,share_change_convenience,0.006990499435752917,-0.2420713983021159
광주광역시 광산구,amount_growth,0.08427386974005424,-0.2505751664773573
광주광역시 광산구,count_growth,0.16194382725269807,-0.20043770692315604
광주광역시 광산구,ticket_growth,-0.06684484713541328,0.775743215215046
광주광역시 광산구,concentration,0.2795066599217338,0.09575153081016126
광주광역시 광산구,q,2.0,-0.07081147702910696
광주광역시 광산구,share_korean,0.4163490406035345,-0.1263386041682907
광주광역시 광산구,share_chinese,0.02684638275618417,0.050152597405983476
광주광역시 광산구,share_japanese,0.01602268684268019,-0.0958509981292059
광주광역시 광산구,share_western,0.09170126196372852,-0.09055124772034509
광주광역시 광산구,share_bakery,0.029216349225847617,0.101540778501046
광주광역시 광산구,share_supermarket,0.2722898125133072,0.0458369032611086
광주광역시 광산구,share_convenience,0.14757446609471786,0.03277987524104847
광주광역시 광산구,share_change_korean,-0.0005904440745314599,-0.07144937907421901
광주광역시 광산구,share_change_chinese,-0.001278006439657673,-0.01900251242559555
광주광역시 광산구,share_change_japanese,0.00010666043372093911,0.002454241974752269
광주광역시 광산구,share_change_western,0.0018102222073057561,-0.16750383126176585
광주광역시 광산구,share_change_bakery,-0.0011239762576833144,0.00489828599883728
광주광역시 광산구,share_change_supermarket,-0.010503176079491638,0.025113934847815385
광주광역시 광산구,share_change_convenience,0.011578720210337456,-0.38252357690395045
광주광역시 남구,amount_growth,0.08130240577887826,-0.23942596039015637
광주광역시 남구,count_growth,0.13908181813629517,-0.1706551417428591
광주광역시 남구,ticket_growth,-0.050724549753548454,0.6143479086995042
광주광역시 남구,concentration,0.26867582806647816,0.11413205654990723
광주광역시 남구,q,2.0,-0.07081147702910696
광주광역시 남구,share_korean,0.3714216871070533,-0.18647046506771697
광주광역시 남구,share_chinese,0.028559260933396592,0.03951993382247681
광주광역시 남구,share_japanese,0.0229130499518898,-0.05594232349052774
광주광역시 남구,share_western,0.09741901983271632,-0.10005184792608222
광주광역시 남구,share_bakery,0.03784455628946811,0.018716122913766266
광주광역시 남구,share_supermarket,0.3230145003023231,0.07302106178229271
광주광역시 남구,share_convenience,0.11882792558315274,0.1231537522456022
광주광역시 남구,share_change_korean,0.010780773141325306,0.06380658575087798
광주광역시 남구,share_change_chinese,-0.0003264740191967451,-0.0033207726516590527
광주광역시 남구,share_change_japanese,-0.002348479427661556,-0.027643487852997587
광주광역시 남구,share_change_western,-0.002824988658098229,0.261578638490172
광주광역시 남구,share_change_bakery,-0.0039040644725181553,0.023863260166029607
광주광역시 남구,share_change_supermarket,-0.011123923518814693,0.027466055525938032
광주광역시 남구,share_change_convenience,0.009747156954964031,-0.32645673485283766
광주광역시 동구,amount_growth,0.08831396673133862,-0.26573398198265563
광주광역시 동구,count_growth,0.17581838349207524,-0.21851222843362433
광주광역시 동구,ticket_growth,-0.07442001076803739,0.8515852314900162
광주광역시 동구,concentration,0.25746622475236214,0.13315537858102822
광주광역시 동구,q,2.0,-0.07081147702910696
광주광역시 동구,share_korean,0.4215501747690181,-0.11937727990104648
광주광역시 동구,share_chinese,0.029621671239497382,0.032925039029197446
광주광역시 동구,share_japanese,0.035368238053986915,0.016197568363030587
광주광역시 동구,share_western,0.14991037410129182,-0.18727124101516612
광주광역시 동구,share_bakery,0.04665385759486719,-0.06584690868762098
광주광역시 동구,share_supermarket,0.19567806638432084,0.004779462749743685
광주광역시 동구,share_convenience,0.12121761785701775,0.11564099586539975
광주광역시 동구,share_change_korean,-0.003955260426233731,-0.11147248948267348
광주광역시 동구,share_change_chinese,-0.00153074523748805,-0.02316777676460108
광주광역시 동구,share_change_japanese,6.70124089764898e-05,0.0019681940897692857
광주광역시 동구,share_change_western,-0.006074317855846945,0.5623697432947614
광주광역시 동구,share_change_bakery,0.0013862495492596924,-0.012225763277175292
광주광역시 동구,share_change_supermarket,0.0006998669371292288,-0.0173363556697387
광주광역시 동구,share_change_convenience,0.00940719462420335,-0.31604998845946713
광주광역시 북구,amount_growth,0.12272262810811307,-0.39483844425671377
광주광역시 북구,count_growth,0.19254034912633622,-0.24029609829866364
광주광역시 북구,ticket_growth,-0.05854537422517592,0.6926494643657524
광주광역시 북구,concentration,0.2741299404341578,0.10487612366300193
광주광역시 북구,q,2.0,-0.07081147702910696
광주광역시 북구,share_korean,0.40908580928896987,-0.13605988933417446
광주광역시 북구,share_chinese,0.02634702005648168,0.053252383288438426
광주광역시 북구,share_japanese,0.015379925604929404,-0.09957384244106288
광주광역시 북구,share_western,0.0974071432963459,-0.10003211392781408
광주광역시 북구,share_bakery,0.03822838459718506,0.015031643953433418
광주광역시 북구,share_supermarket,0.2752811910698903,0.04744003010966133
광주광역시 북구,share_convenience,0.13827052608619778,0.06202976461989258
광주광역시 북구,share_change_korean,-0.0008005618747966015,-0.07394864412758186
광주광역시 북구,share_change_chinese,-0.001623768928759848,-0.024700854658708676
광주광역시 북구,share_change_japanese,-0.0003788161644753263,-0.0034972493109532874
광주광역시 북구,share_change_western,0.0012969616599342315,-0.11999119166727551
광주광역시 북구,share_change_bakery,-0.0016152650185497913,0.00824971873710317
광주광역시 북구,share_change_supermarket,-0.007583528284468677,0.014050878415399358
광주광역시 북구,share_change_convenience,0.010704978611116023,-0.35577706291197425
광주광역시 서구,amount_growth,0.050972095737596756,-0.125623847439368
광주광역시 서구,count_growth,0.12256724208292646,-0.14914144033410856
광주광역시 서구,ticket_growth,-0.06377804701701839,0.7450386237670571
광주광역시 서구,concentration,0.2891498815430626,0.07938644587544313
광주광역시 서구,q,2.0,-0.07081147702910696
광주광역시 서구,share_korean,0.45936645912790997,-0.06876304661485626
광주광역시 서구,share_chinese,0.025872644123078905,0.05619706422318662
광주광역시 서구,share_japanese,0.020417612345453005,-0.07039578638325934
광주광역시 서구,share_western,0.11461752989170788,-0.1286288132241516
광주광역시 서구,share_bakery,0.03378585970194113,0.0576767255646411
광주광역시 서구,share_supermarket,0.21124655435174933,0.013122860477533511
광주광역시 서구,share_convenience,0.13469334045815975,0.07327578338311397
광주광역시 서구,share_change_korean,-0.004048574308466446,-0.11258241983870972
광주광역시 서구,share_change_chinese,-0.00048355560366752925,-0.005909557308891454
광주광역시 서구,share_change_japanese,2.525041092503108e-05,0.0014562308594089455
광주광역시 서구,share_change_western,0.0009661241700345546,-0.0893654938565864
광주광역시 서구,share_change_bakery,-0.0022745367262110017,0.012747083546693723
광주광역시 서구,share_change_supermarket,-0.004033318510348688,0.0005985122961169799
광주광역시 서구,share_change_convenience,0.009848610567734034,-0.3295623789882518
대구광역시 남구,amount_growth,0.1289018990736801,-0.4180236372672655
대구광역시 남구,count_growth,0.20451236428356512,-0.2558921607420056
대구광역시 남구,ticket_growth,-0.06277267668801179,0.7349729253144842
대구광역시 남구,concentration,0.266881105126873,0.11717780147771881
대구광역시 남구,q,2.0,-0.07081147702910696
대구광역시 남구,share_korean,0.4149342712858332,-0.1282321657782229
대구광역시 남구,share_chinese,0.02778045835261207,0.04435433824750421
대구광역시 남구,share_japanese,0.015161616647140259,-0.10083827815062237
대구광역시 남구,share_western,0.11448064463931307,-0.12840136531767096
대구광역시 남구,share_bakery,0.03764554451158724,0.02062649454013736
대구광역시 남구,share_supermarket,0.23460309411312744,0.025639997734652947
대구광역시 남구,share_convenience,0.15539437045038673,0.008195523112058505
대구광역시 남구,share_change_korean,-0.021770245408675948,-0.323374428950047
대구광역시 남구,share_change_chinese,-0.00203342853306367,-0.03145225395151934
대구광역시 남구,share_change_japanese,-7.62884443256933e-05,0.00021145899104197953
대구광역시 남구,share_change_western,-0.006576344968325473,0.6088425013978487
대구광역시 남구,share_change_bakery,-7.866982267602796e-06,-0.0027154952700711972
대구광역시 남구,share_change_supermarket,0.023379144916361838,-0.10327210879667614
대구광역시 남구,share_change_convenience,0.007085029420296568,-0.24496510000581295
대구광역시 달서구,amount_growth,0.05198190216915277,-0.12941273404903203
대구광역시 달서구,count_growth,0.12682501950246294,-0.15468808905054007
대구광역시 달서구,ticket_growth,-0.0664194671204198,0.7714843398184484
대구광역시 달서구,concentration,0.2696402906228846,0.11249530979952284
대구광역시 달서구,q,2.0,-0.07081147702910696
대구광역시 달서구,share_korean,0.41207498133499665,-0.1320591088811212
대구광역시 달서구,share_chinese,0.027693856142439965,0.04489192006657244
대구광역시 달서구,share_japanese,0.02600398816780547,-0.03803974772897476
대구광역시 달서구,share_western,0.09738803360645668,-0.10000036135489072
대구광역시 달서구,share_bakery,0.034006218517573454,0.05556143754758352
대구광역시 달서구,share_supermarket,0.25891998147675616,0.03867180038633541
대구광역시 달서구,share_convenience,0.14391294075397162,0.044291042668674376
대구광역시 달서구,share_change_korean,-0.012494109527276975,-0.21303859729099203
대구광역시 달서구,share_change_chinese,-0.0013739628032954747,-0.02058392225658409
대구광역시 달서구,share_change_japanese,-0.0001957924543047329,-0.0012535489550456584
대구광역시 달서구,share_change_western,-0.0005127051062844556,0.04753005127610048
대구광역시 달서구,share_change_bakery,-0.001694933241202727,0.008793192781019008
대구광역시 달서구,share_change_supermarket,0.006637694844520925,-0.03983582472810589
대구광역시 달서구,share_change_convenience,0.00963380828784341,-0.3229869656283724
대구광역시 달성군,amount_growth,0.05589947621202773,-0.14411183218266577
대구광역시 달성군,count_growth,0.10965492778375907,-0.13232044090726816
대구광역시 달성군,ticket_growth,-0.04844339463178304,0.591509140817901
대구광역시 달성군,concentration,0.26782300713771634,0.1155793412314522
대구광역시 달성군,q,2.0,-0.07081147702910696
대구광역시 달성군,share_korean,0.387510419034245,-0.16493691557053103
대구광역시 달성군,share_chinese,0.028022665492584364,0.04285084134322358
대구광역시 달성군,share_japanese,0.01821848352388516,-0.08313304206013153
대구광역시 달성군,share_western,0.10745306391077677,-0.1167243694662909
대구광역시 달성군,share_bakery,0.026234778477798103,0.13016173862583547
대구광역시 달성군,share_supermarket,0.2896040391891533,0.05511586983820474
대구광역시 달성군,share_convenience,0.1429565503715573,0.047297759485742406
대구광역시 달성군,share_change_korean,0.002543172374340652,-0.034176296682216056
대구광역시 달성군,share_change_chinese,-0.0020903259306177327,-0.03238995209303386
대구광역시 달성군,share_change_japanese,-0.00010574606934314612,-0.00014966407697061395
대구광역시 달성군,share_change_western,-0.004026683139838366,0.37281975590315364
대구광역시 달성군,share_change_bakery,-0.0013119387593348783,0.006180512932932797
대구광역시 달성군,share_change_supermarket,-0.008289719157606956,0.016726759216811056
대구광역시 달성군,share_change_convenience,0.013281240682400386,-0.4346402297773324
대구광역시 동구,amount_growth,0.06307722648015468,-0.1710434113730584
대구광역시 동구,count_growth,0.10588395369266212,-0.12740795569700172
대구광역시 동구,ticket_growth,-0.03870815474767619,0.49404058996688743
대구광역시 동구,concentration,0.28226039690360527,0.09107828556434773
대구광역시 동구,q,2.0,-0.07081147702910696
대구광역시 동구,share_korean,0.4316501706115054,-0.10585920020528172
대구광역시 동구,share_chinese,0.022405708110562528,0.0777180134518247
대구광역시 동구,share_japanese,0.02080840503447704,-0.06813233262469198
대구광역시 동구,share_western,0.09677186153619809,-0.09897653267385836
대구광역시 동구,share_bakery,0.027976851502643375,0.11343907571026143
대구광역시 동구,share_supermarket,0.2486762205126635,0.033182007663327
대구광역시 동구,share_convenience,0.15171078269195007,0.01977605075441966
대구광역시 동구,share_change_korean,-0.011835700935774351,-0.20520709714440805
대구광역시 동구,share_change_chinese,-0.0019817434835527406,-0.030600457965166295
대구광역시 동구,share_change_japanese,-0.00024104915483514136,-0.0018083539854574905
대구광역시 동구,share_change_western,-0.0027454610538922702,0.25421675101255164
대구광역시 동구,share_change_bakery,-0.001431251786956085,0.006994432604463836
대구광역시 동구,share_change_supermarket,0.01234689345370249,-0.061468977365528726
대구광역시 동구,share_change_convenience,0.005888312961308123,-0.20833185106438212
대구광역시 북구,amount_growth,0.05545603015687228,-0.14244798179710438
대구광역시 북구,count_growth,0.13332803332288257,-0.16315962941205894
대구광역시 북구,ticket_growth,-0.06871091235402704,0.7944261315907064
대구광역시 북구,concentration,0.26788964305985863,0.11546625635500905
대구광역시 북구,q,2.0,-0.07081147702910696
대구광역시 북구,share_korean,0.40780115526621563,-0.1377793014737343
대구광역시 북구,share_chinese,0.026257984673784377,0.05380506898660631
대구광역시 북구,share_japanese,0.02147926115771441,-0.06424676399393861
대구광역시 북구,share_western,0.10179211745185163,-0.10731816683850244
대구광역시 북구,share_bakery,0.03417526899706665,0.05393867309169511
대구광역시 북구,share_supermarket,0.2565619005686607,0.03740806771481907
대구광역시 북구,share_convenience,0.15193231188470666,0.019079603402396644
대구광역시 북구,share_change_korean,-0.004026737134878111,-0.11232267561549458
대구광역시 북구,share_change_chinese,-0.002817681866795742,-0.044377149028106515
대구광역시 북구,share_change_japanese,-0.0004353116875719827,-0.004189831846631346
대구광역시 북구,share_change_western,-0.0016351097750505889,0.15143129359710192
대구광역시 북구,share_change_bakery,-0.002055944512917726,0.011255909397565994
대구광역시 북구,share_change_supermarket,-0.00036623063927554433,-0.013296725386136224
대구광역시 북구,share_change_convenience,0.011337015616489726,-0.3751246441908534
대구광역시 서구,amount_growth,0.1024688746975666,-0.3188444985909003
대구광역시 서구,count_growth,0.17642344236370766,-0.21930044460441483
대구광역시 서구,ticket_growth,-0.06286390172364231,0.7358862640847754
대구광역시 서구,concentration,0.3125736352515297,0.039635029390195864
대구광역시 서구,q,2.0,-0.07081147702910696
대구광역시 서구,share_korean,0.3719860868660769,-0.18571505872480976
대구광역시 서구,share_chinese,0.02045179742268985,0.08984688244715422
대구광역시 서구,share_japanese,0.01003207110567704,-0.1305483762708389
대구광역시 서구,share_western,0.05787365942539468,-0.0343434587584487
대구광역시 서구,share_bakery,0.0207829361658432,0.18249555009724786
대구광역시 서구,share_supermarket,0.3922617014959352,0.11013172675523927
대구광역시 서구,share_convenience,0.1266117475183831,0.09868283666127829
대구광역시 서구,share_change_korean,-0.006023584567856066,-0.1360743568145246
대구광역시 서구,share_change_chinese,-0.0010475585853615861,-0.0152046142091767
대구광역시 서구,share_change_japanese,0.0009901491751111609,0.01328499172651924
대구광역시 서구,share_change_western,0.001478510763151565,-0.1367972313172006
대구광역시 서구,share_change_bakery,-1.1144081140803536e-05,-0.002693139830002084
대구광역시 서구,share_change_supermarket,-0.0031876755884823194,-0.002605776721972353
대구광역시 서구,share_change_convenience,0.007801302884578018,-0.26689128304614895
대구광역시 수성구,amount_growth,0.005199301218417496,0.0461198876182369
대구광역시 수성구,count_growth,0.08042892244857236,-0.09424743496876574
대구광역시 수성구,ticket_growth,-0.06962940334812784,0.803622000129176
대구광역시 수성구,concentration,0.26901424161036225,0.11355774989117891
대구광역시 수성구,q,2.0,-0.07081147702910696
대구광역시 수성구,share_korean,0.4426424088375439,-0.09114692163687521
대구광역시 수성구,share_chinese,0.033050465266129425,0.01164085556108473
대구광역시 수성구,share_japanese,0.03860961471550037,0.034971476866175334
대구광역시 수성구,share_western,0.14167727342407757,-0.17359115875564168
대구광역시 수성구,share_bakery,0.03886468576328262,0.00892360498969295
대구광역시 수성구,share_supermarket,0.1869000344123284,7.517726210905142e-05
대구광역시 수성구,share_convenience,0.11825551758113771,0.12495329853708433
대구광역시 수성구,share_change_korean,-0.010165345535691428,-0.1853389047644418
대구광역시 수성구,share_change_chinese,-0.003729175181820206,-0.05939902391595571
대구광역시 수성구,share_change_japanese,0.0018899494820580343,0.024315706091672957
대구광역시 수성구,share_change_western,-0.003815052114225559,0.3532290262075879
대구광역시 수성구,share_change_bakery,-0.0024472394449394294,0.013925212564978523
대구광역시 수성구,share_change_supermarket,0.00583959333490755,-0.03681167844076928
대구광역시 수성구,share_change_convenience,0.012427269459711052,-0.4084989160562528
대구광역시 중구,amount_growth,-0.009209330183404418,0.1001823978934247
대구광역시 중구,count_growth,0.06294414192419384,-0.07146983860883467
대구광역시 중구,ticket_growth,-0.06788077497372746,0.7861148533450466
대구광역시 중구,concentration,0.2764017632446717,0.10102071364437715
대구광역시 중구,q,2.0,-0.07081147702910696
대구광역시 중구,share_korean,0.4469059839281539,-0.08544044920237273
대구광역시 중구,share_chinese,0.044879986713853355,-0.061790707512607665
대구광역시 중구,share_japanese,0.07190986722963054,0.22784504853556314
대구광역시 중구,share_western,0.22166118410679744,-0.3064920572720791
대구광역시 중구,share_bakery,0.03598962054830582,0.036522187692401245
대구광역시 중구,share_supermarket,0.04993049766289486,-0.07332895318925732
대구광역시 중구,share_convenience,0.12872285981036408,0.0920458849021081
대구광역시 중구,share_change_korean,-0.00929664216466286,-0.17500603446877655
대구광역시 중구,share_change_chinese,-0.0030090856740322552,-0.04753158142818148
대구광역시 중구,share_change_japanese,-0.004045062989321613,-0.04844202339560904
대구광역시 중구,share_change_western,-0.0033678836154410197,0.31183454180865344
대구광역시 중구,share_change_bakery,0.001537195337518546,-0.013255472679812254
대구광역시 중구,share_change_supermarket,0.005811434791448251,-0.03670498079186934
대구광역시 중구,share_change_convenience,0.012370044314490958,-0.40674717028990043
대전광역시 대덕구,amount_growth,0.10011514337056604,-0.310013082164014
대전광역시 대덕구,count_growth,0.14710625095953422,-0.18110864967281456
대전광역시 대덕구,ticket_growth,-0.0409649128401669,0.5166350964726248
대전광역시 대덕구,concentration,0.27473882898518,0.10384280583162321
대전광역시 대덕구,q,2.0,-0.07081147702910696
대전광역시 대덕구,share_korean,0.4212897867432817,-0.11972578955774558
대전광역시 대덕구,share_chinese,0.02800278052997082,0.04297427692705741
대전광역시 대덕구,share_japanese,0.021471807637881108,-0.06428993444711002
대전광역시 대덕구,share_western,0.08198952336028853,-0.07441426747598208
대전광역시 대덕구,share_bakery,0.03088374360444253,0.08553497751400511
대전광역시 대덕구,share_supermarket,0.23693579729214298,0.026890130081745685
대전광역시 대덕구,share_convenience,0.17942656083199235,-0.06735729747250774
대전광역시 대덕구,share_change_korean,0.005128126692444834,-0.0034293252993781325
대전광역시 대덕구,share_change_chinese,-0.0010319704220569138,-0.014947713324623461
대전광역시 대덕구,share_change_japanese,-0.0016729409243785576,-0.019362014491799705
대전광역시 대덕구,share_change_western,0.0019583632675531093,-0.18121728116693323
대전광역시 대덕구,share_change_bakery,0.0005920367203586935,-0.006807868369025768
대전광역시 대덕구,share_change_supermarket,-0.00850083195551457,0.017526702552729354
대전광역시 대덕구,share_change_convenience,0.003527216621593443,-0.13605522334875694
대전광역시 동구,amount_growth,0.11575025819875906,-0.3686774710626047
대전광역시 동구,count_growth,0.17336779563844051,-0.21531982342191625
대전광역시 동구,ticket_growth,-0.04910441351284178,0.5981272163033481
대전광역시 동구,concentration,0.25883946831210175,0.13082490766853902
대전광역시 동구,q,2.0,-0.07081147702910696
대전광역시 동구,share_korean,0.39749418268121095,-0.15157440386774118
대전광역시 동구,share_chinese,0.03365744442795465,0.007873042230431193
대전광역시 동구,share_japanese,0.014181177128506642,-0.10651693994708894
대전광역시 동구,share_western,0.10600540909641848,-0.11431895287778407
대전광역시 동구,share_bakery,0.030768486113038996,0.08664136751588644
대전광역시 동구,share_supermarket,0.21010031349717964,0.012508571963355069
대전광역시 동구,share_convenience,0.20779298705569066,-0.15653616452845465
대전광역시 동구,share_change_korean,0.006779429601348308,0.016212245512476273
대전광역시 동구,share_change_chinese,-0.003146032618912102,-0.04978853695198916
대전광역시 동구,share_change_japanese,-0.000826039939658723,-0.008979796586462316
대전광역시 동구,share_change_western,0.006971344713207775,-0.6452700550281011
대전광역시 동구,share_change_bakery,0.00024122505512481213,-0.004414730578214503
대전광역시 동구,share_change_supermarket,-0.013644867313363618,0.037018352727534024
대전광역시 동구,share_change_convenience,0.0036249405022535652,-0.1390466949048271
대전광역시 서구,amount_growth,0.06659499091966725,-0.18424238710178661
대전광역시 서구,count_growth,0.13232875363957053,-0.16185785789451393
대전광역시 서구,ticket_growth,-0.0580518356604649,0.6877081902662816
대전광역시 서구,concentration,0.2673739459392554,0.11634142313128588
대전광역시 서구,q,2.0,-0.07081147702910696
대전광역시 서구,share_korean,0.4401718108917191,-0.09445362992158159
대전광역시 서구,share_chinese,0.0334581694602897,0.00911003836943499
대전광역시 서구,share_japanese,0.0361681832261845,0.020830814985889175
대전광역시 서구,share_western,0.13231898854780433,-0.1580414756004493
대전광역시 서구,share_bakery,0.03938343105143032,0.003944018905173443
대전광역시 서구,share_supermarket,0.13265245644620732,-0.028996953550308898
대전광역시 서구,share_convenience,0.1858469603763647,-0.08754186189025957
대전광역시 서구,share_change_korean,0.004445609700743924,-0.01154758497814849
대전광역시 서구,share_change_chinese,-0.0033963164483172825,-0.05391334215878928
대전광역시 서구,share_change_japanese,-0.002157905799482558,-0.025307232528628543
대전광역시 서구,share_change_western,0.004292141392478271,-0.397255625650892
대전광역시 서구,share_change_bakery,-0.0025650105974426435,0.014728614001287482
대전광역시 서구,share_change_supermarket,-0.0035828302062879958,-0.0011084667232231363
대전광역시 서구,share_change_convenience,0.0029643119583082356,-0.1188238846255896
대전광역시 유성구,amount_growth,0.09948304284844744,-0.30764138286662845
대전광역시 유성구,count_growth,0.16780681738202752,-0.20807548209808194
대전광역시 유성구,ticket_growth,-0.0585060589787848,0.6922558428281519
대전광역시 유성구,concentration,0.276107501287801,0.10152009259742271
대전광역시 유성구,q,2.0,-0.07081147702910696
대전광역시 유성구,share_korean,0.453666442342104,-0.0763920874956044
대전광역시 유성구,share_chinese,0.036116173541631005,-0.007389478978893588
대전광역시 유성구,share_japanese,0.03544757612771718,0.016657090934015056
대전광역시 유성구,share_western,0.16676108072572238,-0.21527029772429918
대전광역시 유성구,share_bakery,0.037220939595748986,0.02470239995775868
대전광역시 유성구,share_supermarket,0.10476970101296156,-0.043939761022233716
대전광역시 유성구,share_convenience,0.16601808665411485,-0.025203501759847244
대전광역시 유성구,share_change_korean,0.00442268497595244,-0.01182026517686092
대전광역시 유성구,share_change_chinese,-0.002823619221075796,-0.044474999655960454
대전광역시 유성구,share_change_japanese,4.193223551821057e-05,0.0016607345040024165
대전광역시 유성구,share_change_western,0.006189201387729049,-0.5728668786588732
대전광역시 유성구,share_change_bakery,-0.001427749005397945,0.006970537621056846
대전광역시 유성구,share_change_supermarket,-0.010521714568569124,0.025184180427157372
대전광역시 유성구,share_change_convenience,0.004119264195843131,-0.1541786693912656
대전광역시 중구,amount_growth,0.043258976961714435,-0.09668351636655317
대전광역시 중구,count_growth,0.1222750901185663,-0.14876085108332107
대전광역시 중구,ticket_growth,-0.07040708098448833,0.8114080550335901
대전광역시 중구,concentration,0.23612550207706182,0.169371775223526
대전광역시 중구,q,2.0,-0.07081147702910696
대전광역시 중구,share_korean,0.38474118141915914,-0.16864333044050203
대전광역시 중구,share_chinese,0.03126263378847981,0.02273879054487228
대전광역시 중구,share_japanese,0.016700964553401275,-0.09192244399602027
대전광역시 중구,share_western,0.09198844120348801,-0.09102842342572791
대전광역시 중구,share_bakery,0.20369769572272972,-1.5733561408069061
대전광역시 중구,share_supermarket,0.13704536437810796,-0.026642725051427667
대전광역시 중구,share_convenience,0.13456371893463406,0.07368328979660888
대전광역시 중구,share_change_korean,0.015874106210610917,0.12438969355583188
대전광역시 중구,share_change_chinese,0.0009122465373479008,0.017093974132217422
대전광역시 중구,share_change_japanese,0.00015452639469308582,0.0030410341098748906
대전광역시 중구,share_change_western,0.0026952011668209125,-0.2494265244581989
대전광역시 중구,share_change_bakery,-0.03321144497824155,0.22378990682178687
대전광역시 중구,share_change_supermarket,0.003494805270450013,-0.027926866127664485
대전광역시 중구,share_change_convenience,0.010080559398318714,-0.33666267345538453
부산광역시 강서구,amount_growth,0.06243698772230011,-0.168641176666665
부산광역시 강서구,count_growth,0.11704302384710785,-0.14194498665233612
부산광역시 강서구,ticket_growth,-0.048884452039048676,0.5959249771855768
부산광역시 강서구,concentration,0.2624439598889712,0.12470788442482603
부산광역시 강서구,q,2.0,-0.07081147702910696
부산광역시 강서구,share_korean,0.42225463317408246,-0.11843441566520677
부산광역시 강서구,share_chinese,0.03120205186987906,0.023114851824824742
부산광역시 강서구,share_japanese,0.032557323900890923,-8.312056368573229e-05
부산광역시 강서구,share_western,0.17091483000645843,-0.22217214844539793
부산광역시 강서구,share_bakery,0.02363784895831106,0.15509041632793272
부산광역시 강서구,share_supermarket,0.13400683481392453,-0.02827112086704377
부산광역시 강서구,share_convenience,0.18542647727645353,-0.08621993976406228
부산광역시 강서구,share_change_korean,0.007295760803027407,0.022353793380810297
부산광역시 강서구,share_change_chinese,-0.00032529303509357815,-0.0033013094310847617
부산광역시 강서구,share_change_japanese,-0.00032569380555910743,-0.002846018628896425
부산광역시 강서구,share_change_western,0.0019210512571067317,-0.17776330031069304
부산광역시 강서구,share_change_bakery,0.00033572689868205385,-0.005059395381385726
부산광역시 강서구,share_change_supermarket,-0.02331755481522399,0.07366985838812172
부산광역시 강서구,share_change_convenience,0.014416002697060476,-0.4693769621587528
부산광역시 금정구,amount_growth,0.19784711857491066,-0.6767124421761792
부산광역시 금정구,count_growth,0.26571004453240965,-0.33561498350942787
부산광역시 금정구,ticket_growth,-0.05361648684914211,0.6433017836132565
부산광역시 금정구,concentration,0.28488491898075485,0.0866243252187099
부산광역시 금정구,q,2.0,-0.07081147702910696
부산광역시 금정구,share_korean,0.47016830903029583,-0.05430558840206345
부산광역시 금정구,share_chinese,0.028533024013797467,0.03968279907657153
부산광역시 금정구,share_japanese,0.032432386400816804,-0.0008067529705125214
부산광역시 금정구,share_western,0.13591474111371168,-0.16401616154382012
부산광역시 금정구,share_bakery,0.04587599848328249,-0.05838001405500698
부산광역시 금정구,share_supermarket,0.13412820565685432,-0.028206076322111792
부산광역시 금정구,share_convenience,0.15294733530124144,0.015888555026827716
부산광역시 금정구,share_change_korean,-0.004762702126032359,-0.12107667732581734
부산광역시 금정구,share_change_chinese,-0.00251437159024415,-0.039378440917521344
부산광역시 금정구,share_change_japanese,-0.002088074025893956,-0.024451159973283836
부산광역시 금정구,share_change_western,0.0020098114984385684,-0.18597985499878775
부산광역시 금정구,share_change_bakery,-0.0060930021717088625,0.03879557299597029
부산광역시 금정구,share_change_supermarket,0.007014516337508464,-0.04126366730863044
부산광역시 금정구,share_change_convenience,0.006433822077932333,-0.22503068654794062
부산광역시 기장군,amount_growth,0.1541929853723405,-0.5129181192455537
부산광역시 기장군,count_growth,0.1988512373776954,-0.24851735478293396
부산광역시 기장군,ticket_growth,-0.037250870344045284,0.47945035894119153
부산광역시 기장군,concentration,0.326081860225074,0.016710818199157065
부산광역시 기장군,q,2.0,-0.07081147702910696
부산광역시 기장군,share_korean,0.522480640667406,0.01571050657165307
부산광역시 기장군,share_chinese,0.026394150654355526,0.052959820864356584
부산광역시 기장군,share_japanese,0.0541538600350022,0.1250030498221258
부산광역시 기장군,share_western,0.1549037244226144,-0.19556816896788357
부산광역시 기장군,share_bakery,0.018969901098932082,0.1998993981826418
부산광역시 기장군,share_supermarket,0.10093682620814316,-0.045993858954179956
부산광역시 기장군,share_convenience,0.12216089691354665,0.11267549866404372
부산광역시 기장군,share_change_korean,-0.008458942131876257,-0.16504193616533647
부산광역시 기장군,share_change_chinese,-0.0022388320744319637,-0.03483740911294019
부산광역시 기장군,share_change_japanese,0.00865596085850899,0.10726070878705168
부산광역시 기장군,share_change_western,-0.01033710925785214,0.9569772629788307
부산광역시 기장군,share_change_bakery,-0.00017107437210098567,-0.0016021406953607412
부산광역시 기장군,share_change_supermarket,0.00768699843962227,-0.04381181967761037
부산광역시 기장군,share_change_convenience,0.004862998538130089,-0.17694547025094406
부산광역시 남구,amount_growth,0.14906440500353368,-0.4936752139928949
부산광역시 남구,count_growth,0.2275703574972816,-0.28593003634243336
부산광역시 남구,ticket_growth,-0.06395230384497264,0.7467832711202592
부산광역시 남구,concentration,0.26316239971443833,0.12348865197057554
부산광역시 남구,q,2.0,-0.07081147702910696
부산광역시 남구,share_korean,0.428339810496811,-0.11028986656891256
부산광역시 남구,share_chinese,0.032522726881090036,0.014916783051362426
부산광역시 남구,share_japanese,0.028747395547809345,-0.022150055009648357
부산광역시 남구,share_western,0.12364953366505954,-0.14363634919777865
부산광역시 남구,share_bakery,0.039968482412243,-0.001672058351999693
부산광역시 남구,share_supermarket,0.19327511176681228,0.0034916815511039745
부산광역시 남구,share_convenience,0.15349693923017477,0.014160700579275763
부산광역시 남구,share_change_korean,-0.008234560144854242,-0.162373004461023
부산광역시 남구,share_change_chinese,-0.0025012689829525467,-0.03916250326422786
부산광역시 남구,share_change_japanese,0.0011743461147627685,0.015543074783999576
부산광역시 남구,share_change_western,0.0077865877353917035,-0.7207372774618374
부산광역시 남구,share_change_bakery,-0.0010747153652021016,0.004562242146568894
부산광역시 남구,share_change_supermarket,-0.007451770563806692,0.013551625354268203
부산광역시 남구,share_change_convenience,0.010301381206661075,-0.3434223534246401
부산광역시 동구,amount_growth,0.1651490616502438,-0.5540263251418468
부산광역시 동구,count_growth,0.18266752180334467,-0.22743466858950268
부산광역시 동구,ticket_growth,-0.014812666983860967,0.25480061314623675
부산광역시 동구,concentration,0.270513410428237,0.11101357679224926
부산광역시 동구,q,2.0,-0.07081147702910696
부산광역시 동구,share_korean,0.4359049500852583,-0.10016450003796644
부산광역시 동구,share_chinese,0.05464080237787791,-0.12238081289015117
부산광역시 동구,share_japanese,0.022493880252812532,-0.05837013562085047
부산광역시 동구,share_western,0.11273446037791476,-0.12549991357151083
부산광역시 동구,share_bakery,0.036724861552679434,0.029464396599550746
부산광역시 동구,share_supermarket,0.11398994759767145,-0.03899848576380945
부산광역시 동구,share_convenience,0.2235110977557856,-0.20595103594864692
부산광역시 동구,share_change_korean,0.007000623197514266,0.018843252615290237
부산광역시 동구,share_change_chinese,-0.010095710728135338,-0.16432277801197298
부산광역시 동구,share_change_japanese,0.0005167520894380252,0.007481584022564239
부산광역시 동구,share_change_western,0.00024148964029019337,-0.022285919114705604
부산광역시 동구,share_change_bakery,-0.00036404530102685656,-0.00028574768935115953
부산광역시 동구,share_change_supermarket,0.014493164336770822,-0.06960157333793081
부산광역시 동구,share_change_convenience,-0.01179227323485113,0.33289686747585623
부산광역시 동래구,amount_growth,0.14999129170285608,-0.4971529781405513
부산광역시 동래구,count_growth,0.2091469559527297,-0.26192968910480907
부산광역시 동래구,ticket_growth,-0.048923469524233876,0.5963156175585027
부산광역시 동래구,concentration,0.3130653389919565,0.038800580718290914
부산광역시 동래구,q,2.0,-0.07081147702910696
부산광역시 동래구,share_korean,0.5129311834296731,0.0029292811133285845
부산광역시 동래구,share_chinese,0.03391367593282573,0.006282489307850552
부산광역시 동래구,share_japanese,0.043851163212117836,0.06533029108813794
부산광역시 동래구,share_western,0.11692105877954945,-0.13245634624097438
부산광역시 동래구,share_bakery,0.04132380345983414,-0.014682177157588973
부산광역시 동래구,share_supermarket,0.12511257464813139,-0.03303769487300406
부산광역시 동래구,share_convenience,0.12594654053786833,0.10077412600496219
부산광역시 동래구,share_change_korean,-0.00933030429733206,-0.17540643173019674
부산광역시 동래구,share_change_chinese,-0.0023774869328657064,-0.03712251192351672
부산광역시 동래구,share_change_japanese,0.0011902042194510618,0.015737480389153024
부산광역시 동래구,share_change_western,0.0019456777820425347,-0.18004298303661387
부산광역시 동래구,share_change_bakery,-0.0028552132707440753,0.016708294420435178
부산광역시 동래구,share_change_supermarket,0.002951137269534179,-0.02586681293053446
부산광역시 동래구,share_change_convenience,0.008475985229914038,-0.28754430083281374
부산광역시 부산진구,amount_growth,0.1272962541886069,-0.4119991099768668
부산광역시 부산진구,count_growth,0.17833908527691356,-0.2217959715563219
부산광역시 부산진구,ticket_growth,-0.04331760842534682,0.5401901225439831
부산광역시 부산진구,concentration,0.28539671111475207,0.08575578542250113
부산광역시 부산진구,q,2.0,-0.07081147702910696
부산광역시 부산진구,share_korean,0.4717934367918718,-0.05213047794267402
부산광역시 부산진구,share_chinese,0.0320116622841749,0.018089208271515816
부산광역시 부산진구,share_japanese,0.04361076934246276,0.06393794055781914
부산광역시 부산진구,share_western,0.14593750465774974,-0.18066993940052387
부산광역시 부산진구,share_bakery,0.036436464447005504,0.032232803844959225
부산광역시 부산진구,share_supermarket,0.11575461315555273,-0.038052773717993635
부산광역시 부산진구,share_convenience,0.15445554932118255,0.011147005403495995
부산광역시 부산진구,share_change_korean,-2.5498313337701806e-05,-0.06472958095994534
부산광역시 부산진구,share_change_chinese,0.000508329609918444,0.010437217084287884
부산광역시 부산진구,share_change_japanese,-0.0032850436115198015,-0.03912489313482928
부산광역시 부산진구,share_change_western,-0.011463169855400579,1.0612169354158938
부산광역시 부산진구,share_change_bakery,0.0008360150606407657,-0.008472219484257859
부산광역시 부산진구,share_change_supermarket,0.007094082841485258,-0.041565158716301544
부산광역시 부산진구,share_change_convenience,0.006335284268213587,-0.22201429942761852
부산광역시 북구,amount_growth,0.20223749496745547,-0.6931855382124815
부산광역시 북구,count_growth,0.23861384993469525,-0.3003165030637421
부산광역시 북구,ticket_growth,-0.029368600205106232,0.4005336134881244
부산광역시 북구,concentration,0.29111705877363503,0.07604803639735366
부산광역시 북구,q,2.0,-0.07081147702910696
부산광역시 북구,share_korean,0.47680587701996247,-0.04542170622332841
부산광역시 북구,share_chinese,0.02681813616289265,0.05032793767702227
부산광역시 북구,share_japanese,0.03638640818515999,0.022094764178080668
부산광역시 북구,share_western,0.109915607095127,-0.12081611990762534
부산광역시 북구,share_bakery,0.04183043258765287,-0.019545456714125563
부산광역시 북구,share_supermarket,0.16811758776910354,-0.00999063150321706
부산광역시 북구,share_convenience,0.14012595118010152,0.056196646747494736
부산광역시 북구,share_change_korean,-0.002391489156540305,-0.0928720716177145
부산광역시 북구,share_change_chinese,-0.0013501389405727732,-0.020191292843656235
부산광역시 북구,share_change_japanese,0.0021664242312977727,0.027705029216477266
부산광역시 북구,share_change_western,-0.0033138086445891335,0.3068288100914473
부산광역시 북구,share_change_bakery,-0.0030346846749171527,0.017932597493168556
부산광역시 북구,share_change_supermarket,0.004439072640622377,-0.03150486043962011
부산광역시 북구,share_change_convenience,0.0034846245446992496,-0.1347514173017369
부산광역시 사상구,amount_growth,0.1834002610351655,-0.6225065039155967
부산광역시 사상구,count_growth,0.229217395579006,-0.2880756491262282
부산광역시 사상구,ticket_growth,-0.037273418606526554,0.4796761105913225
부산광역시 사상구,concentration,0.29371595967686454,0.07163755661285963
부산광역시 사상구,q,2.0,-0.07081147702910696
부산광역시 사상구,share_korean,0.45924502463328415,-0.0689255774912811
부산광역시 사상구,share_chinese,0.02693350404987892,0.04961179338434329
부산광역시 사상구,share_japanese,0.017305758899991648,-0.08841950221794091
부산광역시 사상구,share_western,0.09110340412503132,-0.08955784988233315
부산광역시 사상구,share_bakery,0.025622400979764523,0.13604012737914717
부산광역시 사상구,share_supermarket,0.20871700949146882,0.011767237575440417
부산광역시 사상구,share_convenience,0.17107289782058063,-0.04109490554304811
부산광역시 사상구,share_change_korean,-0.011674693482466747,-0.20329197952526837
부산광역시 사상구,share_change_chinese,-0.0013215894429249551,-0.01972078255607946
부산광역시 사상구,share_change_japanese,-0.0005031847560975529,-0.005021892500769658
부산광역시 사상구,share_change_western,-0.0035248737359138277,0.32636715112787495
부산광역시 사상구,share_change_bakery,0.000763452461875605,-0.007977217993390646
부산광역시 사상구,share_change_supermarket,0.009413788397635042,-0.050354929016000395
부산광역시 사상구,share_change_convenience,0.006847100557892449,-0.23768174797924432
부산광역시 사하구,amount_growth,0.2034272990558108,-0.697649792586012
부산광역시 사하구,count_growth,0.2341136756668878,-0.2944540815778933
부산광역시 사하구,ticket_growth,-0.024865113494909385,0.3554450148870478
부산광역시 사하구,concentration,0.28064909994039366,0.09381274637977569
부산광역시 사하구,q,2.0,-0.07081147702910696
부산광역시 사하구,share_korean,0.4530153720562403,-0.07726349577627181
부산광역시 사하구,share_chinese,0.027893467058317602,0.043652838534471536
부산광역시 사하구,share_japanese,0.0253498618774463,-0.04182841791671238
부산광역시 사하구,share_western,0.0985622863473691,-0.10195149431426435
부산광역시 사하구,share_bakery,0.04148195660254962,-0.01620033492534646
부산광역시 사하구,share_supermarket,0.17996548758354775,-0.0036411555234220233
부산광역시 사하구,share_convenience,0.17373156847452934,-0.04945328086055495
부산광역시 사하구,share_change_korean,0.002919334791281647,-0.02970199901746414
부산광역시 사하구,share_change_chinese,-0.002104061563725817,-0.032616322334761305
부산광역시 사하구,share_change_japanese,-0.0005090406421531281,-0.005093680214038076
부산광역시 사하구,share_change_western,-0.0017962717801202344,0.16635009517344201
부산광역시 사하구,share_change_bakery,-0.001978551457497625,0.010727955899928691
부산광역시 사하구,share_change_supermarket,0.0023367867937374442,-0.02353893146667883
부산광역시 사하구,share_change_convenience,0.001131803858477748,-0.06272811949754697
부산광역시 서구,amount_growth,0.3032026184791714,-1.0720159680475838
부산광역시 서구,count_growth,0.3090596472130822,-0.3920869392681543
부산광역시 서구,ticket_growth,-0.004474226018944316,0.15129285464156503
부산광역시 서구,concentration,0.2728781373850254,0.10700050325573883
부산광역시 서구,q,2.0,-0.07081147702910696
부산광역시 서구,share_korean,0.45055318964182833,-0.08055894050937926
부산광역시 서구,share_chinese,0.029509897196014694,0.033618874596449404
부산광역시 서구,share_japanese,0.03741840429186818,0.028072039424424565
부산광역시 서구,share_western,0.1281203633439422,-0.1510650592516599
부산광역시 서구,share_bakery,0.04006259603659112,-0.002575482257479354
부산광역시 서구,share_supermarket,0.14753108093312645,-0.021023264519202334
부산광역시 서구,share_convenience,0.16680446855662903,-0.027675742943367443
부산광역시 서구,share_change_korean,-0.002870648998451797,-0.09857148140761857
부산광역시 서구,share_change_chinese,-0.0024381809499918437,-0.0381227802926658
부산광역시 서구,share_change_japanese,0.003240904171940652,0.04087715332536436
부산광역시 서구,share_change_western,-0.007330090597122335,0.678616896859078
부산광역시 서구,share_change_bakery,0.0038020470268234838,-0.028705649242911628
부산광역시 서구,share_change_supermarket,0.013239311405542492,-0.06485050515779774
부산광역시 서구,share_change_convenience,-0.007643342058740621,0.2058919888567453
부산광역시 수영구,amount_growth,0.10675760659157851,-0.3349362151198016
부산광역시 수영구,count_growth,0.1609099869593822,-0.19909091295745832
부산광역시 수영구,ticket_growth,-0.04664649367832352,0.5735186922987607
부산광역시 수영구,concentration,0.2712141760804546,0.10982433839576679
부산광역시 수영구,q,2.0,-0.07081147702910696
부산광역시 수영구,share_korean,0.45421555755144094,-0.07565713836515554
부산광역시 수영구,share_chinese,0.028224048961148086,0.04160075671899043
부산광역시 수영구,share_japanese,0.057183209737433884,0.14254890767097153
부산광역시 수영구,share_western,0.14627567464838598,-0.1812318411032942
부산광역시 수영구,share_bakery,0.040858710930302335,-0.010217619423791981
부산광역시 수영구,share_supermarket,0.15143805042944228,-0.018929458075936673
부산광역시 수영구,share_convenience,0.12180474774184648,0.11379516666115647
부산광역시 수영구,share_change_korean,-0.0043672359684487905,-0.11637276958364083
부산광역시 수영구,share_change_chinese,-0.0008298903868476717,-0.011617331240401683
부산광역시 수영구,share_change_japanese,-0.0018456705932127504,-0.021479519481059584
부산광역시 수영구,share_change_western,6.340864910561739e-05,-0.0058009233438193015
부산광역시 수영구,share_change_bakery,-0.0013809480876874128,0.0066512750197318515
부산광역시 수영구,share_change_supermarket,0.002915486102934073,-0.02573172442134826
부산광역시 수영구,share_change_convenience,0.005444850284156921,-0.19475680701255613
부산광역시 연제구,amount_growth,0.13776522135053137,-0.45127963766741336
부산광역시 연제구,count_growth,0.18911585765708416,-0.23583497942354276
부산광역시 연제구,ticket_growth,-0.043183879834660543,0.5388512411094518
부산광역시 연제구,concentration,0.29912009084468943,0.06246644460977104
부산광역시 연제구,q,2.0,-0.07081147702910696
부산광역시 연제구,share_korean,0.49017739545031974,-0.027524941252933845
부산광역시 연제구,share_chinese,0.03350923959740066,0.008793021319251
부산광역시 연제구,share_japanese,0.03210223665270477,-0.002718965530375139
부산광역시 연제구,share_western,0.11717794879732762,-0.13288319351427233
부산광역시 연제구,share_bakery,0.03971307520977598,0.0007796692691458766
부산광역시 연제구,share_supermarket,0.15102781657797976,-0.019149308853437724
부산광역시 연제구,share_convenience,0.13629228771449148,0.0682489850237651
부산광역시 연제구,share_change_korean,-0.009451000038119384,-0.17684205806294367
부산광역시 연제구,share_change_chinese,-0.0023606801049149972,-0.03684552682381757
부산광역시 연제구,share_change_japanese,-0.0016548497359189368,-0.019140233357826362
부산광역시 연제구,share_change_western,0.0028389711355175234,-0.26273534147555033
부산광역시 연제구,share_change_bakery,-0.0018433558156020075,0.009805689533564596
부산광역시 연제구,share_change_supermarket,0.009257070329155265,-0.049761096828937784
부산광역시 연제구,share_change_convenience,0.003213844229882551,-0.12646243405377197
부산광역시 영도구,amount_growth,0.2948843578291742,-1.0408050890042557
부산광역시 영도구,count_growth,0.30979764820786304,-0.39304834045639964
부산광역시 영도구,ticket_growth,-0.011385949882482982,0.2204925576669916
부산광역시 영도구,concentration,0.27886411408537687,0.09684196693196238
부산광역시 영도구,q,2.0,-0.07081147702910696
부산광역시 영도구,share_korean,0.45172449642972995,-0.0789912350613793
부산광역시 영도구,share_chinese,0.028960617041184716,0.037028522274317695
부산광역시 영도구,share_japanese,0.029196656890422626,-0.019547953427204202
부산광역시 영도구,share_western,0.11488492276499489,-0.1290731119939092
부산광역시 영도구,share_bakery,0.03407674730840949,0.05488441128165026
부산광역시 영도구,share_supermarket,0.18737503608643252,0.00032973813511792975
부산광역시 영도구,share_convenience,0.1537815234788258,0.013266019639331926
부산광역시 영도구,share_change_korean,-0.01073672025417377,-0.19213517268879649
부산광역시 영도구,share_change_chinese,-0.0023999912429893827,-0.03749339443635902
부산광역시 영도구,share_change_japanese,0.002096002268491347,0.026841721490580894
부산광역시 영도구,share_change_western,-0.0060970679096759295,0.5644757206855181
부산광역시 영도구,share_change_bakery,0.001599872853687026,-0.01368304093777475
부산광역시 영도구,share_change_supermarket,0.01511124598145036,-0.07194359285363629
부산광역시 영도구,share_change_convenience,0.0004266583032103144,-0.04114257810047255
부산광역시 중구,amount_growth,0.14350036611766903,-0.4727984283322827
부산광역시 중구,count_growth,0.1945703967701642,-0.24294066142360948
부산광역시 중구,ticket_growth,-0.042751796621259275,0.5345252537523222
부산광역시 중구,concentration,0.3402330388056432,-0.007304521123249476
부산광역시 중구,q,2.0,-0.07081147702910696
부산광역시 중구,share_korean,0.5403357817894017,0.039608261029225635
부산광역시 중구,share_chinese,0.032312048558834294,0.01622456532956767
부산광역시 중구,share_japanese,0.06173493837119267,0.16891231613132363
부산광역시 중구,share_western,0.1593567294037021,-0.20296726158580158
부산광역시 중구,share_bakery,0.030057734639392285,0.09346407651891295
부산광역시 중구,share_supermarket,0.05987667443558833,-0.06799864051797525
부산광역시 중구,share_convenience,0.11632609280188862,0.13101905791495608
부산광역시 중구,share_change_korean,0.006292388613065469,0.010419092718973797
부산광역시 중구,share_change_chinese,-0.0020508419466374883,-0.03173923589177554
부산광역시 중구,share_change_japanese,-0.0032282852107072477,-0.03842908796300113
부산광역시 중구,share_change_western,-0.007345765857488362,0.6800679590927426
부산광역시 중구,share_change_bakery,-0.0005044881592119153,0.0006723136999362765
부산광역시 중구,share_change_supermarket,0.004111717909055249,-0.030264456074778883
부산광역시 중구,share_change_convenience,0.002725274651924306,-0.1115066015003509
부산광역시 해운대구,amount_growth,0.14403503858807531,-0.474804568618552
부산광역시 해운대구,count_growth,0.1931966578762303,-0.24115107819227652
부산광역시 해운대구,ticket_growth,-0.041201606594890694,0.5190048580340298
부산광역시 해운대구,concentration,0.29331954305330815,0.07231029773286932
부산광역시 해운대구,q,2.0,-0.07081147702910696
부산광역시 해운대구,share_korean,0.4796639259279092,-0.04159642416237039
부산광역시 해운대구,share_chinese,0.02515029308156574,0.06068104663115014
부산광역시 해운대구,share_japanese,0.03451363020852361,0.011247717983930747
부산광역시 해운대구,share_western,0.14461662520233726,-0.17847517216599118
부산광역시 해운대구,share_bakery,0.03731037867354329,0.02384384837691048
부산광역시 해운대구,share_supermarket,0.12790801500233645,-0.0315395743908967
부산광역시 해운대구,share_convenience,0.15083713190378448,0.022522649387491482
부산광역시 해운대구,share_change_korean,-0.008472511753269463,-0.16520334124616542
부산광역시 해운대구,share_change_chinese,-0.0022378250383225523,-0.034820812644053616
부산광역시 해운대구,share_change_japanese,-0.003595074273873504,-0.04292558052564279
부산광역시 해운대구,share_change_western,-0.003839580183878477,0.35549959490673255
부산광역시 해운대구,share_change_bakery,-0.0001579574974887657,-0.0016916202977876127
부산광역시 해운대구,share_change_supermarket,0.013159415393075802,-0.06454776518479456
부산광역시 해운대구,share_change_convenience,0.005143533353756974,-0.18553305309933646
서울특별시 강남구,amount_growth,-0.01059531077820175,0.10538272456275481
서울특별시 강남구,count_growth,0.03048878589709436,-0.029189925614078672
서울특별시 강남구,ticket_growth,-0.03986855290184477,0.505658416321803
서울특별시 강남구,concentration,0.26017943583491676,0.12855090804665648
서울특별시 강남구,q,2.0,-0.07081147702910696
서울특별시 강남구,share_korean,0.35327010416618587,-0.2107649844542223
서울특별시 강남구,share_chinese,0.04184440673719516,-0.04294739390044944
서울특별시 강남구,share_japanese,0.05970967700622672,0.15718209297883395
서울특별시 강남구,share_western,0.33169185230220266,-0.4893185100263156
서울특별시 강남구,share_bakery,0.028910665652423864,0.10447512355104616
서울특별시 강남구,share_supermarket,0.059313115957636095,-0.06830066037592554
서울특별시 강남구,share_convenience,0.12526017817812962,0.10293192399998095
서울특별시 강남구,share_change_korean,0.006404103507022141,0.011747895562206137
서울특별시 강남구,share_change_chinese,-0.004347996516634589,-0.06959751524473085
서울특별시 강남구,share_change_japanese,-0.0017730348684714473,-0.020589073094076354
서울특별시 강남구,share_change_western,-0.0075013359276339675,0.6944691140468313
서울특별시 강남구,share_change_bakery,-0.0005763624325305569,0.0011626196296187045
서울특별시 강남구,share_change_supermarket,-0.0010531084106846292,-0.010694025306960715
서울특별시 강남구,share_change_convenience,0.00884773464893307,-0.2989240966971305
서울특별시 강동구,amount_growth,0.029697996263758908,-0.0458014694962209
서울특별시 강동구,count_growth,0.08004682205816516,-0.09374966901456733
서울특별시 강동구,ticket_growth,-0.04661726210948902,0.5732260278459771
서울특별시 강동구,concentration,0.23837823155108526,0.16554876766184182
서울특별시 강동구,q,2.0,-0.07081147702910696
서울특별시 강동구,share_korean,0.3961498734580008,-0.15337365997621016
서울특별시 강동구,share_chinese,0.03175482715094952,0.019683508207343596
서울특별시 강동구,share_japanese,0.04893838858147286,0.09479527266622896
서울특별시 강동구,share_western,0.1522803160228279,-0.19120912562365108
서울특별시 강동구,share_bakery,0.0478496323067373,-0.07732549606276705
서울특별시 강동구,share_supermarket,0.14758360002149584,-0.02099511871316879
서울특별시 강동구,share_convenience,0.17544336245851577,-0.054834848736650746
서울특별시 강동구,share_change_korean,0.002265762285768802,-0.03747597590474281
서울특별시 강동구,share_change_chinese,-0.001467871330045209,-0.022131582690823128
서울특별시 강동구,share_change_japanese,-0.0020004100482090142,-0.023376481191236153
서울특별시 강동구,share_change_western,0.011826193903300863,-1.0946844918784904
서울특별시 강동구,share_change_bakery,-0.0033525549737040763,0.02010101861478748
서울특별시 강동구,share_change_supermarket,-0.01222316115863345,0.03163125930931255
서울특별시 강동구,share_change_convenience,0.004952041321522077,-0.17967120066597803
서울특별시 강북구,amount_growth,0.029180763634933715,-0.04386076509961953
서울특별시 강북구,count_growth,0.08626372899231316,-0.10184849510825734
서울특별시 강북구,ticket_growth,-0.05254982177333045,0.632622406379576
서울특별시 강북구,concentration,0.2674975134607352,0.11613172215545052
서울특별시 강북구,q,2.0,-0.07081147702910696
서울특별시 강북구,share_korean,0.4261692235416093,-0.11319503285854325
서울특별시 강북구,share_chinese,0.026612059956529408,0.051607152395252584
서울특별시 강북구,share_japanese,0.03520622856386574,0.01525921664960893
서울특별시 강북구,share_western,0.1069116164171025,-0.11582470279840029
서울특별시 강북구,share_bakery,0.02754431497137366,0.11759111899888164
서울특별시 강북구,share_supermarket,0.20404861541790853,0.009265371717480417
서울특별시 강북구,share_convenience,0.17350794113161086,-0.04875023730734413
서울특별시 강북구,share_change_korean,0.011217707675147126,0.06900374281996151
서울특별시 강북구,share_change_chinese,-0.0018159216407337732,-0.02786762939095754
서울특별시 강북구,share_change_japanese,0.0011684007159635731,0.015470189727799295
서울특별시 강북구,share_change_western,0.0064600415675094836,-0.5979386125287669
서울특별시 강북구,share_change_bakery,-0.002703178245566297,0.015671154552132006
서울특별시 강북구,share_change_supermarket,-0.01771505883792096,0.052441020695800096
서울특별시 강북구,share_change_convenience,0.0033880087656008584,-0.13179386636241633
서울특별시 강서구,amount_growth,0.023057137846597575,-0.020884357912087023
서울특별시 강서구,count_growth,0.06733890131001385,-0.0771949350862916
서울특별시 강서구,ticket_growth,-0.04148800667629238,0.5218722759128032
서울특별시 강서구,concentration,0.24590853410145708,0.15276942423698564
서울특별시 강서구,q,2.0,-0.07081147702910696
서울특별시 강서구,share_korean,0.40461326803414877,-0.14204604715722347
서울특별시 강서구,share_chinese,0.035966558504839985,-0.006460746057664008
서울특별시 강서구,share_japanese,0.04465659201998084,0.06999529868326165
서울특별시 강서구,share_western,0.15509863126932802,-0.19589202528891292
서울특별시 강서구,share_bakery,0.03962519419290982,0.001623264572426107
서울특별시 강서구,share_supermarket,0.12784559671743354,-0.03157302533215195
서울특별시 강서구,share_convenience,0.19219415926135905,-0.10749629679435332
서울특별시 강서구,share_change_korean,0.00183318086921741,-0.04262135442934585
서울특별시 강서구,share_change_chinese,-0.0025185123897372153,-0.0394466834058591
서울특별시 강서구,share_change_japanese,-0.0005831115413106602,-0.006001720503721022
서울특별시 강서구,share_change_western,0.005689202907600055,-0.5265819114900139
서울특별시 강서구,share_change_bakery,-0.0021678572941550844,0.012019346684850503
서울특별시 강서구,share_change_supermarket,-0.007073960832855164,0.012120038167156887
서울특별시 강서구,share_change_convenience,0.004821058281240714,-0.17566161737187966
서울특별시 관악구,amount_growth,0.031873959199534285,-0.053965882568715026
서울특별시 관악구,count_growth,0.09784840810465334,-0.11693997105857318
서울특별시 관악구,ticket_growth,-0.06009431577080726,0.708157360380938
서울특별시 관악구,concentration,0.23122611284458378,0.1776863120107349
서울특별시 관악구,q,2.0,-0.07081147702910696
서울특별시 관악구,share_korean,0.3688498430333892,-0.18991268362850305
서울특별시 관악구,share_chinese,0.03806842103691583,-0.019508023733131995
서울특별시 관악구,share_japanese,0.04625741821585531,0.07926721233884773
서울특별시 관악구,share_western,0.12571591370762109,-0.14706983678282862
서울특별시 관악구,share_bakery,0.036232562461258944,0.034190117991281396
서울특별시 관악구,share_supermarket,0.1782084359914699,-0.0045827871251306876
서울특별시 관악구,share_convenience,0.20666740555348975,-0.1529975417088642
서울특별시 관악구,share_change_korean,0.0010827039451104525,-0.05154796963000444
서울특별시 관악구,share_change_chinese,-0.001170073700086538,-0.01722372580871632
서울특별시 관악구,share_change_japanese,-0.0015575986000728112,-0.017948024938999146
서울특별시 관악구,share_change_western,0.008562833300732903,-0.7925944969028265
서울특별시 관악구,share_change_bakery,-0.00143634898741931,0.0070292042619221244
서울특별시 관악구,share_change_supermarket,-0.013071568242417592,0.03484602222063544
서울특별시 관악구,share_change_convenience,0.007590052284152882,-0.2604245918125863
서울특별시 광진구,amount_growth,0.049610914684939944,-0.12051657093312433
서울특별시 광진구,count_growth,0.12980091582678188,-0.15856481859769284
서울특별시 광진구,ticket_growth,-0.07097710757577091,0.8171151219842011
서울특별시 광진구,concentration,0.23717932358630958,0.16758338134624248
서울특별시 광진구,q,2.0,-0.07081147702910696
서울특별시 광진구,share_korean,0.398076133770747,-0.15079550639787367
서울특별시 광진구,share_chinese,0.06348771031890753,-0.17729785085738536
서울특별시 광진구,share_japanese,0.05093854182217544,0.1063800706871062
서울특별시 광진구,share_western,0.16599854204673184,-0.214003266958657
서울특별시 광진구,share_bakery,0.030011755943779393,0.0939054393189026
서울특별시 광진구,share_supermarket,0.12175781092433655,-0.03483556555183562
서울특별시 광진구,share_convenience,0.1697295051733222,-0.036871524234841226
서울특별시 광진구,share_change_korean,-0.002438951155413316,-0.09343661262754983
서울특별시 광진구,share_change_chinese,-0.0050103791180104995,-0.08051391847198867
서울특별시 광진구,share_change_japanese,0.00044572806655773095,0.0066108956004686855
서울특별시 광진구,share_change_western,0.007366482953165193,-0.681848087143062
서울특별시 광진구,share_change_bakery,-0.0015611473853732287,0.007880543575787624
서울특별시 광진구,share_change_supermarket,-0.010901109317811408,0.02662177352594987
서울특별시 광진구,share_change_convenience,0.012099375956885483,-0.3984616142166507
서울특별시 구로구,amount_growth,0.03954038561794415,-0.08273101962169335
서울특별시 구로구,count_growth,0.09456899119274387,-0.11266784224281494
서울특별시 구로구,ticket_growth,-0.05027422302073015,0.6098392684831568
서울특별시 구로구,concentration,0.23504925187741382,0.1711982318393618
서울특별시 구로구,q,2.0,-0.07081147702910696
서울특별시 구로구,share_korean,0.37563959997936175,-0.1808251080550139
서울특별시 구로구,share_chinese,0.05820527949668373,-0.14450724695859643
서울특별시 구로구,share_japanese,0.03038480093426216,-0.012666276319926966
서울특별시 구로구,share_western,0.11311807587286438,-0.12613732731545577
서울특별시 구로구,share_bakery,0.034046483838826525,0.05517491908084921
서울특별시 구로구,share_supermarket,0.20354873467263784,0.008997477758671891
서울특별시 구로구,share_convenience,0.18505702520536363,-0.08505844987910295
서울특별시 구로구,share_change_korean,-0.0009583586906558028,-0.07582557253113063
서울특별시 구로구,share_change_chinese,-0.0008186503870164785,-0.011432090308383328
서울특별시 구로구,share_change_japanese,6.80913381412955e-05,0.0019814207572257446
서울특별시 구로구,share_change_western,0.006938947559918876,-0.6422710435591975
서울특별시 구로구,share_change_bakery,-0.0025919374591915414,0.014912301423415467
서울특별시 구로구,share_change_supermarket,-0.008883401519542533,0.018976325580335966
서울특별시 구로구,share_change_convenience,0.006245309158346174,-0.21926002912946319
서울특별시 금천구,amount_growth,0.011695047408669001,0.021747250456384086
서울특별시 금천구,count_growth,0.07225220008887945,-0.08359553795486666
서울특별시 금천구,ticket_growth,-0.056476594475805886,0.6719369840774951
서울특별시 금천구,concentration,0.23884108490179456,0.16476327971039587
서울특별시 금천구,q,2.0,-0.07081147702910696
서울특별시 금천구,share_korean,0.37199340557144667,-0.18570526319182132
서울특별시 금천구,share_chinese,0.048668524591569985,-0.08530799511836692
서울특별시 금천구,share_japanese,0.02421663592248177,-0.048392011911974654
서울특별시 금천구,share_western,0.11920789665052775,-0.13625614554086152
서울특별시 금천구,share_bakery,0.03056723480613397,0.08857323702921548
서울특별시 금천구,share_supermarket,0.19244501732844776,0.003046820877068625
서울특별시 금천구,share_convenience,0.21290128512939208,-0.1725957213864202
서울특별시 금천구,share_change_korean,7.08783652297873e-05,-0.0635832198977271
서울특별시 금천구,share_change_chinese,-0.001187123479791559,-0.017504714877283806
서울특별시 금천구,share_change_japanese,0.0018411572802452258,0.023717559105848683
서울특별시 금천구,share_change_western,0.005215118585574954,-0.482695823527223
서울특별시 금천구,share_change_bakery,-0.00154130743152546,0.007745201031549842
서울특별시 금천구,share_change_supermarket,-0.012924576911854502,0.034289046345713996
서울특별시 금천구,share_change_convenience,0.008525853592121518,-0.28907084466308103
서울특별시 노원구,amount_growth,0.03435675946540795,-0.06328157752556302
서울특별시 노원구,count_growth,0.11499361148580123,-0.13927519691858395
서울특별시 노원구,ticket_growth,-0.07232046102303613,0.8305646841259013
서울특별시 노원구,concentration,0.23892704067842024,0.16461740796334431
서울특별시 노원구,q,2.0,-0.07081147702910696
서울특별시 노원구,share_korean,0.38730898310288214,-0.16520652231257527
서울특별시 노원구,share_chinese,0.029331491609375093,0.03472632439024859
서울특별시 노원구,share_japanese,0.04370140898269233,0.06446292129598281
서울특별시 노원구,share_western,0.1450882216491671,-0.17925877465536516
서울특별시 노원구,share_bakery,0.038247172067227185,0.014851297593625246
서울특별시 노원구,share_supermarket,0.18688670341295233,6.803296973229096e-05
서울특별시 노원구,share_convenience,0.16943601917570383,-0.03594885782075047
서울특별시 노원구,share_change_korean,0.0052580997009856745,-0.0018833496718175461
서울특별시 노원구,share_change_chinese,-0.0033077483788193224,-0.052453695184833164
서울특별시 노원구,share_change_japanese,0.001839230955664517,0.02369394415922072
서울특별시 노원구,share_change_western,0.00817856293774552,-0.7570225065034795
서울특별시 노원구,share_change_bakery,-0.0017238471508248879,0.008990435280782416
서울특별시 노원구,share_change_supermarket,-0.01806668881777282,0.053773408224549894
서울특별시 노원구,share_change_convenience,0.007822390753021352,-0.2675368136800151
서울특별시 도봉구,amount_growth,0.06674380422106774,-0.18480074829596851
서울특별시 도봉구,count_growth,0.09600277803327506,-0.11453565052752666
서울특별시 도봉구,ticket_growth,-0.026696076322645146,0.37377648854419143
서울특별시 도봉구,concentration,0.25856857822857104,0.13128462324897822
서울특별시 도봉구,q,2.0,-0.07081147702910696
서울특별시 도봉구,share_korean,0.41655254457678,-0.12606622950877208
서울특별시 도봉구,share_chinese,0.02539287699144064,0.059175210933792424
서울특별시 도봉구,share_japanese,0.03681444358462977,0.024573926048148752
서울특별시 도봉구,share_western,0.11511806448935552,-0.1294604992119725
서울특별시 도봉구,share_bakery,0.036080481908495644,0.03564998321139794
서울특별시 도봉구,share_supermarket,0.18908870764971963,0.0012481216966571662
서울특별시 도봉구,share_convenience,0.18095288079957883,-0.07215576889082537
서울특별시 도봉구,share_change_korean,0.020073905762383604,0.17434458665688896
서울특별시 도봉구,share_change_chinese,-0.0010034436687364617,-0.014477577875166143
서울특별시 도봉구,share_change_japanese,-0.0012097991920791418,-0.013684327876074891
서울특별시 도봉구,share_change_western,0.00844038561218434,-0.7812594879585777
서울특별시 도봉구,share_change_bakery,-0.0035986304946068123,0.021779676102055747
서울특별시 도봉구,share_change_supermarket,-0.022084461675169087,0.06899745268969906
서울특별시 도봉구,share_change_convenience,-0.0006179563439764335,-0.009165389075593784
서울특별시 동대문구,amount_growth,0.052466581057831974,-0.1312312938184264
서울특별시 동대문구,count_growth,0.1362923579888209,-0.16702128444549727
서울특별시 동대문구,ticket_growth,-0.07377131100252776,0.8450904941405197
서울특별시 동대문구,concentration,0.2626805395395099,0.12430639556281238
서울특별시 동대문구,q,2.0,-0.07081147702910696
서울특별시 동대문구,share_korean,0.42860672822758134,-0.10993261739643397
서울특별시 동대문구,share_chinese,0.03715174027970237,-0.013817742757758144
서울특별시 동대문구,share_japanese,0.03352865144334339,0.005542765074693775
서울특별시 동대문구,share_western,0.13304610081861268,-0.15924964200901717
서울특별시 동대문구,share_bakery,0.036553209823352,0.031112131205092312
서울특별시 동대문구,share_supermarket,0.12938435203838047,-0.03074838213781779
서울특별시 동대문구,share_convenience,0.2017292173690278,-0.13747277929690163
서울특별시 동대문구,share_change_korean,0.008781918316696058,0.04003102745149685
서울특별시 동대문구,share_change_chinese,-0.00012486931631429388,1.7757132962162506e-06
서울특별시 동대문구,share_change_japanese,0.0007248134092451217,0.010032222171395728
서울특별시 동대문구,share_change_western,0.011007920977801969,-1.0189367906412548
서울특별시 동대문구,share_change_bakery,-0.0009993938968821184,0.004048420429221576
서울특별시 동대문구,share_change_supermarket,-0.025626546788203308,0.08241903304631536
서울특별시 동대문구,share_change_convenience,0.006236157297656586,-0.21897987722848378
서울특별시 동작구,amount_growth,0.0573777072417303,-0.14965829096863287
서울특별시 동작구,count_growth,0.1341765492366065,-0.16426499947723272
서울특별시 동작구,ticket_growth,-0.06771330446443102,0.784438150146592
서울특별시 동작구,concentration,0.23961492991886837,0.16345002155580665
서울특별시 동작구,q,2.0,-0.07081147702910696
서울특별시 동작구,share_korean,0.39746413958897864,-0.1516146142719272
서울특별시 동작구,share_chinese,0.03347650512657932,0.00899622001747591
서울특별시 동작구,share_japanese,0.05951040677248507,0.1560279287065709
서울특별시 동작구,share_western,0.14771492488006305,-0.1836232926758315
서울특별시 동작구,share_bakery,0.039826212707158706,-0.0003063702968539365
서울특별시 동작구,share_supermarket,0.1316382677989675,-0.029540473208263748
서울특별시 동작구,share_convenience,0.19036954312576776,-0.10176003666412614
서울특별시 동작구,share_change_korean,-0.008510334514278683,-0.16565322747518915
서울특별시 동작구,share_change_chinese,-0.0013029944042141847,-0.01941432683068513
서울특별시 동작구,share_change_japanese,-0.0007295930148434326,-0.007797447046435167
서울특별시 동작구,share_change_western,0.011932147549781558,-1.1044926437903015
서울특별시 동작구,share_change_bakery,-0.001111721774069048,0.004814689383472091
서울특별시 동작구,share_change_supermarket,-0.009727668075258572,0.02217539930621823
서울특별시 동작구,share_change_convenience,0.009450164232882419,-0.31736535130906546
서울특별시 마포구,amount_growth,0.020913245820618487,-0.012840277842918753
서울특별시 마포구,count_growth,0.09820945102654699,-0.11741030524046568
서울특별시 마포구,ticket_growth,-0.07038384629969818,0.8111754309706048
서울특별시 마포구,concentration,0.24163573174388076,0.16002060815008176
서울특별시 마포구,q,2.0,-0.07081147702910696
서울특별시 마포구,share_korean,0.3816106492045525,-0.17283331077585923
서울특별시 마포구,share_chinese,0.04616627926281492,-0.06977534770770746
서울특별시 마포구,share_japanese,0.08450276366191743,0.3007825408722127
서울특별시 마포구,share_western,0.2453046534863915,-0.3457779373668717
서울특별시 마포구,share_bakery,0.0317896375395844,0.0768390395719169
서울특별시 마포구,share_supermarket,0.06426189280312176,-0.06564853297766131
서울특별시 마포구,share_convenience,0.14636412404161747,0.03658496976351205
서울특별시 마포구,share_change_korean,-0.004761829018700592,-0.121066292072215
서울특별시 마포구,share_change_chinese,-0.004301664643768875,-0.06883394234075424
서울특별시 마포구,share_change_japanese,-0.0029962181059911414,-0.03558416123213847
서울특별시 마포구,share_change_western,0.006736665576077522,-0.6235457566772586
서울특별시 마포구,share_change_bakery,-0.002568163648100301,0.014750123219574598
서울특별시 마포구,share_change_supermarket,-0.0014084743012516276,-0.009347481758728534
서울특별시 마포구,share_change_convenience,0.009299684141735015,-0.3127589346442594
서울특별시 서대문구,amount_growth,0.052512431799972115,-0.13140333002012722
서울특별시 서대문구,count_growth,0.1401028345697839,-0.17198522993964468
서울특별시 서대문구,ticket_growth,-0.07682675642400638,0.8756814031454505
서울특별시 서대문구,concentration,0.21604750006438214,0.20344526447427572
서울특별시 서대문구,q,2.0,-0.07081147702910696
서울특별시 서대문구,share_korean,0.34482542473235217,-0.2220675484722721
서울특별시 서대문구,share_chinese,0.05026880583548821,-0.09524171505942491
서울특별시 서대문구,share_japanese,0.039898710698663575,0.04243786308627525
서울특별시 서대문구,share_western,0.18336193077003632,-0.2428541938878387
서울특별시 서대문구,share_bakery,0.04570882371895567,-0.056775255131610934
서울특별시 서대문구,share_supermarket,0.1469137928256684,-0.021354078931233367
서울특별시 서대문구,share_convenience,0.18902251141883564,-0.09752521481644881
서울특별시 서대문구,share_change_korean,0.0017485489401296017,-0.0436280165136668
서울특별시 서대문구,share_change_chinese,-0.0016464120442592906,-0.02507402475496398
서울특별시 서대문구,share_change_japanese,0.0017996950682981905,0.023209270974133018
서울특별시 서대문구,share_change_western,0.017106477947286453,-1.5834815249316176
서울특별시 서대문구,share_change_bakery,-0.0007056141262837892,0.0020443380657516846
서울특별시 서대문구,share_change_supermarket,-0.026344218425481514,0.08513841647218189
서울특별시 서대문구,share_change_convenience,0.008041522640310328,-0.27424476268311315
서울특별시 서초구,amount_growth,0.03516879227011893,-0.0663283992967776
서울특별시 서초구,count_growth,0.0889657297470754,-0.10536841819052839
서울특별시 서초구,ticket_growth,-0.04940186454669393,0.6011052755565192
서울특별시 서초구,concentration,0.2801252737093729,0.094701708709826
서울특별시 서초구,q,2.0,-0.07081147702910696
서울특별시 서초구,share_korean,0.4410828546805884,-0.09323426679150391
서울특별시 서초구,share_chinese,0.0562992815117461,-0.1326757952918676
서울특별시 서초구,share_japanese,0.051775829396226,0.11122960282963283
서울특별시 서초구,share_western,0.2366392918800851,-0.33137961233352514
서울특별시 서초구,share_bakery,0.0401708687827668,-0.0036148236693586138
서울특별시 서초구,share_supermarket,0.02800134669823055,-0.08508113032513119
서울특별시 서초구,share_convenience,0.14603052705035707,0.03763373782118936
서울특별시 서초구,share_change_korean,-0.002791687393123854,-0.0976322654987116
서울특별시 서초구,share_change_chinese,-0.00567621142615525,-0.09148717462688417
서울특별시 서초구,share_change_japanese,-0.003292208416316701,-0.03921272697372277
서울특별시 서초구,share_change_western,0.007167652354535148,-0.6634422957346919
서울특별시 서초구,share_change_bakery,-0.0024374910939240005,0.013858712076183308
서울특별시 서초구,share_change_supermarket,-0.003311097795552751,-0.0021381083805507867
서울특별시 서초구,share_change_convenience,0.010341043770537434,-0.3446364827743494
서울특별시 성동구,amount_growth,0.06279130334154615,-0.1699706014587883
서울특별시 성동구,count_growth,0.1349617434578032,-0.16528787974785625
서울특별시 성동구,ticket_growth,-0.06358843417609894,0.7431402330702512
서울특별시 성동구,concentration,0.23319790829474116,0.1743400651564321
서울특별시 성동구,q,2.0,-0.07081147702910696
서울특별시 성동구,share_korean,0.36213893324734436,-0.1988947282484839
서울특별시 성동구,share_chinese,0.03214396714513177,0.017267927986827747
서울특별시 성동구,share_japanese,0.055061375548127116,0.1302593390435816
서울특별시 성동구,share_western,0.24094696967047438,-0.33853722995906244
서울특별시 성동구,share_bakery,0.03969924384280156,0.0009124405618965948
서울특별시 성동구,share_supermarket,0.10414805768254641,-0.044272909466792534
서울특별시 성동구,share_convenience,0.16586145286357437,-0.024711073708709484
서울특별시 성동구,share_change_korean,-0.0024223743588245306,-0.0932394384311763
서울특별시 성동구,share_change_chinese,-0.0008854240595361704,-0.012532554500340791
서울특별시 성동구,share_change_japanese,0.0015548570686323704,0.02020778495640406
서울특별시 성동구,share_change_western,0.011220591926006301,-1.0386237861954577
서울특별시 성동구,share_change_bakery,-0.0034606705872096896,0.02083855269959202
서울특별시 성동구,share_change_supermarket,-0.012772731101669377,0.03371367599797287
서울특별시 성동구,share_change_convenience,0.006765751112601082,-0.23519152194598245
서울특별시 성북구,amount_growth,0.08854310397598009,-0.26659372599979325
서울특별시 성북구,count_growth,0.17121126118484042,-0.2125104846800373
서울특별시 성북구,ticket_growth,-0.07058347195640013,0.8131740692890285
서울특별시 성북구,concentration,0.22856648627695977,0.18219984663463396
서울특별시 성북구,q,2.0,-0.07081147702910696
서울특별시 성북구,share_korean,0.358070068209705,-0.2043405960199081
서울특별시 성북구,share_chinese,0.033776894619278484,0.007131557099597922
서울특별시 성북구,share_japanese,0.035371051023145576,0.01621386095445753
서울특별시 성북구,share_western,0.15523538755262767,-0.19611925890093757
서울특별시 성북구,share_bakery,0.03732335677667429,0.023719267810626492
서울특별시 성북구,share_supermarket,0.19971389536507725,0.006942327018787611
서울특별시 성북구,share_convenience,0.18050934645349176,-0.0707613778535998
서울특별시 성북구,share_change_korean,0.008918931591771817,0.0416607441618923
서울특별시 성북구,share_change_chinese,-0.002487203346720819,-0.038930694402650706
서울특별시 성북구,share_change_japanese,0.0003671022379364078,0.005647016114598993
서울특별시 성북구,share_change_western,0.015511862727463022,-1.4358676500305385
서울특별시 성북구,share_change_bakery,-0.0023263102107789063,0.013100267590328169
서울특별시 성북구,share_change_supermarket,-0.028552482560260106,0.0935059157241058
서울특별시 성북구,share_change_convenience,0.008568099560588627,-0.2903640558226698
서울특별시 송파구,amount_growth,0.09490930761371397,-0.29048030758972876
서울특별시 송파구,count_growth,0.1514594095772499,-0.18677955241859595
서울특별시 송파구,ticket_growth,-0.04911167644571868,0.5981999322868128
서울특별시 송파구,concentration,0.2430994618898691,0.15753657645390823
서울특별시 송파구,q,2.0,-0.07081147702910696
서울특별시 송파구,share_korean,0.3971786494565816,-0.1519967211977403
서울특별시 송파구,share_chinese,0.03782784934279275,-0.0180146788325111
서울특별시 송파구,share_japanese,0.05204068047266434,0.11276360840666168
서울특별시 송파구,share_western,0.20063163349261856,-0.2715494525886464
서울특별시 송파구,share_bakery,0.03412240826252659,0.05444609857419553
서울특별시 송파구,share_supermarket,0.11570353214774544,-0.03808014883402058
서울특별시 송파구,share_convenience,0.16249524682507072,-0.014128336270327125
서울특별시 송파구,share_change_korean,-0.005735546262157831,-0.13264825930849206
서울특별시 송파구,share_change_chinese,-0.005815084076046591,-0.09377586675180206
서울특별시 송파구,share_change_japanese,-0.00167276131801182,-0.01935981268489394
서울특별시 송파구,share_change_western,0.025340474790970985,-2.3457043890493416
서울특별시 송파구,share_change_bakery,-0.001659023912394371,0.008548229513458757
서울특별시 송파구,share_change_supermarket,-0.015776766119997607,0.04509649038721935
서울특별시 송파구,share_change_convenience,0.005318706897637221,-0.19089537263018175
서울특별시 양천구,amount_growth,0.028385110528899027,-0.040875401464385834
서울특별시 양천구,count_growth,0.07818289303708315,-0.09132151026092597
서울특별시 양천구,ticket_growth,-0.04618676741189154,0.5689159445996081
서울특별시 양천구,concentration,0.2317943927396783,0.17672190933338222
서울특별시 양천구,q,2.0,-0.07081147702910696
서울특별시 양천구,share_korean,0.3632168762692679,-0.1974519831320396
서울특별시 양천구,share_chinese,0.03216657788727236,0.017127572170662478
서울특별시 양천구,share_japanese,0.029482908579418717,-0.017889996460372086
서울특별시 양천구,share_western,0.1382768543795985,-0.1679410380940458
서울특별시 양천구,share_bakery,0.051648279621799784,-0.11378981051972405
서울특별시 양천구,share_supermarket,0.22409340979458667,0.02000769250073723
서울특별시 양천구,share_convenience,0.16111509346805605,-0.009789385999629871
서울특별시 양천구,share_change_korean,0.008589026116203213,0.03773665384226578
서울특별시 양천구,share_change_chinese,-0.002038869852064265,-0.03154192966488387
서울특별시 양천구,share_change_japanese,0.0002977691628165795,0.004797057138368362
서울특별시 양천구,share_change_western,0.011146620322333961,-1.0317762188858155
서울특별시 양천구,share_change_bakery,-0.002259384045092905,0.012643716249053678
서울특별시 양천구,share_change_supermarket,-0.02068199500103951,0.06368326103037382
서울특별시 양천구,share_change_convenience,0.004946833296842923,-0.17951177537928495
서울특별시 영등포구,amount_growth,0.04203246317059617,-0.09208152381182613
서울특별시 영등포구,count_growth,0.10795566094134945,-0.13010678920084523
서울특별시 영등포구,ticket_growth,-0.05949985192976337,0.7022056293697209
서울특별시 영등포구,concentration,0.2539426414250818,0.13913509601259266
서울특별시 영등포구,q,2.0,-0.07081147702910696
서울특별시 영등포구,share_korean,0.42929661132037533,-0.10900926111247203
서울특별시 영등포구,share_chinese,0.08172029268700162,-0.2904763110407088
서울특별시 영등포구,share_japanese,0.0550510066399043,0.1301992827913836
서울특별시 영등포구,share_western,0.1671897090862072,-0.21598250463881263
서울특별시 영등포구,share_bakery,0.02689487622677165,0.12382526937914914
서울특별시 영등포구,share_supermarket,0.08457480877980973,-0.054762521609103366
서울특별시 영등포구,share_convenience,0.15527269525993015,0.008578047704623126
서울특별시 영등포구,share_change_korean,0.003202023390764086,-0.02633953407266167
서울특별시 영등포구,share_change_chinese,-0.005750315132539999,-0.09270844151682041
서울특별시 영등포구,share_change_japanese,-0.0005461962083274721,-0.005549172876554978
서울특별시 영등포구,share_change_western,0.002396866542292403,-0.2218096239066739
서울특별시 영등포구,share_change_bakery,-0.0013392083432213174,0.006366538308385541
서울특별시 영등포구,share_change_supermarket,-0.008587310962418646,0.01785438664367689
서울특별시 영등포구,share_change_convenience,0.010624140713450914,-0.353302496103082
서울특별시 용산구,amount_growth,0.03336291917240297,-0.05955259733625209
서울특별시 용산구,count_growth,0.08669414145353715,-0.10240919767449061
서울특별시 용산구,ticket_growth,-0.04907657108540198,0.5978484598384803
서울특별시 용산구,concentration,0.23039371605428258,0.17909893579017147
서울특별시 용산구,q,2.0,-0.07081147702910696
서울특별시 용산구,share_korean,0.30980121157149343,-0.26894480586660235
서울특별시 용산구,share_chinese,0.10308986459276478,-0.4231275830461183
서울특별시 용산구,share_japanese,0.04661180284861676,0.08131979226557479
서울특별시 용산구,share_western,0.3065107829001124,-0.44747776079841395
서울특별시 용산구,share_bakery,0.027316644376781822,0.11977659489733644
서울특별시 용산구,share_supermarket,0.050583047011997395,-0.0729792417228668
서울특별시 용산구,share_convenience,0.15608664669823338,0.0060191329321376535
서울특별시 용산구,share_change_korean,-0.00016846170659401416,-0.06643007188562988
서울특별시 용산구,share_change_chinese,-0.015175816489453542,-0.24804551289732507
서울특별시 용산구,share_change_japanese,0.00018368066751209278,0.0033984383622488764
서울특별시 용산구,share_change_western,0.018627519814593874,-1.7242846987185099
서울특별시 용산구,share_change_bakery,-0.0025169389890501714,0.014400683108133151
서울특별시 용산구,share_change_supermarket,-0.005842540830300683,0.007453972279521639
서울특별시 용산구,share_change_convenience,0.004892557533292458,-0.17785031451886435
서울특별시 은평구,amount_growth,0.049132049578166415,-0.11871982500817137
서울특별시 은평구,count_growth,0.09120825200149274,-0.10828977409019568
서울특별시 은평구,ticket_growth,-0.038559278071944814,0.49255004694875976
서울특별시 은평구,concentration,0.2361528876540285,0.16932530037200388
서울특별시 은평구,q,2.0,-0.07081147702910696
서울특별시 은평구,share_korean,0.37500951413217787,-0.181668430253383
서울특별시 은평구,share_chinese,0.03010067332443827,0.029951641333592904
서울특별시 은평구,share_japanese,0.03938478560008183,0.039461231924336065
서울특별시 은평구,share_western,0.1296469482625694,-0.15360162573878752
서울특별시 은평구,share_bakery,0.039419120512420955,0.0036014254448115315
서울특별시 은평구,share_supermarket,0.19733090475855475,0.005665244847840707
서울특별시 은평구,share_convenience,0.18910805340975692,-0.09779414322413442
서울특별시 은평구,share_change_korean,0.0039828760949106035,-0.017051611427199687
서울특별시 은평구,share_change_chinese,-0.0020897679357523916,-0.03238075605295649
서울특별시 은평구,share_change_japanese,0.0015300962596294376,0.019904240481643614
서울특별시 은평구,share_change_western,0.015913350802538542,-1.4730334877522149
서울특별시 은평구,share_change_bakery,-0.002155896138241596,0.011937751067956548
서울특별시 은평구,share_change_supermarket,-0.01883399171513217,0.05668085318031246
서울특별시 은평구,share_change_convenience,0.0016533326320475605,-0.07869288144997412
서울특별시 종로구,amount_growth,0.08074124222949752,-0.2373204231390181
서울특별시 종로구,count_growth,0.13322934374739015,-0.16303106552689234
서울특별시 종로구,ticket_growth,-0.04631728061711127,0.5702226338164249
서울특별시 종로구,concentration,0.3254913703836493,0.017712912394174895
서울특별시 종로구,q,2.0,-0.07081147702910696
서울특별시 종로구,share_korean,0.49554050822130974,-0.020346820886721635
서울특별시 종로구,share_chinese,0.03886022157502572,-0.024423112768047033
서울특별시 종로구,share_japanese,0.046020757939359565,0.07789648661295029
서울특별시 종로구,share_western,0.2503775026677417,-0.35420696026016557
서울특별시 종로구,share_bakery,0.026812174401314354,0.1246191481258497
서울특별시 종로구,share_supermarket,0.034060394244029304,-0.08183399138447413
서울특별시 종로구,share_convenience,0.1083284409512196,0.15616221572856565
서울특별시 종로구,share_change_korean,0.0024585219978066064,-0.03518317819134369
서울특별시 종로구,share_change_chinese,-0.0045484393517882735,-0.07290091543671536
서울특별시 종로구,share_change_japanese,-0.0037302002467036327,-0.04458209919772486
서울특별시 종로구,share_change_western,0.0063760557073153645,-0.590164023332555
서울특별시 종로구,share_change_bakery,-0.0022590039632862623,0.01264112343865078
서울특별시 종로구,share_change_supermarket,-0.003399449111266606,-0.0018033297838697805
서울특별시 종로구,share_change_convenience,0.005102514967922828,-0.18427742004762085
서울특별시 중구,amount_growth,0.0636914601861831,-0.17334807273314629
서울특별시 중구,count_growth,0.11047958269266878,-0.13339472700569482
서울특별시 중구,ticket_growth,-0.04213325777051635,0.5283324854030402
서울특별시 중구,concentration,0.2861370615765059,0.0844993693964231
서울특별시 중구,q,2.0,-0.07081147702910696
서울특별시 중구,share_korean,0.4630976008383373,-0.06376919594557444
서울특별시 중구,share_chinese,0.04951681113100739,-0.0905737200930021
서울특별시 중구,share_japanese,0.04209007232699962,0.05513013152769546
서울특별시 중구,share_western,0.208168448082098,-0.2840725890837717
서울특별시 중구,share_bakery,0.02767541887156348,0.11633261473498248
서울특별시 중구,share_supermarket,0.07808791217701375,-0.058238951593146016
서울특별시 중구,share_convenience,0.13136373657298048,0.08374345033149047
서울특별시 중구,share_change_korean,-0.0014734872495106854,-0.08195281545634016
서울특별시 중구,share_change_chinese,-0.0060322098268106444,-0.09735420990489518
서울특별시 중구,share_change_japanese,-0.002592895674405307,-0.0306398035724058
서울특별시 중구,share_change_western,0.01449030707486354,-1.3413020228919692
서울특별시 중구,share_change_bakery,-0.004478271694927656,0.027780339157085433
서울특별시 중구,share_change_supermarket,-0.004181252414401815,0.0011590597469421193
서울특별시 중구,share_change_convenience,0.004267809785192617,-0.15872586811400316
서울특별시 중랑구,amount_growth,0.041578686738635184,-0.09037891290233845
서울특별시 중랑구,count_growth,0.08862458495710324,-0.10492400550170766
서울특별시 중랑구,ticket_growth,-0.04321590644613438,0.5391718893365304
서울특별시 중랑구,concentration,0.26583921740364963,0.11894594305452116
서울특별시 중랑구,q,2.0,-0.07081147702910696
서울특별시 중랑구,share_korean,0.42686776312339936,-0.11226009051950177
서울특별시 중랑구,share_chinese,0.02234977601866072,0.07806521100774286
서울특별시 중랑구,share_japanese,0.041512820143622994,0.051786712725854264
서울특별시 중랑구,share_western,0.10453349967005235,-0.11187323493739915
서울특별시 중랑구,share_bakery,0.03265734590602754,0.06850965595015923
서울특별시 중랑구,share_supermarket,0.17641563025433815,-0.005543579935893564
서울특별시 중랑구,share_convenience,0.1956631648838989,-0.11840221736359167
서울특별시 중랑구,share_change_korean,0.011305856475031406,0.07005223663994561
서울특별시 중랑구,share_change_chinese,-0.0017996884615950823,-0.02760009831636385
서울특별시 중랑구,share_change_japanese,-0.0018564974754717856,-0.021612246981531105
서울특별시 중랑구,share_change_western,0.007266135955228986,-0.6725589438965212
서울특별시 중랑구,share_change_bakery,-0.00157913168986374,0.008003227405839301
서울특별시 중랑구,share_change_supermarket,-0.015162914999556215,0.042770501068192086
서울특별시 중랑구,share_change_convenience,0.0018262401962264585,-0.08398583601314283
세종특별자치시 세종특별자치시,amount_growth,0.08784543199574402,-0.26397599656051746
세종특별자치시 세종특별자치시,count_growth,0.15977139626330406,-0.19760765960702129
세종특별자치시 세종특별자치시,ticket_growth,-0.06201736350741183,0.7274107817999793
세종특별자치시 세종특별자치시,concentration,0.2511297322882981,0.143908759705574
세종특별자치시 세종특별자치시,q,2.0,-0.07081147702910696
세종특별자치시 세종특별자치시,share_korean,0.4149939886246767,-0.128152238641787
세종특별자치시 세종특별자치시,share_chinese,0.04452826291091639,-0.05960738769413317
세종특별자치시 세종특별자치시,share_japanese,0.027429694619614402,-0.029782119790694197
세종특별자치시 세종특별자치시,share_western,0.15652405841205222,-0.1982605084803542
세종특별자치시 세종특별자치시,share_bakery,0.04474333726114309,-0.04750727132537216
세종특별자치시 세종특별자치시,share_supermarket,0.13276857685019047,-0.02893472279824293
세종특별자치시 세종특별자치시,share_convenience,0.17901208132140672,-0.06605424953546978
세종특별자치시 세종특별자치시,share_change_korean,0.007419602841140238,0.023826843629775697
세종특별자치시 세종특별자치시,share_change_chinese,-0.005376385851572872,-0.08654589618269383
세종특별자치시 세종특별자치시,share_change_japanese,0.00032849898669080196,0.005173776180394699
세종특별자치시 세종특별자치시,share_change_western,-0.0035690764701263866,0.33045900776966775
세종특별자치시 세종특별자치시,share_change_bakery,-0.003075813624696798,0.018213167536209822
세종특별자치시 세종특별자치시,share_change_supermarket,-0.006688474328434418,0.010659362341938743
세종특별자치시 세종특별자치시,share_change_convenience,0.0109616484469994,-0.3636341036696653
울산광역시 남구,amount_growth,0.03418820577970427,-0.06264914859382398
울산광역시 남구,count_growth,0.09821485957556209,-0.11741735101071066
울산광역시 남구,ticket_growth,-0.05830066242283649,0.6901994266641542
울산광역시 남구,concentration,0.2813292001123727,0.0926585784558594
울산광역시 남구,q,2.0,-0.07081147702910696
울산광역시 남구,share_korean,0.4608344133179379,-0.0667983010803034
울산광역시 남구,share_chinese,0.029735360417198892,0.03221931529725469
울산광역시 남구,share_japanese,0.043455953322923034,0.06304125310394489
울산광역시 남구,share_western,0.12636305186954458,-0.14814511857950236
울산광역시 남구,share_bakery,0.027156403771624604,0.12131479082093714
울산광역시 남구,share_supermarket,0.13793622901212663,-0.02616529667310408
울산광역시 남구,share_convenience,0.17451858828864436,-0.051927527521726684
울산광역시 남구,share_change_korean,0.00411253167772635,-0.015509411448445455
울산광역시 남구,share_change_chinese,-0.003779488762165318,-0.06022821739071392
울산광역시 남구,share_change_japanese,-0.0026075405506160165,-0.030819336125513616
울산광역시 남구,share_change_western,0.005209857420861816,-0.482208796374751
울산광역시 남구,share_change_bakery,-0.0016445476808501537,0.008449476763164938
울산광역시 남구,share_change_supermarket,-0.007501167695693617,0.013738799731464014
울산광역시 남구,share_change_convenience,0.006210355590736932,-0.21819004907361703
울산광역시 동구,amount_growth,0.130988955216764,-0.42585446387624515
울산광역시 동구,count_growth,0.18706972566091196,-0.23316946305386516
울산광역시 동구,ticket_growth,-0.04724302981690842,0.5794911710101536
울산광역시 동구,concentration,0.28029589776668834,0.09441215016813519
울산광역시 동구,q,2.0,-0.07081147702910696
울산광역시 동구,share_korean,0.42568295409600965,-0.11384586769271014
울산광역시 동구,share_chinese,0.03028932365384059,0.028780597464777343
울산광역시 동구,share_japanese,0.014108364443691769,-0.10693866775762499
울산광역시 동구,share_western,0.08328429633424762,-0.07656565630087407
울산광역시 동구,share_bakery,0.028789095171793847,0.10564211376274561
울산광역시 동구,share_supermarket,0.24707216066843235,0.03232236674716373
울산광역시 동구,share_convenience,0.1707738056319842,-0.04015461428767554
울산광역시 동구,share_change_korean,-0.0046223341702871235,-0.11940705806479632
울산광역시 동구,share_change_chinese,-0.0014254847121190246,-0.02143302960117253
울산광역시 동구,share_change_japanese,-0.0015748802407057616,-0.018159881770022174
울산광역시 동구,share_change_western,-0.000307413996885747,0.02852620899216678
울산광역시 동구,share_change_bakery,-0.00014037346393923691,-0.0018115735928817644
울산광역시 동구,share_change_supermarket,0.002468983692075627,-0.024039848648881004
울산광역시 동구,share_change_convenience,0.0056015028918612875,-0.1995521734773987
울산광역시 북구,amount_growth,0.06900967810383185,-0.19330251551125902
울산광역시 북구,count_growth,0.13695364057440318,-0.16788274380400875
울산광역시 북구,ticket_growth,-0.05975965953743323,0.7048068052340148
울산광역시 북구,concentration,0.3255746474953316,0.017571586490932673
울산광역시 북구,q,2.0,-0.07081147702910696
울산광역시 북구,share_korean,0.5109259476670005,0.00024542487503424173
울산광역시 북구,share_chinese,0.019091719012710773,0.09828954718121764
울산광역시 북구,share_japanese,0.016539199333806466,-0.09285938090548948
울산광역시 북구,share_western,0.10563518077233464,-0.11370378319544434
울산광역시 북구,share_bakery,0.025304848059855882,0.13908840971964212
울산광역시 북구,share_supermarket,0.15461711675979486,-0.01722574639548001
울산광역시 북구,share_convenience,0.16788598839449687,-0.03107584393173263
울산광역시 북구,share_change_korean,-0.010460366554222889,-0.18884805877563343
울산광역시 북구,share_change_chinese,-0.0010521843170559451,-0.015280848627610756
울산광역시 북구,share_change_japanese,0.0016977315665769425,0.021959293335234133
울산광역시 북구,share_change_western,-0.0029251113006956847,0.2708470131146051
울산광역시 북구,share_change_bakery,0.0006812554063051653,-0.0074164929677621805
울산광역시 북구,share_change_supermarket,0.0027045426871934453,-0.024932422904102476
울산광역시 북구,share_change_convenience,0.009354132511898955,-0.31442567924669995
울산광역시 울주군,amount_growth,0.16313683013521962,-0.546476247419455
울산광역시 울주군,count_growth,0.20403504092991165,-0.255270346892668
울산광역시 울주군,ticket_growth,-0.033967625031166016,0.44657873312155877
울산광역시 울주군,concentration,0.2973474866382211,0.06547465281379404
울산광역시 울주군,q,2.0,-0.07081147702910696
울산광역시 울주군,share_korean,0.47111815804198975,-0.053034287419442466
울산광역시 울주군,share_chinese,0.028297020125899866,0.04114778939392066
울산광역시 울주군,share_japanese,0.016750782880218165,-0.0916338984775234
울산광역시 울주군,share_western,0.10870749596031896,-0.11880872799651201
울산광역시 울주군,share_bakery,0.027628496266452637,0.11678303839529885
울산광역시 울주군,share_supermarket,0.14771291378909657,-0.020925817429895226
울산광역시 울주군,share_convenience,0.19978513293602407,-0.1313609326430734
울산광역시 울주군,share_change_korean,-0.0013957466848232847,-0.08102812332503694
울산광역시 울주군,share_change_chinese,-0.002058324657326159,-0.03186255478170527
울산광역시 울주군,share_change_japanese,0.0006165351648497498,0.008704831664119348
울산광역시 울주군,share_change_western,-0.004637865371993677,0.429397026982459
울산광역시 울주군,share_change_bakery,-0.0019778514676565863,0.010723180767549164
울산광역시 울주군,share_change_supermarket,0.002861394989524757,-0.02552676372671941
울산광역시 울주군,share_change_convenience,0.006591858027425207,-0.22986839913723806
울산광역시 중구,amount_growth,0.028571975459396715,-0.041576535870796294
울산광역시 중구,count_growth,0.07472694483242082,-0.08681941238575547
울산광역시 중구,ticket_growth,-0.04294576366113245,0.536467238388999
울산광역시 중구,concentration,0.275231142022688,0.10300732314858833
울산광역시 중구,q,2.0,-0.07081147702910696
울산광역시 중구,share_korean,0.44191634241245137,-0.09211870657143245
울산광역시 중구,share_chinese,0.02940323126374556,0.034281001645954205
울산광역시 중구,share_japanese,0.020721959059380814,-0.0686330238421588
울산광역시 중구,share_western,0.12355185247843005,-0.14347404258685648
울산광역시 중구,share_bakery,0.03230375570969379,0.07190387053198832
울산광역시 중구,share_supermarket,0.18928649974623582,0.00135412159414885
울산광역시 중구,share_convenience,0.16281635933006258,-0.015137855381647105
울산광역시 중구,share_change_korean,0.0076148330078738,0.026149026388512395
울산광역시 중구,share_change_chinese,-0.0023496434870397716,-0.036663637730201794
울산광역시 중구,share_change_japanese,0.0011641266821588725,0.015417794050977806
울산광역시 중구,share_change_western,0.00046862489230715954,-0.043311878393189146
울산광역시 중구,share_change_bakery,-0.0009456033904318845,0.0036814768337538753
울산광역시 중구,share_change_supermarket,-0.014654735401483293,0.04084491963988866
울산광역시 중구,share_change_convenience,0.0087023976966151,-0.29447511906783186
인천광역시 강화군,amount_growth,0.1688380471370301,-0.5678677379882596
인천광역시 강화군,count_growth,0.18787878787878798,-0.2342234363996076
인천광역시 강화군,ticket_growth,-0.01602919501219413,0.26698040793330197
인천광역시 강화군,concentration,0.3193613465938003,0.028115904662945137
인천광역시 강화군,q,2.0,-0.07081147702910696
인천광역시 강화군,share_korean,0.5146628096496638,0.005246931695583205
인천광역시 강화군,share_chinese,0.030513564455716093,0.027388626313671765
인천광역시 강화군,share_japanese,0.044935166967026985,0.07160879230441668
인천광역시 강화군,share_western,0.12328872149879225,-0.1430368253600058
인천광역시 강화군,share_bakery,0.01879606625615509,0.20156808912572072
인천광역시 강화군,share_supermarket,0.1416635367168952,-0.02416777381155183
인천광역시 강화군,share_convenience,0.12614013445575056,0.1001655020588397
인천광역시 강화군,share_change_korean,0.015794062122862662,0.12343760196252049
인천광역시 강화군,share_change_chinese,-0.000813117294316882,-0.011340902117635073
인천광역시 강화군,share_change_japanese,0.006442375869636571,0.08012421689353948
인천광역시 강화군,share_change_western,-0.004372138373915424,0.4047986214457893
인천광역시 강화군,share_change_bakery,-0.0023226603774651085,0.013075369461505719
인천광역시 강화군,share_change_supermarket,-0.021466392689325653,0.06665548114053887
인천광역시 강화군,share_change_convenience,0.006737870742523827,-0.23433806285803557
인천광역시 계양구,amount_growth,-0.03786367093017595,0.20769611990141415
인천광역시 계양구,count_growth,0.02641626996446922,-0.023884618867254584
인천광역시 계양구,ticket_growth,-0.06262560598037892,0.7335004635245072
인천광역시 계양구,concentration,0.2732800081205554,0.10631850620351099
인천광역시 계양구,q,2.0,-0.07081147702910696
인천광역시 계양구,share_korean,0.4168215705354185,-0.12570615863292015
인천광역시 계양구,share_chinese,0.02335611818097163,0.07181835831027657
인천광역시 계양구,share_japanese,0.020363599315902984,-0.07070862743218462
인천광역시 계양구,share_western,0.0874673387801957,-0.08351618041070612
인천광역시 계양구,share_bakery,0.0322535325058022,0.07238597759480439
인천광역시 계양구,share_supermarket,0.23985932598079376,0.02845689511821225
인천광역시 계양구,share_convenience,0.1798785147009152,-0.0687781579529309
인천광역시 계양구,share_change_korean,0.004320181346492591,-0.013039503806946443
인천광역시 계양구,share_change_chinese,-0.0006553100051409771,-0.008740157476597904
인천광역시 계양구,share_change_japanese,0.002169907045287734,0.027747725274717767
인천광역시 계양구,share_change_western,0.004270843157545626,-0.3952840434485664
인천광역시 계양구,share_change_bakery,-0.01404516871181409,0.09304300018247283
인천광역시 계양구,share_change_supermarket,-0.009254402702180226,0.020382113986393207
인천광역시 계양구,share_change_convenience,0.013193949869809346,-0.43196812976238796
인천광역시 남동구,amount_growth,-0.015336336064621925,0.12317148750033721
인천광역시 남동구,count_growth,0.04710651689322076,-0.0508380079860555
인천광역시 남동구,ticket_growth,-0.05963371629384129,0.7035458701580931
인천광역시 남동구,concentration,0.25506482882333614,0.13723068140860975
인천광역시 남동구,q,2.0,-0.07081147702910696
인천광역시 남동구,share_korean,0.39908912966444354,-0.1494396880949723
인천광역시 남동구,share_chinese,0.029331414010609697,0.03472680608332982
인천광역시 남동구,share_japanese,0.03832380756679357,0.03331609465679621
인천광역시 남동구,share_western,0.09521937782758981,-0.09639693287628623
인천광역시 남동구,share_bakery,0.02963457921086243,0.09752606788855057
인천광역시 남동구,share_supermarket,0.2120347540192452,0.013545269084495748
인천광역시 남동구,share_convenience,0.19636693770045577,-0.1206147506573656
인천광역시 남동구,share_change_korean,0.0034636679090141453,-0.023227379842790767
인천광역시 남동구,share_change_chinese,-0.002070804980264556,-0.032068236871360005
인천광역시 남동구,share_change_japanese,-0.0030352299443117126,-0.036062410063630805
인천광역시 남동구,share_change_western,0.005515392891592585,-0.5104922808126382
인천광역시 남동구,share_change_bakery,-0.002496830417588757,0.01426350813063787
인천광역시 남동구,share_change_supermarket,-0.009013136030063318,0.019467912344181233
인천광역시 남동구,share_change_convenience,0.007636940571621648,-0.261859911176985
인천광역시 동구,amount_growth,0.005176364793918253,0.04620594719257021
인천광역시 동구,count_growth,0.07211930158809743,-0.08342240976469967
인천광역시 동구,ticket_growth,-0.06243982054517494,0.7316403925499727
인천광역시 동구,concentration,0.27350036709224057,0.1059445447382079
인천광역시 동구,q,2.0,-0.07081147702910696
인천광역시 동구,share_korean,0.3683901899941549,-0.19052789441805912
인천광역시 동구,share_chinese,0.03129105435573206,0.022562370333285828
인천광역시 동구,share_japanese,0.005762410514425761,-0.15527805925751384
인천광역시 동구,share_western,0.07163168686768069,-0.05720373394737671
인천광역시 동구,share_bakery,0.02614322578462568,0.1310405794121288
인천광역시 동구,share_supermarket,0.3098977764162167,0.0659916030129924
인천광역시 동구,share_convenience,0.18688365606716423,-0.09080104394083623
인천광역시 동구,share_change_korean,0.010557915548583263,0.06115578609128742
인천광역시 동구,share_change_chinese,-0.0013068195563339727,-0.019477367289263702
인천광역시 동구,share_change_japanese,-0.0013900409854920599,-0.015893924521520726
인천광역시 동구,share_change_western,0.006375485148145205,-0.5901112065470882
인천광역시 동구,share_change_bakery,-0.003537747674225055,0.02136435075029009
인천광역시 동구,share_change_supermarket,-0.020307067829989367,0.062262596367175564
인천광역시 동구,share_change_convenience,0.009608275349311995,-0.3222053648687253
인천광역시 미추홀구,amount_growth,-0.003999683574537283,0.08063532465187008
인천광역시 미추홀구,count_growth,0.0719331944205941,-0.0831799661186287
인천광역시 미추홀구,ticket_growth,-0.07083732306300572,0.8157156090751375
인천광역시 미추홀구,concentration,0.2522362883865934,0.1420308722894454
인천광역시 미추홀구,q,2.0,-0.07081147702910696
인천광역시 미추홀구,share_korean,0.38228792132448186,-0.17192683332421407
인천광역시 미추홀구,share_chinese,0.031845739195031496,0.019119173163980693
인천광역시 미추홀구,share_japanese,0.026006776260838905,-0.03802359921895139
인천광역시 미추홀구,share_western,0.10124419992420543,-0.10640774959188963
인천광역시 미추홀구,share_bakery,0.02955705426853526,0.0982702522365068
인천광역시 미추홀구,share_supermarket,0.18970772897219168,0.0015798649658925667
인천광역시 미추홀구,share_convenience,0.23935058005471538,-0.25574747752475185
인천광역시 미추홀구,share_change_korean,-0.002158452658021337,-0.09010019804883285
인천광역시 미추홀구,share_change_chinese,-0.0008775361746968663,-0.01240255813368328
인천광역시 미추홀구,share_change_japanese,-0.0011797577230914687,-0.01331604742434105
인천광역시 미추홀구,share_change_western,0.0061881599888707756,-0.5727704761419048
인천광역시 미추홀구,share_change_bakery,-0.002309196350290133,0.012983521682648474
인천광역시 미추홀구,share_change_supermarket,-0.011477598933083505,0.028806193563643778
인천광역시 미추홀구,share_change_convenience,0.0118143818503125,-0.3897375259211211
인천광역시 부평구,amount_growth,-0.028403827495294465,0.1722019172504059
인천광역시 부평구,count_growth,0.038332133861101125,-0.039407532508574324
인천광역시 부평구,ticket_growth,-0.0642722681693707,0.7499867318869545
인천광역시 부평구,concentration,0.24768233267464856,0.1497591891260186
인천광역시 부평구,q,2.0,-0.07081147702910696
인천광역시 부평구,share_korean,0.3697021675108383,-0.18877191185072276
인천광역시 부평구,share_chinese,0.03564945930438943,-0.004492357899157189
인천광역시 부평구,share_japanese,0.029029704912803437,-0.020514931806933215
인천광역시 부평구,share_western,0.09925555992324472,-0.10310343450279878
인천광역시 부평구,share_bakery,0.02829256914926276,0.11040841068898129
인천광역시 부평구,share_supermarket,0.2528287452601359,0.035407411030380816
인천광역시 부평구,share_convenience,0.1852417939393255,-0.08563932905761275
인천광역시 부평구,share_change_korean,-0.0034666242088261523,-0.10566036209302283
인천광역시 부평구,share_change_chinese,-0.0008421976198320566,-0.011820160719301458
인천광역시 부평구,share_change_japanese,9.481415961242953e-05,0.0023090176789019225
인천광역시 부평구,share_change_western,0.003788968224836542,-0.3506767769741119
인천광역시 부평구,share_change_bakery,-0.0022019127983577413,0.012251663686162805
인천광역시 부평구,share_change_supermarket,-0.008342953765162475,0.016928474460871718
인천광역시 부평구,share_change_convenience,0.010969906007729457,-0.3638868797350408
인천광역시 서구,amount_growth,-0.009076433768157033,0.09968375832006877
인천광역시 서구,count_growth,0.05031089781484788,-0.05501238667582637
인천광역시 서구,ticket_growth,-0.05654262152907219,0.6725980423847829
인천광역시 서구,concentration,0.24078944684603512,0.16145680082261982
인천광역시 서구,q,2.0,-0.07081147702910696
인천광역시 서구,share_korean,0.3565985273884004,-0.20631014198885647
인천광역시 서구,share_chinese,0.0322379657401175,0.01668443322864703
인천광역시 서구,share_japanese,0.02685876489020705,-0.03308891922220924
인천광역시 서구,share_western,0.10668617112289465,-0.11545010393331877
인천광역시 서구,share_bakery,0.03162786363701238,0.07839195406095739
인천광역시 서구,share_supermarket,0.226877433784892,0.02149969477375325
인천광역시 서구,share_convenience,0.21911327343647596,-0.19212507891005912
인천광역시 서구,share_change_korean,-0.006700876744064055,-0.14413046945598898
인천광역시 서구,share_change_chinese,-0.002278297273910705,-0.03548781573602963
인천광역시 서구,share_change_japanese,-0.0010313470899735062,-0.011496671180482395
인천광역시 서구,share_change_western,0.0011573884694593695,-0.107070871315271
인천광역시 서구,share_change_bakery,-0.0025496221449916243,0.014623638338411264
인천광역시 서구,share_change_supermarket,0.0003645390358578138,-0.01606573956958676
인천광역시 서구,share_change_convenience,0.011038215747622704,-0.3659779412290466
인천광역시 연수구,amount_growth,-0.015658661791163597,0.12438088327271524
인천광역시 연수구,count_growth,0.06747402901683786,-0.07737096728519674
인천광역시 연수구,ticket_growth,-0.07787795163931821,0.8862058972018559
인천광역시 연수구,concentration,0.248842566657355,0.14779020734620124
인천광역시 연수구,q,2.0,-0.07081147702910696
인천광역시 연수구,share_korean,0.4055560848186524,-0.14078415827823887
인천광역시 연수구,share_chinese,0.029765476161183958,0.03203237230351457
인천광역시 연수구,share_japanese,0.03583524761836864,0.018902466851348287
인천광역시 연수구,share_western,0.17169070537591805,-0.2234613393946501
인천광역시 연수구,share_bakery,0.0382398546047677,0.014921540032582843
인천광역시 연수구,share_supermarket,0.14524255216413579,-0.02224972310471982
인천광역시 연수구,share_convenience,0.1736700792569735,-0.04925996998259865
인천광역시 연수구,share_change_korean,-0.004310971192705015,-0.11570352315342754
인천광역시 연수구,share_change_chinese,-0.0022378790593325683,-0.034821702937860924
인천광역시 연수구,share_change_japanese,-0.0011812724126580368,-0.013334616108783249
인천광역시 연수구,share_change_western,0.008742458534530678,-0.809222443545552
인천광역시 연수구,share_change_bakery,-0.0018317212248099568,0.009726321651409027
인천광역시 연수구,share_change_supermarket,-0.011995733700735034,0.030769496871630816
인천광역시 연수구,share_change_convenience,0.01281511905570995,-0.42037156199117287
인천광역시 옹진군,amount_growth,0.43958932414672325,-1.5837514320846955
인천광역시 옹진군,count_growth,0.4230079843571777,-0.5405285640134442
인천광역시 옹진군,ticket_growth,0.011652316762674975,-0.010164980385939408
인천광역시 옹진군,concentration,0.3135727527672162,0.03793947124105931
인천광역시 옹진군,q,2.0,-0.07081147702910696
인천광역시 옹진군,share_korean,0.4706679834129766,-0.05363681207459246
인천광역시 옹진군,share_chinese,0.031114350461814773,0.0236592568970319
인천광역시 옹진군,share_japanese,0.035129265847597395,0.014813452042696287
인천광역시 옹진군,share_western,0.09973358275228171,-0.10389771503932312
인천광역시 옹진군,share_bakery,0.003567155305583817,0.3477548107875848
인천광역시 옹진군,share_supermarket,0.0928331024052179,-0.05033677208135186
인천광역시 옹진군,share_convenience,0.2669545598145278,-0.34252935204790835
인천광역시 옹진군,share_change_korean,0.008027382081538859,0.031056128410840902
인천광역시 옹진군,share_change_chinese,-0.0025834153154361897,-0.04051631673573075
인천광역시 옹진군,share_change_japanese,0.009087804345772846,0.1125547080463126
인천광역시 옹진군,share_change_western,0.009222314949941843,-0.8536428554382889
인천광역시 옹진군,share_change_bakery,-0.00020369988713087647,-0.0013795786750508995
인천광역시 옹진군,share_change_supermarket,-0.0013988857629629592,-0.009383814408294264
인천광역시 옹진군,share_change_convenience,-0.02215150041172348,0.6500080304091179
인천광역시 중구,amount_growth,-0.01582848840507256,0.12501808834816
인천광역시 중구,count_growth,0.00726767961417929,0.0010604389933489002
인천광역시 중구,ticket_growth,-0.022929523588107736,0.3360660221242913
인천광역시 중구,concentration,0.24997074943113903,0.14587561825555692
인천광역시 중구,q,2.0,-0.07081147702910696
인천광역시 중구,share_korean,0.41049584564526026,-0.13417266243472603
인천광역시 중구,share_chinese,0.05224714280042062,-0.10752220977456847
인천광역시 중구,share_japanese,0.043440448698490036,0.0629514510133897
인천광역시 중구,share_western,0.1766380146193325,-0.23168176570384413
인천광역시 중구,share_bakery,0.041962889386702736,-0.02081694784555132
인천광역시 중구,share_supermarket,0.08277457358145468,-0.055727295985065047
인천광역시 중구,share_convenience,0.19244108526833917,-0.10827258709527036
인천광역시 중구,share_change_korean,0.011233167211096684,0.06918762765928108
인천광역시 중구,share_change_chinese,0.0015026486986654056,0.02682410298191642
인천광역시 중구,share_change_japanese,0.0026396861154795934,0.033506779475973844
인천광역시 중구,share_change_western,-0.01386252250150316,1.2833255274714601
인천광역시 중구,share_change_bakery,-0.004205299899671541,0.025918202906235605
인천광역시 중구,share_change_supermarket,-0.0021515291297638933,-0.006531916979228903
인천광역시 중구,share_change_convenience,0.004843849505696912,-0.17635929023575056
전라남도 강진군,amount_growth,0.1581278568574498,-0.527682118973409
전라남도 강진군,count_growth,0.12846287794839317,-0.1568217434320799
전라남도 강진군,ticket_growth,0.02628795283278529,-0.1566959601582318
전라남도 강진군,concentration,0.3607357613786245,-0.04209878485329602
전라남도 강진군,q,2.0,-0.07081147702910696
전라남도 강진군,share_korean,0.5579440098463586,0.06317554104471193
전라남도 강진군,share_chinese,0.02857010024982933,0.039452648941019554
전라남도 강진군,share_japanese,0.026223515277271403,-0.03676825653944144
전라남도 강진군,share_western,0.0850985736972049,-0.07958025123174119
전라남도 강진군,share_bakery,0.02437854648758561,0.1479802464740846
전라남도 강진군,share_supermarket,0.16638731131279072,-0.010917913888266375
전라남도 강진군,share_convenience,0.1113979431289594,0.14651226107873
전라남도 강진군,share_change_korean,0.028649265755608,0.27634497655259044
전라남도 강진군,share_change_chinese,0.0012689573651578114,0.02297275057322486
전라남도 강진군,share_change_japanese,0.00413945813587166,0.05189258868505111
전라남도 강진군,share_change_western,-0.008301713653416698,0.7685602527858586
전라남도 강진군,share_change_bakery,-0.004594557607585821,0.028573608707958838
전라남도 강진군,share_change_supermarket,-0.01634104599948913,0.0472346455993423
전라남도 강진군,share_change_convenience,-0.004820363996145813,0.11947648303956299
전라남도 고흥군,amount_growth,0.047335610999051037,-0.11197942222918929
전라남도 고흥군,count_growth,0.09329301462353201,-0.11100561495790769
전라남도 고흥군,ticket_growth,-0.042035760779379094,0.5273563522464246
전라남도 고흥군,concentration,0.3079845468833194,0.04742296830394865
전라남도 고흥군,q,2.0,-0.07081147702910696
전라남도 고흥군,share_korean,0.47290192606431647,-0.050646848982771685
전라남도 고흥군,share_chinese,0.0356745363684871,-0.004648023368984405
전라남도 고흥군,share_japanese,0.008451566081994084,-0.1397025906068951
전라남도 고흥군,share_western,0.08590356228041522,-0.08091781656320526
전라남도 고흥군,share_bakery,0.024312663603134086,0.14861267534065659
전라남도 고흥군,share_supermarket,0.23910482572894387,0.02805254655847597
전라남도 고흥군,share_convenience,0.1336509198727092,0.07655296345765628
전라남도 고흥군,share_change_korean,0.0345776977177501,0.3468612431683853
전라남도 고흥군,share_change_chinese,-0.0006143442986511968,-0.008065021732387519
전라남도 고흥군,share_change_japanese,0.0010179339275875436,0.013625606934035025
전라남도 고흥군,share_change_western,-0.0006250305772915604,0.05792804435889793
전라남도 고흥군,share_change_bakery,-0.0005780842958044326,0.0011743656930472814
전라남도 고흥군,share_change_supermarket,-0.038151696501517285,0.12987901720572737
전라남도 고흥군,share_change_convenience,0.0043735240279269005,-0.16196193639204232
전라남도 곡성군,amount_growth,0.7156501861967568,-2.6195571776095616
전라남도 곡성군,count_growth,0.6358301344534438,-0.8177740818846339
전라남도 곡성군,ticket_growth,0.04879482903644039,-0.38203325372967667
전라남도 곡성군,concentration,0.3698953744067664,-0.0576431590324759
전라남도 곡성군,q,2.0,-0.07081147702910696
전라남도 곡성군,share_korean,0.5715693143007269,0.08141197939237861
전라남도 곡성군,share_chinese,0.07199467053657438,-0.23010466882965314
전라남도 곡성군,share_japanese,0.0112875783468655,-0.12327653454044825
전라남도 곡성군,share_western,0.12485143807939149,-0.14563342805066468
전라남도 곡성군,share_bakery,0.024783255976880636,0.14409532301123726
전라남도 곡성군,share_supermarket,0.061851800883239716,-0.06694013916897404
전라남도 곡성군,share_convenience,0.1336619418763214,0.07651831228986118
전라남도 곡성군,share_change_korean,0.0011794279505052963,-0.05039747725763252
전라남도 곡성군,share_change_chinese,-0.006937729845477761,-0.1122776418211185
전라남도 곡성군,share_change_japanese,0.0009689511589194583,0.013025123775915862
전라남도 곡성군,share_change_western,0.017469031794848502,-1.6170432128131966
전라남도 곡성군,share_change_bakery,0.004913325411636648,-0.036286475544782384
전라남도 곡성군,share_change_supermarket,0.014460165249365858,-0.06947653402092768
전라남도 곡성군,share_change_convenience,-0.03205317171979796,0.9531127359895215
전라남도 광양시,amount_growth,0.02962007726679694,-0.045509110252902614
전라남도 광양시,count_growth,0.06930557611708665,-0.07975694179059604
전라남도 광양시,ticket_growth,-0.03711333760588609,0.47807339064431026
전라남도 광양시,concentration,0.292512737256645,0.07367949216878396
전라남도 광양시,q,2.0,-0.07081147702910696
전라남도 광양시,share_korean,0.45963305404294985,-0.06840622950679028
전라남도 광양시,share_chinese,0.026413720975306473,0.0528383384135548
전라남도 광양시,share_japanese,0.026825050740938543,-0.03328419006534933
전라남도 광양시,share_western,0.08849181771267478,-0.08521844989809997
전라남도 광양시,share_bakery,0.02588723783058616,0.13349788183561964
전라남도 광양시,share_supermarket,0.21687883163391272,0.016141286517146285
전라남도 광양시,share_convenience,0.15587028706363149,0.0066993281367882995
전라남도 광양시,share_change_korean,0.0016931051182737522,-0.04428749803410127
전라남도 광양시,share_change_chinese,-0.0025457144442694105,-0.03989498714340666
전라남도 광양시,share_change_japanese,0.0031775856246821672,0.04010092686330107
전라남도 광양시,share_change_western,0.000718668656455812,-0.06645848358169419
전라남도 광양시,share_change_bakery,-0.0001476132224886538,-0.0017621860111734775
전라남도 광양시,share_change_supermarket,-0.00590140688023838,0.0076770260442683026
전라남도 광양시,share_change_convenience,0.003005375147584727,-0.12008088917649744
전라남도 구례군,amount_growth,0.04635416284176275,-0.1082969384728727
전라남도 구례군,count_growth,0.07293780712688913,-0.08448868501791038
전라남도 구례군,ticket_growth,-0.024776500658795775,0.3545578292783098
전라남도 구례군,concentration,0.3659470848806516,-0.05094269149382534
전라남도 구례군,q,2.0,-0.07081147702910696
전라남도 구례군,share_korean,0.5676897270513261,0.07621944560900264
전라남도 구례군,share_chinese,0.026666713456531047,0.05126789167787669
전라남도 구례군,share_japanese,0.004730455288775345,-0.1612550977226014
전라남도 구례군,share_western,0.1083723443827598,-0.11825184167504295
전라남도 구례군,share_bakery,0.06409626546697454,-0.23328162762376475
전라남도 구례군,share_supermarket,0.13653399400621838,-0.026916776481971782
전라남도 구례군,share_convenience,0.09191050034741474,0.20777722464413914
전라남도 구례군,share_change_korean,-0.023487413120078515,-0.34379943457287365
전라남도 구례군,share_change_chinese,-0.0012985356089684416,-0.019340843610097504
전라남도 구례군,share_change_japanese,0.00029111887593541875,0.004715530810286387
전라남도 구례군,share_change_western,0.009300602650059997,-0.86088996472702
전라남도 구례군,share_change_bakery,0.006876927732247844,-0.049681614262437265
전라남도 구례군,share_change_supermarket,0.0068826049235343745,-0.04076383187664346
전라남도 구례군,share_change_convenience,0.0014346945472693412,-0.07200004846719026
전라남도 나주시,amount_growth,0.09807752046517537,-0.30236773360955577
전라남도 나주시,count_growth,0.12855169099537456,-0.1569374410659631
전라남도 나주시,ticket_growth,-0.027002901837239968,0.3768484044525499
전라남도 나주시,concentration,0.28980038329092256,0.07828250812808646
전라남도 나주시,q,2.0,-0.07081147702910696
전라남도 나주시,share_korean,0.4631448089554558,-0.06370601145525909
전라남도 나주시,share_chinese,0.03600351428725115,-0.006690148479313535
전라남도 나주시,share_japanese,0.014630246113000405,-0.10391595249426092
전라남도 나주시,share_western,0.12213343533532157,-0.1411172071785703
전라남도 나주시,share_bakery,0.0243410213347518,0.14834046127148148
전라남도 나주시,share_supermarket,0.1866649666335293,-5.079926018470909e-05
전라남도 나주시,share_convenience,0.15308200734068997,0.01546517071301168
전라남도 나주시,share_change_korean,0.018694287791700848,0.15793459675233157
전라남도 나주시,share_change_chinese,-0.002695464969745952,-0.042362952208008266
전라남도 나주시,share_change_japanese,0.0019333057168663664,0.024847213180998147
전라남도 나주시,share_change_western,0.0006564133555847645,-0.06069549694989381
전라남도 나주시,share_change_bakery,-0.0012125556409962567,0.005502549456130335
전라남도 나주시,share_change_supermarket,-0.01975729924384445,0.060179426985012836
전라남도 나주시,share_change_convenience,0.0023813129904346753,-0.10097742971783137
전라남도 담양군,amount_growth,0.09019262334652889,-0.2727828743951183
전라남도 담양군,count_growth,0.11770388741492677,-0.14280590015226682
전라남도 담양군,ticket_growth,-0.024614089991247146,0.35293178486675364
전라남도 담양군,concentration,0.4325198061131232,-0.1639203124680268
전라남도 담양군,q,2.0,-0.07081147702910696
전라남도 담양군,share_korean,0.6285390925650421,0.1576617140296363
전라남도 담양군,share_chinese,0.021838969851236123,0.08123603203101319
전라남도 담양군,share_japanese,0.001119837993931585,-0.18216763144264694
전라남도 담양군,share_western,0.12194056427912664,-0.14079673351771368
전라남도 담양군,share_bakery,0.04905827160031236,-0.0889275742791888
전라남도 담양군,share_supermarket,0.13319429742726802,-0.02870657244074557
전라남도 담양군,share_convenience,0.044308966283083125,0.3574277602634514
전라남도 담양군,share_change_korean,0.024929308026899966,0.2320976051275365
전라남도 담양군,share_change_chinese,-0.003585120878927796,-0.05702493550583057
전라남도 담양군,share_change_japanese,0.0004940999200907788,0.007203889507579683
전라남도 담양군,share_change_western,-0.006031227374233034,0.5583808481159688
전라남도 담양군,share_change_bakery,-0.008719448410679828,0.05671244513254849
전라남도 담양군,share_change_supermarket,-0.009992956083921006,0.023180621996324487
전라남도 담양군,share_change_convenience,0.002905344800770905,-0.11701881330296442
전라남도 목포시,amount_growth,0.14569462907787067,-0.4810315047795965
전라남도 목포시,count_growth,0.21397040103607434,-0.2682132386763656
전라남도 목포시,ticket_growth,-0.056241710588605165,0.6695853427850107
전라남도 목포시,concentration,0.2840016225155854,0.08812332858528836
전라남도 목포시,q,2.0,-0.07081147702910696
전라남도 목포시,share_korean,0.4445701670981366,-0.08856676316876601
전라남도 목포시,share_chinese,0.02725669556784364,0.04760558726339535
전라남도 목포시,share_japanese,0.02930693259444784,-0.01890924148666639
전라남도 목포시,share_western,0.08500922115652572,-0.07943178346066537
전라남도 목포시,share_bakery,0.03423775809909094,0.0533388221244018
전라남도 목포시,share_supermarket,0.23619385225679923,0.026492510060136455
전라남도 목포시,share_convenience,0.143425373227156,0.045823865989870934
전라남도 목포시,share_change_korean,-0.011944087713576468,-0.20649631341102426
전라남도 목포시,share_change_chinese,-0.0008391434107513258,-0.011769825795352136
전라남도 목포시,share_change_japanese,-0.0011476027456192202,-0.012921857325520302
전라남도 목포시,share_change_western,-0.0033201322621463913,0.30741418873289955
전라남도 목포시,share_change_bakery,-0.0027478209503649306,0.015975694436421245
전라남도 목포시,share_change_supermarket,0.015699996143277772,-0.07417447024781851
전라남도 목포시,share_change_convenience,0.004298790939180536,-0.15967424675290945
전라남도 무안군,amount_growth,0.12119643621820053,-0.3891120319119666
전라남도 무안군,count_growth,0.14669579511839892,-0.1805739447927664
전라남도 무안군,ticket_growth,-0.02223724810778216,0.3291350077209196
전라남도 무안군,concentration,0.2621533934307708,0.12520099191051437
전라남도 무안군,q,2.0,-0.07081147702910696
전라남도 무안군,share_korean,0.42984991610504947,-0.10826870455265557
전라남도 무안군,share_chinese,0.04101211609948736,-0.03778096322710692
전라남도 무안군,share_japanese,0.030453403539347196,-0.012268933102695785
전라남도 무안군,share_western,0.13572163562707998,-0.16369529835442678
전라남도 무안군,share_bakery,0.029980625365012562,0.0942042707499964
전라남도 무안군,share_supermarket,0.16925087834768662,-0.009383283245758921
전라남도 무안군,share_convenience,0.1637314249163368,-0.018014654581598673
전라남도 무안군,share_change_korean,0.0031367273684624886,-0.02711620347647256
전라남도 무안군,share_change_chinese,-0.002494749959357452,-0.03905506642928649
전라남도 무안군,share_change_japanese,-0.0025070048903354653,-0.029586862493858845
전라남도 무안군,share_change_western,-0.007732846331586468,0.715900082083827
전라남도 무안군,share_change_bakery,-0.0043268027835420934,0.02674706115668551
전라남도 무안군,share_change_supermarket,0.013843675118165283,-0.06714054502830814
전라남도 무안군,share_change_convenience,8.100147819367631e-05,-0.030561514871976118
전라남도 보성군,amount_growth,0.17535925653258877,-0.5923359154384414
전라남도 보성군,count_growth,0.16712168373705238,-0.20718295172882206
전라남도 보성군,ticket_growth,0.007058023949277015,0.03583276266281424
전라남도 보성군,concentration,0.3486595791849238,-0.021604830130744462
전라남도 보성군,q,2.0,-0.07081147702910696
전라남도 보성군,share_korean,0.5259228679269841,0.020317667124152016
전라남도 보성군,share_chinese,0.03230037744444083,0.01629701358341389
전라남도 보성군,share_japanese,0.003314840724953633,-0.169454273897486
전라남도 보성군,share_western,0.08343027039338821,-0.07680820612688637
전라남도 보성군,share_bakery,0.03407981648390981,0.05485494937816599
전라남도 보성군,share_supermarket,0.23591904467510494,0.0263452363520227
전라남도 보성군,share_convenience,0.08503278235121856,0.22939951481189602
전라남도 보성군,share_change_korean,0.031121690005365577,0.3057534489271753
전라남도 보성군,share_change_chinese,-0.002057263270343425,-0.03184506258269578
전라남도 보성군,share_change_japanese,0.00167990081616607,0.0217407049293621
전라남도 보성군,share_change_western,-0.0008719162192266372,0.08078230149279912
전라남도 보성군,share_change_bakery,-0.003571606678695008,0.021595327286096762
전라남도 보성군,share_change_supermarket,-0.029364297103824433,0.09658202309685744
전라남도 보성군,share_change_convenience,0.0030634924505578837,-0.12185994520236662
전라남도 순천시,amount_growth,0.05548814532979529,-0.14256848087975285
전라남도 순천시,count_growth,0.09634681628785025,-0.11498383256127669
전라남도 순천시,ticket_growth,-0.03726801624361853,0.4796220225061715
전라남도 순천시,concentration,0.278567155491301,0.09734592222874795
전라남도 순천시,q,2.0,-0.07081147702910696
전라남도 순천시,share_korean,0.4433955267223613,-0.09013893037172628
전라남도 순천시,share_chinese,0.021972919071881872,0.08040454441014981
전라남도 순천시,share_japanese,0.03393623455231503,0.007903468193870316
전라남도 순천시,share_western,0.11701575348927763,-0.1326136905355982
전라남도 순천시,share_bakery,0.03387079270257934,0.056861429121940525
전라남도 순천시,share_supermarket,0.22132678987549143,0.01852501734339823
전라남도 순천시,share_convenience,0.1284819835860934,0.09280315579029733
전라남도 순천시,share_change_korean,0.015553024894802314,0.12057056299728049
전라남도 순천시,share_change_chinese,-0.002204103762532647,-0.034265068813983925
전라남도 순천시,share_change_japanese,-0.001259674017929431,-0.014295746825055989
전라남도 순천시,share_change_western,0.000959136574427491,-0.08871865062382543
전라남도 순천시,share_change_bakery,0.0011845399756310465,-0.010849757712772759
전라남도 순천시,share_change_supermarket,-0.016478067114418155,0.04775384258244294
전라남도 순천시,share_change_convenience,0.002245143450019388,-0.09680908003499172
전라남도 신안군,amount_growth,0.25868023193069556,-0.9049638787042127
전라남도 신안군,count_growth,0.22092036899586476,-0.2772670306116914
전라남도 신안군,ticket_growth,0.030927375686168768,-0.20314554205734786
전라남도 신안군,concentration,0.3108870021029137,0.04249733991407331
전라남도 신안군,q,2.0,-0.07081147702910696
전라남도 신안군,share_korean,0.48774489744219307,-0.03078065565583676
전라남도 신안군,share_chinese,0.0355045267297252,-0.003592691285852474
전라남도 신안군,share_japanese,0.048798263357067974,0.0939836736400511
전라남도 신안군,share_western,0.07084146897543524,-0.055890711528158145
전라남도 신안군,share_bakery,0.004941793621656592,0.33455925993370533
전라남도 신안군,share_supermarket,0.2099638719030972,0.01243545076568802
전라남도 신안군,share_convenience,0.14220517797082471,0.049659937185041705
전라남도 신안군,share_change_korean,0.05118736116623085,0.5444263773575087
전라남도 신안군,share_change_chinese,-0.001271793577945976,-0.018900121294700513
전라남도 신안군,share_change_japanese,0.01665761367641417,0.20535352560651812
전라남도 신안군,share_change_western,-0.0023236393864315835,0.21516862825726957
전라남도 신안군,share_change_bakery,-0.0008319464079724562,0.0029061410998868333
전라남도 신안군,share_change_supermarket,-0.056918308480903096,0.2009889941444242
전라남도 신안군,share_change_convenience,-0.0064992869893919225,0.17087078241860312
전라남도 여수시,amount_growth,0.0409319824722989,-0.0879524190134468
전라남도 여수시,count_growth,0.08342144152412678,-0.0981458191382059
전라남도 여수시,ticket_growth,-0.03921784951205587,0.499143618824095
전라남도 여수시,concentration,0.3082506771833846,0.04697133034152367
전라남도 여수시,q,2.0,-0.07081147702910696
전라남도 여수시,share_korean,0.4952298869312888,-0.020762563964163393
전라남도 여수시,share_chinese,0.024947747120085528,0.06193834741136198
전라남도 여수시,share_japanese,0.03770015255438504,0.02970391274671282
전라남도 여수시,share_western,0.10843073190068349,-0.1183488581065723
전라남도 여수시,share_bakery,0.021500901769733828,0.17560359057109315
전라남도 여수시,share_supermarket,0.15739013596044912,-0.015739641762437872
전라남도 여수시,share_convenience,0.15480044376337426,0.010062720221922651
전라남도 여수시,share_change_korean,0.008533188725924401,0.0370724909868641
전라남도 여수시,share_change_chinese,-0.0012949054797637555,-0.019281017228663145
전라남도 여수시,share_change_japanese,0.0012778131086846264,0.01681148383805483
전라남도 여수시,share_change_western,-0.0032635939247651763,0.30218042264465805
전라남도 여수시,share_change_bakery,-0.0008847634735048883,0.003266444157201504
전라남도 여수시,share_change_supermarket,-0.011274800264396673,0.02803775391831196
전라남도 여수시,share_change_convenience,0.00690706130782151,-0.23951723462469657
전라남도 완도군,amount_growth,0.08453441351446034,-0.2515527506828346
전라남도 완도군,count_growth,0.1109805809927853,-0.13404738244172704
전라남도 완도군,ticket_growth,-0.02380434719632296,0.34482469580445363
전라남도 완도군,concentration,0.2993589794821001,0.06206103726825379
전라남도 완도군,q,2.0,-0.07081147702910696
전라남도 완도군,share_korean,0.47104898398921685,-0.05312687165144081
전라남도 완도군,share_chinese,0.047954372212117014,-0.0808749057725491
전라남도 완도군,share_japanese,0.02775191799983768,-0.027915816398770204
전라남도 완도군,share_western,0.06649384378147931,-0.0486667174803868
전라남도 완도군,share_bakery,0.019156923498024312,0.19810411607157236
전라남도 완도군,share_supermarket,0.15177382162959568,-0.018749513005209297
전라남도 완도군,share_convenience,0.21582013688972912,-0.1817720586182725
전라남도 완도군,share_change_korean,0.021166431250132733,0.18733972922926523
전라남도 완도군,share_change_chinese,-0.0015322598560766135,-0.023192738451719545
전라남도 완도군,share_change_japanese,0.005330795787376361,0.06649727957562367
전라남도 완도군,share_change_western,0.0005076405985808691,-0.046923570739699126
전라남도 완도군,share_change_bakery,-0.0013294686705474582,0.006300097020777829
전라남도 완도군,share_change_supermarket,-0.014975400422529844,0.04205997552087104
전라남도 완도군,share_change_convenience,-0.009167738686936072,0.25255600918229926
전라남도 장성군,amount_growth,0.16585896936132327,-0.5566899641686469
전라남도 장성군,count_growth,0.16177182471832263,-0.20021363752203164
전라남도 장성군,ticket_growth,0.003518026996386814,0.07127496820913054
전라남도 장성군,concentration,0.35516034525188267,-0.032636992721637594
전라남도 장성군,q,2.0,-0.07081147702910696
전라남도 장성군,share_korean,0.551896059496323,0.05508081743265988
전라남도 장성군,share_chinese,0.05164380553296811,-0.10377700344433499
전라남도 장성군,share_japanese,0.004574205202169186,-0.16216009122871952
전라남도 장성군,share_western,0.15023454672435863,-0.1878098847562919
전라남도 장성군,share_bakery,0.02100533591324838,0.18036067058569813
전라남도 장성군,share_supermarket,0.09405808370083274,-0.04968028532555382
전라남도 장성군,share_convenience,0.12658796343009993,0.0987576094941451
전라남도 장성군,share_change_korean,0.014048078816473297,0.10266984665617589
전라남도 장성군,share_change_chinese,-0.0036963384455158538,-0.05885785774791197
전라남도 장성군,share_change_japanese,-0.0006940879308275361,-0.007362187759161704
전라남도 장성군,share_change_western,0.004071704798525311,-0.37684976259447683
전라남도 장성군,share_change_bakery,-0.0010458384963175846,0.004365252328223579
전라남도 장성군,share_change_supermarket,-0.006145589803389501,0.008602277871991552
전라남도 장성군,share_change_convenience,-0.006537928938948168,0.17205366926455887
전라남도 장흥군,amount_growth,0.04630470941635023,-0.10811138467217174
전라남도 장흥군,count_growth,0.08553649061704638,-0.10090111449080073
전라남도 장흥군,ticket_growth,-0.03614045362804519,0.4683329433009296
전라남도 장흥군,concentration,0.32445850812612825,0.019465737252291882
전라남도 장흥군,q,2.0,-0.07081147702910696
전라남도 장흥군,share_korean,0.47512705771813357,-0.047668678743994546
전라남도 장흥군,share_chinese,0.028156749600201203,0.042018516413668626
전라남도 장흥군,share_japanese,0.0034522685319198407,-0.16865829819234632
전라남도 장흥군,share_western,0.07015341833901989,-0.0547474497518349
전라남도 장흥군,share_bakery,0.020056375189222278,0.18947001909272587
전라남도 장흥군,share_supermarket,0.27688617241886576,0.04830016487472026
전라남도 장흥군,share_convenience,0.1261679582026375,0.10007802927657733
전라남도 장흥군,share_change_korean,0.02160802889561181,0.19259235209891493
전라남도 장흥군,share_change_chinese,-0.0002089811413394753,-0.0013844300781121666
전라남도 장흥군,share_change_japanese,-8.786205073699508e-05,6.957734740155411e-05
전라남도 장흥군,share_change_western,0.0004778889330964986,-0.04416945264756471
전라남도 장흥군,share_change_bakery,-0.002956956158063042,0.017402355572668938
전라남도 장흥군,share_change_supermarket,-0.024911201032637442,0.07970846279328515
전라남도 장흥군,share_change_convenience,0.006079082554068679,-0.21417158856407362
전라남도 진도군,amount_growth,0.023320886056682477,-0.021873965454964023
전라남도 진도군,count_growth,0.06306454261783534,-0.07162668578214623
전라남도 진도군,ticket_growth,-0.03738592998622903,0.4808025667715909
전라남도 진도군,concentration,0.2960091001078373,0.06774596940334213
전라남도 진도군,q,2.0,-0.07081147702910696
전라남도 진도군,share_korean,0.4317866872919192,-0.10567648296515456
전라남도 진도군,share_chinese,0.022462189102826303,0.07736740860578672
전라남도 진도군,share_japanese,0.004702656740763878,-0.16141610566810932
전라남도 진도군,share_western,0.07987327368867272,-0.07089791674441401
전라남도 진도군,share_bakery,0.017107556229842658,0.21777658532357544
전라남도 진도군,share_supermarket,0.2654633616682656,0.04217850081454163
전라남도 진도군,share_convenience,0.1786042752777096,-0.0647721817603937
전라남도 진도군,share_change_korean,0.042706128382138275,0.44354559200771854
전라남도 진도군,share_change_chinese,0.0009601951708736699,0.017884192076764942
전라남도 진도군,share_change_japanese,0.001544329411212081,0.020078725673982344
전라남도 진도군,share_change_western,0.002302725027600566,-0.2130949235827565
전라남도 진도군,share_change_bakery,0.0013717293822845915,-0.01212671081181945
전라남도 진도군,share_change_supermarket,-0.04941806787439845,0.17256926994758612
전라남도 진도군,share_change_convenience,0.0005329605002892535,-0.04439664452478286
전라남도 함평군,amount_growth,0.17716768470638522,-0.599121304279428
전라남도 함평군,count_growth,0.1506104692745891,-0.1856736294977606
전라남도 함평군,ticket_growth,0.023080978437941102,-0.12458795351403332
전라남도 함평군,concentration,0.46792571997042287,-0.22400612302167663
전라남도 함평군,q,2.0,-0.07081147702910696
전라남도 함평군,share_korean,0.6619933724190671,0.20243773456310182
전라남도 함평군,share_chinese,0.03674501272788857,-0.01129298805767939
전라남도 함평군,share_japanese,0.0029925378606671577,-0.17132103765754542
전라남도 함평군,share_western,0.11474654216964232,-0.12884317943244009
전라남도 함평군,share_bakery,0.018276479769815526,0.2065557501150273
전라남도 함평군,share_supermarket,0.05835972609723478,-0.06881159700712647
전라남도 함평군,share_convenience,0.1068863289556846,0.16069595265106032
전라남도 함평군,share_change_korean,0.039594306330066,0.4065317450265766
전라남도 함평군,share_change_chinese,-0.0037683094796271133,-0.060043977110662804
전라남도 함평군,share_change_japanese,-0.0005753967655629166,-0.005907144532799955
전라남도 함평군,share_change_western,-0.02366301397600175,2.1905591374992874
전라남도 함평군,share_change_bakery,-0.003028364893491474,0.01788948573475717
전라남도 함평군,share_change_supermarket,-0.009406368658559004,0.020957939589087617
전라남도 함평군,share_change_convenience,0.0008471474431762799,-0.05401436842795072
전라남도 해남군,amount_growth,0.08356637469766226,-0.24792058000538156
전라남도 해남군,count_growth,0.08327073239650162,-0.09794948886845976
전라남도 해남군,ticket_growth,0.0002729163562893433,0.10376479231278422
전라남도 해남군,concentration,0.3163200705531349,0.033277119728803414
전라남도 해남군,q,2.0,-0.07081147702910696
전라남도 해남군,share_korean,0.4903594839358419,-0.027281229602220597
전라남도 해남군,share_chinese,0.030626308256495965,0.026688770993680958
전라남도 해남군,share_japanese,0.006633342049779752,-0.15023366279739842
전라남도 해남군,share_western,0.07530630729642361,-0.06330946636928864
전라남도 해남군,share_bakery,0.029460325641385184,0.0991987783103553
전라남도 해남군,share_supermarket,0.20351260158134024,0.008978113466361605
전라남도 해남군,share_convenience,0.16410163123873336,-0.019178515695012135
전라남도 해남군,share_change_korean,0.01738064724000571,0.14230938118568728
전라남도 해남군,share_change_chinese,-0.0022226001791223367,-0.0345698991965045
전라남도 해남군,share_change_japanese,-3.2804465824095436e-05,0.0007445320991621029
전라남도 해남군,share_change_western,0.00012805289601405812,-0.011785055225662032
전라남도 해남군,share_change_bakery,-0.002419459235085783,0.013735703843844331
전라남도 해남군,share_change_supermarket,-0.003607445177502666,-0.0010151962896816642
전라남도 해남군,share_change_convenience,-0.009226391078484858,0.254351445055583
전라남도 화순군,amount_growth,0.15087070077724274,-0.5004526018726227
전라남도 화순군,count_growth,0.1503986456662998,-0.18539768479016813
전라남도 화순군,ticket_growth,0.00041034046130117297,0.10238891164348839
전라남도 화순군,concentration,0.35349419272239424,-0.029809438950710535
전라남도 화순군,q,2.0,-0.07081147702910696
전라남도 화순군,share_korean,0.5487073707972325,0.050812999046244124
전라남도 화순군,share_chinese,0.02768013579223438,0.044977088918581105
전라남도 화순군,share_japanese,0.0076405005588742895,-0.14440024580442362
전라남도 화순군,share_western,0.13353376978754028,-0.16005995052726602
전라남도 화순군,share_bakery,0.031191966209432397,0.08257625956550611
전라남도 화순군,share_supermarket,0.150354682841575,-0.019510051816952746
전라남도 화순군,share_convenience,0.10089157401311112,0.17954236812267557
전라남도 화순군,share_change_korean,0.03137957571242811,0.3088208936396644
전라남도 화순군,share_change_chinese,-0.004309542926416301,-0.06896378045839043
전라남도 화순군,share_change_japanese,-0.0007046330199041483,-0.007491460737467189
전라남도 화순군,share_change_western,0.004526563770988479,-0.41895615580088696
전라남도 화순군,share_change_bakery,-0.002353456868700962,0.013285454399678381
전라남도 화순군,share_change_supermarket,-0.018812377166606498,0.05659895187341225
전라남도 화순군,share_change_convenience,-0.009726129501788652,0.2696491723735147
전북특별자치도 고창군,amount_growth,0.3671298654056021,-1.311876878320271
전북특별자치도 고창군,count_growth,0.3421904783776957,-0.4352468003990628
전북특별자치도 고창군,ticket_growth,0.018581108590526307,-0.0795355666938877
전북특별자치도 고창군,concentration,0.3651855321283205,-0.049650293998096194
전북특별자치도 고창군,q,2.0,-0.07081147702910696
전북특별자치도 고창군,share_korean,0.5607533617559587,0.06693564586056405
전북특별자치도 고창군,share_chinese,0.03286188671901133,0.012811453842531868
전북특별자치도 고창군,share_japanese,0.008161875163450369,-0.1413804674372886
전북특별자치도 고창군,share_western,0.09928507568892429,-0.10315247776344624
전북특별자치도 고창군,share_bakery,0.019500009122811284,0.19481073791080256
전북특별자치도 고창군,share_supermarket,0.1522521180126868,-0.018493186445800232
전북특별자치도 고창군,share_convenience,0.1271856735371572,0.09687851800215004
전북특별자치도 고창군,share_change_korean,0.037922202373326,0.386642754282353
전북특별자치도 고창군,share_change_chinese,-0.0018541139045920585,-0.028497057385552853
전북특별자치도 고창군,share_change_japanese,-0.002246065386359953,-0.026387987018137635
전북특별자치도 고창군,share_change_western,0.006097942705501749,-0.5644190427581037
전북특별자치도 고창군,share_change_bakery,-0.004034782749557889,0.024754983217841368
전북특별자치도 고창군,share_change_supermarket,-0.028771630883015542,0.09433630706988579
전북특별자치도 고창군,share_change_convenience,-0.007113552155302377,0.18967434158237353
전북특별자치도 군산시,amount_growth,0.04119730467895555,-0.0889479323362317
전북특별자치도 군산시,count_growth,0.09762794103924977,-0.11665276643399013
전북특별자치도 군산시,ticket_growth,-0.0514114430312923,0.6212250368615226
전북특별자치도 군산시,concentration,0.25868449861244613,0.1310878998921713
전북특별자치도 군산시,q,2.0,-0.07081147702910696
전북특별자치도 군산시,share_korean,0.39940516854780234,-0.1490166939790507
전북특별자치도 군산시,share_chinese,0.0407051429816804,-0.03587543256284607
전북특별자치도 군산시,share_japanese,0.0214357263502894,-0.06449891564943845
전북특별자치도 군산시,share_western,0.09267273896989485,-0.09216544945048702
전북특별자치도 군산시,share_bakery,0.04255554344773824,-0.026506005621486382
전북특별자치도 군산시,share_supermarket,0.2533280489696015,0.03567499574661966
전북특별자치도 군산시,share_convenience,0.14989763073299328,0.02547626960556812
전북특별자치도 군산시,share_change_korean,0.017781484720546803,0.1470771786113705
전북특별자치도 군산시,share_change_chinese,-0.001724398854107495,-0.026359287171190005
전북특별자치도 군산시,share_change_japanese,-0.0005994450474079149,-0.006201954087716622
전북특별자치도 군산시,share_change_western,0.00016576638403507926,-0.015276200947596626
전북특별자치도 군산시,share_change_bakery,-0.0008757706494584919,0.003205097659338613
전북특별자치도 군산시,share_change_supermarket,-0.022088137902790794,0.0690113825594959
전북특별자치도 군산시,share_change_convenience,0.007340501349182765,-0.2527854710704395
전북특별자치도 김제시,amount_growth,0.0751766171667172,-0.21644143808870375
전북특별자치도 김제시,count_growth,0.12686729055312185,-0.15474315596592264
전북특별자치도 김제시,ticket_growth,-0.04587112770043422,0.5657557815596607
전북특별자치도 김제시,concentration,0.2676110242070059,0.11593908808805393
전북특별자치도 김제시,q,2.0,-0.07081147702910696
전북특별자치도 김제시,share_korean,0.3778296698478399,-0.17789386536114665
전북특별자치도 김제시,share_chinese,0.038309376401524355,-0.02100375026208637
전북특별자치도 김제시,share_japanese,0.009883017345703913,-0.1314116889752867
전북특별자치도 김제시,share_western,0.09779789987447353,-0.10068139326275902
전북특별자치도 김제시,share_bakery,0.021068904261636254,0.17975045962035435
전북특별자치도 김제시,share_supermarket,0.2972659783172437,0.05922202360506491
전북특별자치도 김제시,share_convenience,0.15784515395157836,0.0004907070625455358
전북특별자치도 김제시,share_change_korean,0.011842533100020258,0.07643578497377936
전북특별자치도 김제시,share_change_chinese,-0.001293277065155779,-0.019254180125084484
전북특별자치도 김제시,share_change_japanese,-0.0006123188835448334,-0.006359775337735961
전북특별자치도 김제시,share_change_western,0.0019888955979472794,-0.18404366557817853
전북특별자치도 김제시,share_change_bakery,-0.0023179698333901794,0.01304337189871745
전북특별자치도 김제시,share_change_supermarket,-0.016668762565673734,0.04847642101887004
전북특별자치도 김제시,share_change_convenience,0.007060899649797031,-0.2442264522810576
전북특별자치도 남원시,amount_growth,0.17196035740034654,-0.5795829332754071
전북특별자치도 남원시,count_growth,0.1713043053566976,-0.21263169424210482
전북특별자치도 남원시,ticket_growth,0.0005601038437650363,0.10088949097865922
전북특별자치도 남원시,concentration,0.30886896675574854,0.045922058452593256
전북특별자치도 남원시,q,2.0,-0.07081147702910696
전북특별자치도 남원시,share_korean,0.48901138139718997,-0.029085562776190656
전북특별자치도 남원시,share_chinese,0.046467237164811936,-0.07164353901710926
전북특별자치도 남원시,share_japanese,0.01262400581108268,-0.1155360065011712
전북특별자치도 남원시,share_western,0.08796506004921464,-0.08434319178460295
전북특별자치도 남원시,share_bakery,0.02617945798595383,0.1306927760302621
전북특별자치도 남원시,share_supermarket,0.20015384678166406,0.007178103907151333
전북특별자치도 남원시,share_convenience,0.13759901081008288,0.0641408860936529
전북특별자치도 남원시,share_change_korean,0.037045571883970396,0.37621559416553213
전북특별자치도 남원시,share_change_chinese,-0.005069577151288654,-0.08148953226405177
전북특별자치도 남원시,share_change_japanese,-0.008162174517550597,-0.09891397914707203
전북특별자치도 남원시,share_change_western,-0.0028747925046100214,0.2661889913058176
전북특별자치도 남원시,share_change_bakery,-0.0014852322897963462,0.007362672301475905
전북특별자치도 남원시,share_change_supermarket,-0.015395913911232517,0.043653374719240176
전북특별자치도 남원시,share_change_convenience,-0.004057881509492239,0.09613577393736514
전북특별자치도 부안군,amount_growth,0.18857529624302627,-0.6419237119971398
전북특별자치도 부안군,count_growth,0.19282894469089573,-0.24067205459228924
전북특별자치도 부안군,ticket_growth,-0.0035660171282747566,0.14219992981409532
전북특별자치도 부안군,concentration,0.29702864669944606,0.06601574197294939
전북특별자치도 부안군,q,2.0,-0.07081147702910696
전북특별자치도 부안군,share_korean,0.4514831005259103,-0.0793143252009156
전북특별자치도 부안군,share_chinese,0.02899345682734287,0.03682466983284273
전북특별자치도 부안군,share_japanese,0.030537131946538038,-0.011783981916868169
전북특별자치도 부안군,share_western,0.08185107024419656,-0.07418421441438555
전북특별자치도 부안군,share_bakery,0.009503511651536976,0.2907700089427135
전북특별자치도 부안군,share_supermarket,0.2516036914212977,0.03475088539752765
전북특별자치도 부안군,share_convenience,0.14602803738317757,0.03764156488042704
전북특별자치도 부안군,share_change_korean,0.028675497991732246,0.2766569982420149
전북특별자치도 부안군,share_change_chinese,-0.00195384069637565,-0.030140605796107563
전북특별자치도 부안군,share_change_japanese,0.006285266896994161,0.07819820710220975
전북특별자치도 부안군,share_change_western,-0.0027608816668052844,0.25564424047655643
전북특별자치도 부안군,share_change_bakery,-0.002918539479934708,0.017140287878411802
전북특별자치도 부안군,share_change_supermarket,-0.028697039004598857,0.0940536653890192
전북특별자치도 부안군,share_change_convenience,0.0013695359589880884,-0.07000544835347829
전북특별자치도 완주군,amount_growth,0.11644013275666576,-0.37126594385612105
전북특별자치도 완주군,count_growth,0.16850822278308208,-0.2089892098447712
전북특별자치도 완주군,ticket_growth,-0.044559455390398184,0.5526234087807085
전북특별자치도 완주군,concentration,0.2998571601440852,0.06121559689921903
전북특별자치도 완주군,q,2.0,-0.07081147702910696
전북특별자치도 완주군,share_korean,0.46730792077900934,-0.05813400149695414
전북특별자치도 완주군,share_chinese,0.02800455859510787,0.04296323961647493
전북특별자치도 완주군,share_japanese,0.010621174586272292,-0.1271363152861043
전북특별자치도 완주군,share_western,0.10996422646889287,-0.12089690563570037
전북특별자치도 완주군,share_bakery,0.020196864425797423,0.18812142226985665
전북특별자치도 완주군,share_supermarket,0.2125290962453193,0.013810194863698336
전북특별자치도 완주군,share_convenience,0.1513761588996009,0.020828046887324567
전북특별자치도 완주군,share_change_korean,0.01762124301653689,0.14517116926605125
전북특별자치도 완주군,share_change_chinese,-0.0019295543266588389,-0.029740354031939444
전북특별자치도 완주군,share_change_japanese,-0.0012730838254816652,-0.01446013858582598
전북특별자치도 완주군,share_change_western,0.004089016948770091,-0.3784523520773394
전북특별자치도 완주군,share_change_bakery,-0.0035700371916094972,0.021584620689855095
전북특별자치도 완주군,share_change_supermarket,-0.019379467502836034,0.058747756397944224
전북특별자치도 완주군,share_change_convenience,0.004441882881279058,-0.1640545013211794
전북특별자치도 익산시,amount_growth,0.046316495869729746,-0.10815560852932846
전북특별자치도 익산시,count_growth,0.12152467922701682,-0.14778328339993047
전북특별자치도 익산시,ticket_growth,-0.06705887507453034,0.7778860481925286
전북특별자치도 익산시,concentration,0.25953214233989447,0.12964940121000978
전북특별자치도 익산시,q,2.0,-0.07081147702910696
전북특별자치도 익산시,share_korean,0.3583707495491805,-0.2039381568136501
전북특별자치도 익산시,share_chinese,0.028751103351673215,0.0383290751135981
전북특별자치도 익산시,share_japanese,0.02035127953359274,-0.07077998305975404
전북특별자치도 익산시,share_western,0.08750522220643404,-0.08357912733769407
전북특별자치도 익산시,share_bakery,0.02230019457259053,0.16793094773558162
전북특별자치도 익산시,share_supermarket,0.2923376101978574,0.05658083356432189
전북특별자치도 익산시,share_convenience,0.19038384058867155,-0.10180498527814895
전북특별자치도 익산시,share_change_korean,0.020823477603875096,0.1832604362710604
전북특별자치도 익산시,share_change_chinese,-0.0025021408014359835,-0.0391768712776485
전북특별자치도 익산시,share_change_japanese,-0.0024475162367731257,-0.028857586964224583
전북특별자치도 익산시,share_change_western,0.0022010504109157975,-0.20368288238225768
전북특별자치도 익산시,share_change_bakery,-0.0008853042483915399,0.0032701331702698266
전북특별자치도 익산시,share_change_supermarket,-0.026388753829489853,0.08530716891164551
전북특별자치도 익산시,share_change_convenience,0.00919918710129966,-0.30968257259333776
전북특별자치도 장수군,amount_growth,0.5790589703456153,-2.1070543725534896
전북특별자치도 장수군,count_growth,0.5571206217090374,-0.7152384218871137
전북특별자치도 장수군,ticket_growth,0.014089048934756931,-0.03456137497428504
전북특별자치도 장수군,concentration,0.3355741270532063,0.0006019119678818207
전북특별자치도 장수군,q,2.0,-0.07081147702910696
전북특별자치도 장수군,share_korean,0.5215073387828638,0.014407815694501325
전북특별자치도 장수군,share_chinese,0.05594754519973612,-0.13049239782352462
전북특별자치도 장수군,share_japanese,0.0037104136039568815,-0.1671631334925739
전북특별자치도 장수군,share_western,0.08826631928979736,-0.08484376275466521
전북특별자치도 장수군,share_bakery,0.01828081937184171,0.2065140930198099
전북특별자치도 장수군,share_supermarket,0.19841336284697222,0.0062453511737873895
전북특별자치도 장수군,share_convenience,0.11387420090483191,0.13872735855878196
전북특별자치도 장수군,share_change_korean,-0.009479589598201388,-0.17718211915397836
전북특별자치도 장수군,share_change_chinese,0.00821921489811591,0.1375165408319891
전북특별자치도 장수군,share_change_japanese,-0.0002819295577673876,-0.002309509680111666
전북특별자치도 장수군,share_change_western,-0.0002156384918346882,0.02003053069110903
전북특별자치도 장수군,share_change_bakery,0.004796746441514708,-0.035491206838918016
전북특별자치도 장수군,share_change_supermarket,0.006706860879883925,-0.04009790694012192
전북특별자치도 장수군,share_change_convenience,-0.009745664571711082,0.27024716956339334
전북특별자치도 전주시 덕진구,amount_growth,0.049359838328571604,-0.11957450935090468
전북특별자치도 전주시 덕진구,count_growth,0.13672993022947577,-0.16759131412714245
전북특별자치도 전주시 덕진구,ticket_growth,-0.07686090563592929,0.8760233027019539
전북특별자치도 전주시 덕진구,concentration,0.251336556422785,0.14355776761389155
전북특별자치도 전주시 덕진구,q,2.0,-0.07081147702910696
전북특별자치도 전주시 덕진구,share_korean,0.3936681418144469,-0.15669526987231885
전북특별자치도 전주시 덕진구,share_chinese,0.03293761748209417,0.012341356355451643
전북특별자치도 전주시 덕진구,share_japanese,0.025331073833750793,-0.0419372374246334
전북특별자치도 전주시 덕진구,share_western,0.1266304883765738,-0.14858948985088558
전북특별자치도 전주시 덕진구,share_bakery,0.030887379521590916,0.08550007529349296
전북특별자치도 전주시 덕진구,share_supermarket,0.22157164682018923,0.01865624003376478
전북특별자치도 전주시 덕진구,share_convenience,0.1689736521513541,-0.03449526028010959
전북특별자치도 전주시 덕진구,share_change_korean,0.009438684029519973,0.0478429862300319
전북특별자치도 전주시 덕진구,share_change_chinese,-0.00316176319559746,-0.05004778488171733
전북특별자치도 전주시 덕진구,share_change_japanese,-0.0035122603242418275,-0.04191035857385568
전북특별자치도 전주시 덕진구,share_change_western,0.004492398383002333,-0.4157934584646028
전북특별자치도 전주시 덕진구,share_change_bakery,-0.0009482897626525849,0.0036998025039600185
전북특별자치도 전주시 덕진구,share_change_supermarket,-0.017779820739019875,0.05268641487236796
전북특별자치도 전주시 덕진구,share_change_convenience,0.011471051608989369,-0.37922768283753633
전북특별자치도 전주시 완산구,amount_growth,0.04304959805377062,-0.0958979074460079
전북특별자치도 전주시 완산구,count_growth,0.1062438528629599,-0.12787679990238862
전북특별자치도 전주시 완산구,ticket_growth,-0.05712506753880964,0.678429451697125
전북특별자치도 전주시 완산구,concentration,0.2797641533492608,0.0953145501021486
전북특별자치도 전주시 완산구,q,2.0,-0.07081147702910696
전북특별자치도 전주시 완산구,share_korean,0.4584495770196722,-0.06999022389334972
전북특별자치도 전주시 완산구,share_chinese,0.02732946206890905,0.04715389038484879
전북특별자치도 전주시 완산구,share_japanese,0.031934349523187675,-0.00369136026802896
전북특별자치도 전주시 완산구,share_western,0.1350249305608148,-0.1625376564172265
전북특별자치도 전주시 완산구,share_bakery,0.039528652746762406,0.0025499938416820127
전북특별자치도 전주시 완산구,share_supermarket,0.17227007288811746,-0.007765249373677835
전북특별자치도 전주시 완산구,share_convenience,0.1354629551925364,0.0708562551161399
전북특별자치도 전주시 완산구,share_change_korean,0.00840537000648911,0.03555213974462234
전북특별자치도 전주시 완산구,share_change_chinese,-0.0032255501097027614,-0.05109902577112101
전북특별자치도 전주시 완산구,share_change_japanese,-0.005556613591910946,-0.06697222706070222
전북특별자치도 전주시 완산구,share_change_western,0.0038679397547526917,-0.3579871885347643
전북특별자치도 전주시 완산구,share_change_bakery,6.365234512308027e-05,-0.0032033798591937952
전북특별자치도 전주시 완산구,share_change_supermarket,-0.008963469573432581,0.019279717448399406
전북특별자치도 전주시 완산구,share_change_convenience,0.005408671168681434,-0.19364931113603528
전북특별자치도 정읍시,amount_growth,0.145534891580555,-0.48043215499757136
전북특별자치도 정읍시,count_growth,0.16889286336547205,-0.20949028493216576
전북특별자치도 정읍시,ticket_growth,-0.019982987763022764,0.30656550849334485
전북특별자치도 정읍시,concentration,0.264801116681358,0.12070765787952527
전북특별자치도 정읍시,q,2.0,-0.07081147702910696
전북특별자치도 정읍시,share_korean,0.40077115265612545,-0.14718842767801107
전북특별자치도 정읍시,share_chinese,0.03971733061685718,-0.02974360328361125
전북특별자치도 정읍시,share_japanese,0.020459852653434977,-0.07015113241057729
전북특별자치도 정읍시,share_western,0.10207289025454903,-0.10778469763749629
전북특별자치도 정읍시,share_bakery,0.021064751031435233,0.17979032767850803
전북특별자치도 정읍시,share_supermarket,0.2571133544305559,0.0377036005185148
전북특별자치도 정읍시,share_convenience,0.1588006683570422,-0.0025132558428596495
전북특별자치도 정읍시,share_change_korean,0.0025530086728918766,-0.03405929794535274
전북특별자치도 정읍시,share_change_chinese,-0.0006682882768106746,-0.008954046015404664
전북특별자치도 정읍시,share_change_japanese,0.001303253165057,0.017123355253423917
전북특별자치도 정읍시,share_change_western,-0.007049051996141503,0.6526010929385858
전북특별자치도 정읍시,share_change_bakery,-0.0026288539058129563,0.015164134963367099
전북특별자치도 정읍시,share_change_supermarket,0.00345659605665094,-0.02778208472998427
전북특별자치도 정읍시,share_change_convenience,0.0030333362841653,-0.12093682064576736
전북특별자치도 진안군,amount_growth,0.3632345787406712,-1.2972614044785986
전북특별자치도 진안군,count_growth,0.2853829078801331,-0.36124301698424066
전북특별자치도 진안군,ticket_growth,0.06056690997154468,-0.4998945168217805
전북특별자치도 진안군,concentration,0.4442845568175689,-0.18388575058345907
전북특별자치도 진안군,q,2.0,-0.07081147702910696
전북특별자치도 진안군,share_korean,0.6410931482408233,0.17446436699869783
전북특별자치도 진안군,share_chinese,0.04560151439326356,-0.06626957891363291
전북특별자치도 진안군,share_japanese,0.002754629125960095,-0.17269899439750783
전북특별자치도 진안군,share_western,0.08149872712635174,-0.07359876270856171
전북특별자치도 진안군,share_bakery,0.014530342261580974,0.2425160077461096
전북특별자치도 진안군,share_supermarket,0.13308818729737373,-0.028763438529379716
전북특별자치도 진안군,share_convenience,0.08143345155464653,0.2407151539434025
전북특별자치도 진안군,share_change_korean,0.0464951866115505,0.48861488554675764
전북특별자치도 진안군,share_change_chinese,-0.002563596008596833,-0.04018968444693912
전북특별자치도 진안군,share_change_japanese,-0.0058829371685476944,-0.07097265041764585
전북특별자치도 진안군,share_change_western,-0.004194710458926429,0.38837408107921434
전북특별자치도 진안군,share_change_bakery,-0.004838925562298101,0.030240617662451074
전북특별자치도 진안군,share_change_supermarket,-0.020394721474264688,0.06259473136468377
전북특별자치도 진안군,share_change_convenience,-0.00862029593891682,0.235797982400983
제주특별자치도 서귀포시,amount_growth,0.11646446982338121,-0.37135725876887576
제주특별자치도 서귀포시,count_growth,0.16249398042036467,-0.2011543968908554
제주특별자치도 서귀포시,ticket_growth,-0.03959548296356685,0.5029244589173866
제주특별자치도 서귀포시,concentration,0.2824622396632747,0.09073574714356288
제주특별자치도 서귀포시,q,2.0,-0.07081147702910696
제주특별자치도 서귀포시,share_korean,0.46232056482871553,-0.06480919980977003
제주특별자치도 서귀포시,share_chinese,0.029366116665477955,0.03451138991446415
제주특별자치도 서귀포시,share_japanese,0.03777416740286519,0.03013260343537585
제주특별자치도 서귀포시,share_western,0.12405707153866001,-0.14431351225618208
제주특별자치도 서귀포시,share_bakery,0.030341588820692378,0.09073927811875443
제주특별자치도 서귀포시,share_supermarket,0.16671618413028738,-0.010741665769375564
제주특별자치도 서귀포시,share_convenience,0.14942430661330158,0.026964314254248424
제주특별자치도 서귀포시,share_change_korean,-0.0018261821879982931,-0.08614797709018424
제주특별자치도 서귀포시,share_change_chinese,-0.00044663420112065616,-0.0053010737571188805
제주특별자치도 서귀포시,share_change_japanese,0.004143611413519543,0.05194350400377158
제주특별자치도 서귀포시,share_change_western,0.0012274762455439375,-0.11355891186726565
제주특별자치도 서귀포시,share_change_bakery,-0.0015941189827905627,0.008105466472095054
제주특별자치도 서귀포시,share_change_supermarket,-0.0046128077558386105,0.0027942984576401985
제주특별자치도 서귀포시,share_change_convenience,0.00310865546868469,-0.12324245153756329
제주특별자치도 제주시,amount_growth,0.10811969010514311,-0.3400468777423765
제주특별자치도 제주시,count_growth,0.17195332933343432,-0.21347718418974324
제주특별자치도 제주시,ticket_growth,-0.054467731462137126,0.6518243860181347
제주특별자치도 제주시,concentration,0.27217047357840995,0.10820144820497378
제주특별자치도 제주시,q,2.0,-0.07081147702910696
제주특별자치도 제주시,share_korean,0.4460421908014682,-0.08659657089878679
제주특별자치도 제주시,share_chinese,0.026606506478581978,0.05164162551979758
제주특별자치도 제주시,share_japanese,0.0367996606482396,0.02448830394242676
제주특별자치도 제주시,share_western,0.11518906600921557,-0.1295784750111662
제주특별자치도 제주시,share_bakery,0.041565270075936904,-0.017000085057465582
제주특별자치도 제주시,share_supermarket,0.18186867380344088,-0.0026212080747141913
제주특별자치도 제주시,share_convenience,0.1519286321831169,0.019091171712633945
제주특별자치도 제주시,share_change_korean,0.007651586597851701,0.026586195266644002
제주특별자치도 제주시,share_change_chinese,-0.000559501158196047,-0.007161178795972907
제주특별자치도 제주시,share_change_japanese,0.0012001929363598465,0.015859932762468
제주특별자치도 제주시,share_change_western,2.677361542215151e-05,-0.002409610372564231
제주특별자치도 제주시,share_change_bakery,-0.0024936614329901935,0.014241890215520182
제주특별자치도 제주시,share_change_supermarket,-0.013500640488961851,0.03647185205024519
제주특별자치도 제주시,share_change_convenience,0.007675249930514383,-0.2630326169341118
충청남도 계룡시,amount_growth,0.10819093879203168,-0.3403142093687876
충청남도 계룡시,count_growth,0.1442771588453171,-0.17742316342076495
충청남도 계룡시,ticket_growth,-0.03153625830450013,0.42223605700297867
충청남도 계룡시,concentration,0.29978661910579407,0.06133530897557162
충청남도 계룡시,q,2.0,-0.07081147702910696
충청남도 계룡시,share_korean,0.47844414710234323,-0.043229005762636295
충청남도 계룡시,share_chinese,0.044106849345702435,-0.05699146980338264
충청남도 계룡시,share_japanese,0.01367483777669277,-0.10944963480337164
충청남도 계룡시,share_western,0.12065463300820341,-0.1386600360259642
충청남도 계룡시,share_bakery,0.04254890925558044,-0.026442322091812416
충청남도 계룡시,share_supermarket,0.0902598927332158,-0.05171579564326911
충청남도 계룡시,share_convenience,0.2103107307782619,-0.1644514912934648
충청남도 계룡시,share_change_korean,0.010200504775953079,0.056904531544538645
충청남도 계룡시,share_change_chinese,-0.009724276304314702,-0.15820134919653053
충청남도 계룡시,share_change_japanese,-0.0026029544573836164,-0.030763114890526237
충청남도 계룡시,share_change_western,0.009109832938813178,-0.8432303714026685
충청남도 계룡시,share_change_bakery,-0.0049710094587176665,0.031141656582774683
충청남도 계룡시,share_change_supermarket,-0.006894694663370032,0.011440767279477277
충청남도 계룡시,share_change_convenience,0.004882597169019787,-0.17754541313541009
충청남도 공주시,amount_growth,0.19866624969241053,-0.6797858974698555
충청남도 공주시,count_growth,0.2046646847949638,-0.25609059017731595
충청남도 공주시,ticket_growth,-0.004979340042307379,0.15635002143537943
충청남도 공주시,concentration,0.359359659449027,-0.03976346312773457
충청남도 공주시,q,2.0,-0.07081147702910696
충청남도 공주시,share_korean,0.5567990486952098,0.061643097236698176
충청남도 공주시,share_chinese,0.03610698629245523,-0.007332449278215825
충청남도 공주시,share_japanese,0.009881027740473641,-0.13142321267970342
충청남도 공주시,share_western,0.09446965349551266,-0.0951511943706018
충청남도 공주시,share_bakery,0.029740106844306665,0.09651307760789174
충청남도 공주시,share_supermarket,0.15722323124160656,-0.015829088628110496
충청남도 공주시,share_convenience,0.11577994569043548,0.13273604475923392
충청남도 공주시,share_change_korean,0.008479320210691421,0.036431747092589346
충청남도 공주시,share_change_chinese,-0.002990732475428394,-0.047229111351139115
충청남도 공주시,share_change_japanese,-4.905815764139412e-05,0.0005452769639597055
충청남도 공주시,share_change_western,0.004420233536486767,-0.4091131430547299
충청남도 공주시,share_change_bakery,0.0006192772073650155,-0.006993695253805871
충청남도 공주시,share_change_supermarket,-0.011832882288853486,0.030152424373086507
충청남도 공주시,share_change_convenience,0.0013538419673801427,-0.06952503221384855
충청남도 금산군,amount_growth,0.06672891861437713,-0.18474489613053932
충청남도 금산군,count_growth,0.11338409707774044,-0.1371784665952501
충청남도 금산군,ticket_growth,-0.041903938259776896,0.5260365542642372
충청남도 금산군,concentration,0.2994338426567269,0.06193399028547571
충청남도 금산군,q,2.0,-0.07081147702910696
충청남도 금산군,share_korean,0.4150089856569737,-0.1281321662495848
충청남도 금산군,share_chinese,0.042054730538551716,-0.04425297549590648
충청남도 금산군,share_japanese,0.005034133123822663,-0.15949620929803016
충청남도 금산군,share_western,0.07814119080833795,-0.06801989578824236
충청남도 금산군,share_bakery,0.024666479014392517,0.1452162988556149
충청남도 금산군,share_supermarket,0.32718153501622366,0.07525424126872181
충청남도 금산군,share_convenience,0.10791294584169778,0.15746845652330796
충청남도 금산군,share_change_korean,0.019294471329401985,0.16507353376522296
충청남도 금산군,share_change_chinese,-0.0027188280016511093,-0.04274798689394086
충청남도 금산군,share_change_japanese,-0.0007467191229392186,-0.008007397193298715
충청남도 금산군,share_change_western,-0.0006146721207921646,0.056969159806147085
충청남도 금산군,share_change_bakery,-0.0011361834112227284,0.00498155974184104
충청남도 금산군,share_change_supermarket,-0.017800391571572205,0.052764361356795346
충청남도 금산군,share_change_convenience,0.003722322898775443,-0.14202771312974108
충청남도 논산시,amount_growth,0.09631800744532848,-0.2957658789252329
충청남도 논산시,count_growth,0.1381298469284178,-0.1694149994437279
충청남도 논산시,ticket_growth,-0.03673731920477352,0.47430872032431237
충청남도 논산시,concentration,0.2800647099302249,0.09480448882093867
충청남도 논산시,q,2.0,-0.07081147702910696
충청남도 논산시,share_korean,0.44162174776895124,-0.09251299919599251
충청남도 논산시,share_chinese,0.03255298940318337,0.014728928934888981
충청남도 논산시,share_japanese,0.018494598028179203,-0.08153379921323971
충청남도 논산시,share_western,0.09479607565243237,-0.09569357592684238
충청남도 논산시,share_bakery,0.03199899557585211,0.07482935121830589
충청남도 논산시,share_supermarket,0.21495882641266653,0.015112325500905988
충청남도 논산시,share_convenience,0.1655767671587352,-0.023816073809026294
충청남도 논산시,share_change_korean,0.0021591738814150663,-0.03874380125680174
충청남도 논산시,share_change_chinese,-0.0029557993350379785,-0.046653395374143265
충청남도 논산시,share_change_japanese,-0.002898861996534871,-0.03439066593454444
충청남도 논산시,share_change_western,-0.0006999438886386433,0.06486278575114324
충청남도 논산시,share_change_bakery,-0.00021406493318936598,-0.0013088712673894882
충청남도 논산시,share_change_supermarket,-0.003263020112782039,-0.0023202831341422553
충청남도 논산시,share_change_convenience,0.00787251638476788,-0.2690712329088349
충청남도 당진시,amount_growth,0.1527038597084882,-0.5073307827902066
충청남도 당진시,count_growth,0.19591782949384662,-0.24469597534701895
충청남도 당진시,ticket_growth,-0.03613456436521889,0.46827398040734985
충청남도 당진시,concentration,0.27452180699514195,0.10421110425295356
충청남도 당진시,q,2.0,-0.07081147702910696
충청남도 당진시,share_korean,0.43322806171454564,-0.10374731243673356
충청남도 당진시,share_chinese,0.03636145155475912,-0.008912038278625219
충청남도 당진시,share_japanese,0.024275242808881204,-0.04805256344985009
충청남도 당진시,share_western,0.10042001117771683,-0.1050382813573346
충청남도 당진시,share_bakery,0.027193465632553124,0.12095902329656107
충청남도 당진시,share_supermarket,0.15418394199200464,-0.01745789157109875
충청남도 당진시,share_convenience,0.22433782511953948,-0.20855011589908945
충청남도 당진시,share_change_korean,0.012604525292317592,0.08549936956652177
충청남도 당진시,share_change_chinese,-0.0026251460469952706,-0.04120406048340937
충청남도 당진시,share_change_japanese,-0.00010276859389446794,-0.00011316299895357105
충청남도 당진시,share_change_western,0.0029521227363905472,-0.2732098095782546
충청남도 당진시,share_change_bakery,-0.0017689896176413984,0.009298384399968664
충청남도 당진시,share_change_supermarket,-0.014924073882265493,0.04186549027768754
충청남도 당진시,share_change_convenience,0.003864330112088532,-0.14637476255628157
충청남도 보령시,amount_growth,0.14558122530977036,-0.4806060034112019
충청남도 보령시,count_growth,0.18684626037559426,-0.23287835261857395
충청남도 보령시,ticket_growth,-0.03476864396300583,0.45459847946783144
충청남도 보령시,concentration,0.29004379716893547,0.07786942120087535
충청남도 보령시,q,2.0,-0.07081147702910696
충청남도 보령시,share_korean,0.473655119080225,-0.04963875716034598
충청남도 보령시,share_chinese,0.03566519972288767,-0.004590066292422915
충청남도 보령시,share_japanese,0.0638876530097547,0.18138074293824505
충청남도 보령시,share_western,0.08225811848658993,-0.07486056390382483
충청남도 보령시,share_bakery,0.020914792915541467,0.18122981901313145
충청남도 보령시,share_supermarket,0.14215639496190946,-0.02390364332115497
충청남도 보령시,share_convenience,0.18146272182309178,-0.0737586160206321
충청남도 보령시,share_change_korean,-0.008542360164897289,-0.1660341594538282
충청남도 보령시,share_change_chinese,-0.002890069123322146,-0.04557012794862127
충청남도 보령시,share_change_japanese,0.008854129312458249,0.10969006960724915
충청남도 보령시,share_change_western,-0.003099710157448393,0.287009666949942
충청남도 보령시,share_change_bakery,-0.0025720265392059766,0.014776474768291251
충청남도 보령시,share_change_supermarket,-0.00387204960242446,-1.2563817995546852e-05
충청남도 보령시,share_change_convenience,0.012122086274840016,-0.3991568104136435
충청남도 부여군,amount_growth,0.2101422571106355,-0.7228449328260845
충청남도 부여군,count_growth,0.22024289683606701,-0.27638448093487683
충청남도 부여군,ticket_growth,-0.008277564861570719,0.18937162104067123
충청남도 부여군,concentration,0.30373150353711365,0.05464062007270514
충청남도 부여군,q,2.0,-0.07081147702910696
충청남도 부여군,share_korean,0.472248771351156,-0.05152104711154964
충청남도 부여군,share_chinese,0.023143910139402802,0.0731356362963784
충청남도 부여군,share_japanese,0.002870974902359336,-0.17202512486954413
충청남도 부여군,share_western,0.1368014954752335,-0.16548958851686604
충청남도 부여군,share_bakery,0.020056465563894326,0.1894691515601051
충청남도 부여군,share_supermarket,0.20055731768392127,0.007394330313733969
충청남도 부여군,share_convenience,0.1443210648840328,0.04300797488812181
충청남도 부여군,share_change_korean,0.03966105945288495,0.4073257460434049
충청남도 부여군,share_change_chinese,-0.005593891002561271,-0.09013049204505928
충청남도 부여군,share_change_japanese,0.0005510828827878832,0.00790244759912419
충청남도 부여군,share_change_western,0.0005605641440372677,-0.05182271475965112
충청남도 부여군,share_change_bakery,-0.0022389177399871098,0.01250410091398693
충청남도 부여군,share_change_supermarket,-0.03773000260769693,0.12828114524579698
충청남도 부여군,share_change_convenience,0.0047901048705352445,-0.17471408799560761
충청남도 서산시,amount_growth,0.14551906287311,-0.48037276423136865
충청남도 서산시,count_growth,0.18333097995701664,-0.22829896208206182
충청남도 서산시,ticket_growth,-0.03195379629567385,0.4264164185974973
충청남도 서산시,concentration,0.2823596427647814,0.09090985980256965
충청남도 서산시,q,2.0,-0.07081147702910696
충청남도 서산시,share_korean,0.44481406111211536,-0.0882403294979307
충청남도 서산시,share_chinese,0.03948030795126113,-0.028272288920175213
충청남도 서산시,share_japanese,0.021522963204838902,-0.06399364369358689
충청남도 서산시,share_western,0.09509141938631323,-0.09618431771814676
충청남도 서산시,share_bakery,0.023815979490648148,0.15338048981810143
충청남도 서산시,share_supermarket,0.15261750797380744,-0.018297368214912988
충청남도 서산시,share_convenience,0.22265776088101583,-0.20326830055191744
충청남도 서산시,share_change_korean,0.01463463437594531,0.10964668445761033
충청남도 서산시,share_change_chinese,-0.0035637402409734523,-0.05667257168365166
충청남도 서산시,share_change_japanese,0.0013627120575041424,0.017852265939483004
충청남도 서산시,share_change_western,-0.0002187715068127788,0.020320554563507714
충청남도 서산시,share_change_bakery,-0.003637674864492662,0.02204602573164958
충청남도 서산시,share_change_supermarket,-0.012438947297531311,0.032448910752075504
충청남도 서산시,share_change_convenience,0.0038617874763608173,-0.14629692874119432
충청남도 서천군,amount_growth,0.11475836936805561,-0.3649558129393378
충청남도 서천군,count_growth,0.14628174675680605,-0.18003455990081974
충청남도 서천군,ticket_growth,-0.02750054903861132,0.3818308139391322
충청남도 서천군,concentration,0.31707841171035184,0.031990172489107196
충청남도 서천군,q,2.0,-0.07081147702910696
충청남도 서천군,share_korean,0.4788123946278775,-0.042736134332234346
충청남도 서천군,share_chinese,0.0363913235841,-0.009097468417653064
충청남도 서천군,share_japanese,0.017670914133938533,-0.08630453945136063
충청남도 서천군,share_western,0.06282420071524429,-0.04256925542115026
충청남도 서천군,share_bakery,0.021752774768603923,0.1731857887926554
충청남도 서천군,share_supermarket,0.2568059183304499,0.037538840673857356
충청남도 서천군,share_convenience,0.12574247383978587,0.101415674460708
충청남도 서천군,share_change_korean,0.03457186019430403,0.34679180822128164
충청남도 서천군,share_change_chinese,-0.0016954251963997927,-0.025881786509414126
충청남도 서천군,share_change_japanese,0.003656288324283795,0.04596937645635651
충청남도 서천군,share_change_western,0.001886058091479563,-0.17452397541960513
충청남도 서천군,share_change_bakery,-0.003299208629479942,0.01973710496818941
충청남도 서천군,share_change_supermarket,-0.049600369817335344,0.17326004391213345
충청남도 서천군,share_change_convenience,0.014480797033147724,-0.47136041197767253
충청남도 아산시,amount_growth,0.08953813952058898,-0.2703271908830571
충청남도 아산시,count_growth,0.16227467930731176,-0.20086871116392058
충청남도 아산시,ticket_growth,-0.06258119623673808,0.733055836231511
충청남도 아산시,concentration,0.23721776294489666,0.16751814761079434
충청남도 아산시,q,2.0,-0.07081147702910696
충청남도 아산시,share_korean,0.3287173883673733,-0.2436269354977659
충청남도 아산시,share_chinese,0.037558772571859536,-0.016344389128589952
충청남도 아산시,share_japanese,0.021736943841109548,-0.06275427742847839
충청남도 아산시,share_western,0.10752429959128287,-0.11684273434573829
충청남도 아산시,share_bakery,0.0249121844616232,0.14285770118952454
충청남도 아산시,share_supermarket,0.24729501418558697,0.03244179745440697
충청남도 아산시,share_convenience,0.23225539698116457,-0.23344151684207767
충청남도 아산시,share_change_korean,0.005515341189764156,0.0011764323284119108
충청남도 아산시,share_change_chinese,-0.001807663485382499,-0.027731530777345727
충청남도 아산시,share_change_japanese,-0.00042315528266090655,-0.004040805635764372
충청남도 아산시,share_change_western,0.005829627655700387,-0.5395810607151124
충청남도 아산시,share_change_bakery,-0.0017623084753228893,0.009252807539924536
충청남도 아산시,share_change_supermarket,-0.015050165581388053,0.042343273791654555
충청남도 아산시,share_change_convenience,0.007698323979289823,-0.2637389474659003
충청남도 예산군,amount_growth,0.11800994002549436,-0.3771560051141514
충청남도 예산군,count_growth,0.14117158824722864,-0.17337750591583365
충청남도 예산군,ticket_growth,-0.020296376513640024,0.3097031350684784
충청남도 예산군,concentration,0.3336149117929469,0.003926809538277236
충청남도 예산군,q,2.0,-0.07081147702910696
충청남도 예산군,share_korean,0.5194813791986268,0.011696222190184605
충청남도 예산군,share_chinese,0.03005947722038814,0.03020736548323968
충청남도 예산군,share_japanese,0.011266170880382797,-0.123400525627878
충청남도 예산군,share_western,0.09222356955221138,-0.09141911160970506
충청남도 예산군,share_bakery,0.0192200906371469,0.19749775643002862
충청남도 예산군,share_supermarket,0.15553483938346802,-0.01673392439779371
충청남도 예산군,share_convenience,0.17221447312777594,-0.04468380996660467
충청남도 예산군,share_change_korean,0.01576605957839572,0.12310452318145979
충청남도 예산군,share_change_chinese,-0.002786316553686989,-0.04386023266506632
충청남도 예산군,share_change_japanese,-0.002666930727992737,-0.03154740442875892
충청남도 예산군,share_change_western,-0.004165770170972499,0.385695072380109
충청남도 예산군,share_change_bakery,-0.004176758089178494,0.02572349876131058
충청남도 예산군,share_change_supermarket,-0.010045471425177782,0.023379611814507924
충청남도 예산군,share_change_convenience,0.008075187388612792,-0.27527529008653606
충청남도 천안시 동남구,amount_growth,0.09144660583387698,-0.2774879320245743
충청남도 천안시 동남구,count_growth,0.1755309324008345,-0.21813776305669985
충청남도 천안시 동남구,ticket_growth,-0.0715288081745572,0.8226387103608083
충청남도 천안시 동남구,concentration,0.2422463859522768,0.15898429389966148
충청남도 천안시 동남구,q,2.0,-0.07081147702910696
충청남도 천안시 동남구,share_korean,0.38415104876044254,-0.16943317832123542
충청남도 천안시 동남구,share_chinese,0.03062530625721756,0.026694990887996803
충청남도 천안시 동남구,share_japanese,0.01586928297931453,-0.09673950643774389
충청남도 천안시 동남구,share_western,0.1138364137027062,-0.1273309141532265
충청남도 천안시 동남구,share_bakery,0.06482999590872213,-0.24032491838898967
충청남도 천안시 동남구,share_supermarket,0.19385759859993534,0.0038038454124959165
충청남도 천안시 동남구,share_convenience,0.19683035379166172,-0.12207164627274336
충청남도 천안시 동남구,share_change_korean,0.01572528614860319,0.12261953995748913
충청남도 천안시 동남구,share_change_chinese,-0.0021517805289741863,-0.03340275522891741
충청남도 천안시 동남구,share_change_japanese,-0.0003993866425252915,-0.003749424227956542
충청남도 천안시 동남구,share_change_western,0.003067607125460628,-0.2839002243876066
충청남도 천안시 동남구,share_change_bakery,-0.0021088482118397506,0.01161680344332012
충청남도 천안시 동남구,share_change_supermarket,-0.026021735524695888,0.08391647232674002
충청남도 천안시 동남구,share_change_convenience,0.011888857633971323,-0.3920173390735098
충청남도 천안시 서북구,amount_growth,0.04352699797529991,-0.09768915586116186
충청남도 천안시 서북구,count_growth,0.11937524523825926,-0.14498319450376307
충청남도 천안시 서북구,ticket_growth,-0.06775944669637124,0.7849001229930532
충청남도 천안시 서북구,concentration,0.2468129071335294,0.15123465276084352
충청남도 천안시 서북구,q,2.0,-0.07081147702910696
충청남도 천안시 서북구,share_korean,0.3813353065783354,-0.1732018360329872
충청남도 천안시 서북구,share_chinese,0.029977522136761414,0.03071610033943317
충청남도 천안시 서북구,share_japanese,0.03243584546942085,-0.000786718200024574
충청남도 천안시 서북구,share_western,0.10139816890565571,-0.10666358374408025
충청남도 천안시 서북구,share_bakery,0.037277599121202196,0.024158508782361737
충청남도 천안시 서북구,share_supermarket,0.19161696207246495,0.002603053032965485
충청남도 천안시 서북구,share_convenience,0.22595859571615945,-0.21364552285745375
충청남도 천안시 서북구,share_change_korean,0.006594110053561253,0.014007945501221919
충청남도 천안시 서북구,share_change_chinese,-0.002819459332899364,-0.044406442576381516
충청남도 천안시 서북구,share_change_japanese,-0.001419525556188149,-0.01625537791847644
충청남도 천안시 서북구,share_change_western,0.006004678500272975,-0.5557855551604416
충청남도 천안시 서북구,share_change_bakery,-0.00035051912161340043,-0.0003780194531707992
충청남도 천안시 서북구,share_change_supermarket,-0.02052009729649626,0.06306980229583269
충청남도 천안시 서북구,share_change_convenience,0.01251081275336291,-0.41105629901087726
충청남도 청양군,amount_growth,0.43747737085326976,-1.5758271890775766
충청남도 청양군,count_growth,0.40880846456872,-0.5220307092765549
충청남도 청양군,ticket_growth,0.020349754424087818,-0.09724312689970782
충청남도 청양군,concentration,0.31347376862887516,0.038107452844588774
충청남도 청양군,q,2.0,-0.07081147702910696
충청남도 청양군,share_korean,0.5021653228755054,-0.011480008081872673
충청남도 청양군,share_chinese,0.06380322239044062,-0.17925638693880488
충청남도 청양군,share_japanese,0.0019310509196189898,-0.17746912249604627
충청남도 청양군,share_western,0.09458086986666811,-0.09533599098194691
충청남도 청양군,share_bakery,0.034815791825669164,0.04779010916831931
충청남도 청양군,share_supermarket,0.17641897034089954,-0.005541789930937064
충청남도 청양군,share_convenience,0.12628477178119812,0.09971078870454905
충청남도 청양군,share_change_korean,-0.0028237956681314014,-0.09801418026056836
충청남도 청양군,share_change_chinese,-0.00843874693903586,-0.1370151693622257
충청남도 청양군,share_change_japanese,0.00048278552887932326,0.007065185601051076
충청남도 청양군,share_change_western,-0.0036675855115744227,0.33957801098760126
충청남도 청양군,share_change_bakery,-0.0016205409483430397,0.008285709635414583
충청남도 청양군,share_change_supermarket,0.03037386388171376,-0.12977632302912273
충청남도 청양군,share_change_convenience,-0.01430598034350844,0.4098451350338415
충청남도 태안군,amount_growth,0.5036285591451781,-1.8240325319038888
충청남도 태안군,count_growth,0.46624178396054106,-0.5968496619590851
충청남도 태안군,ticket_growth,0.02549836977340103,-0.14879070897892263
충청남도 태안군,concentration,0.29949281263149286,0.06183391494929256
충청남도 태안군,q,2.0,-0.07081147702910696
충청남도 태안군,share_korean,0.47824432681647233,-0.043496450085521096
충청남도 태안군,share_chinese,0.036913573720299415,-0.01233932769201538
충청남도 태안군,share_japanese,0.0354981165708261,0.01694981891774534
충청남도 태안군,share_western,0.08084188800092924,-0.07250736183550761
충청남도 태안군,share_bakery,0.018612405242180177,0.20333110432866136
충청남도 태안군,share_supermarket,0.18038627609679314,-0.003415648336556041
충청남도 태안군,share_convenience,0.16950341355249962,-0.036160733441640946
충청남도 태안군,share_change_korean,0.0440465283588059,0.4594890999589082
충청남도 태안군,share_change_chinese,-0.006945977193725791,-0.11241356232815493
충청남도 태안군,share_change_japanese,0.013692054716264033,0.1689985326487642
충청남도 태안군,share_change_western,-0.009710871092300427,0.8990062608970446
충청남도 태안군,share_change_bakery,-0.0036381299171136805,0.022049129971707965
충청남도 태안군,share_change_supermarket,-0.037584776039813556,0.12773085636550163
충청남도 태안군,share_change_convenience,0.0001411711678835359,-0.032403397470466014
충청남도 홍성군,amount_growth,-0.04671398748852884,0.24090332164953557
충청남도 홍성군,count_growth,0.11829624931180516,-0.1435775758485838
충청남도 홍성군,ticket_growth,-0.14755503016475335,1.5838080058559565
충청남도 홍성군,concentration,0.26169274352637245,0.12598274049067512
충청남도 홍성군,q,2.0,-0.07081147702910696
충청남도 홍성군,share_korean,0.4366161604563471,-0.09921259880684029
충청남도 홍성군,share_chinese,0.0360411337029059,-0.006923670393590058
충청남도 홍성군,share_japanese,0.067486646243725,0.20222595061813473
충청남도 홍성군,share_western,0.10239977219387404,-0.10832784316606914
충청남도 홍성군,share_bakery,0.031391316728593806,0.08066263626359142
충청남도 홍성군,share_supermarket,0.14607149254348295,-0.021805480909075126
충청남도 홍성군,share_convenience,0.1799934781310712,-0.06913958199603477
충청남도 홍성군,share_change_korean,0.0436650714819935,0.4549518268655332
충청남도 홍성군,share_change_chinese,0.0013981589710338749,0.025102058958473235
충청남도 홍성군,share_change_japanese,-0.0897342449709245,-1.0989116479614802
충청남도 홍성군,share_change_western,0.0074271279021451975,-0.6874620031529116
충청남도 홍성군,share_change_bakery,0.002448031661798241,-0.019468940032513163
충청남도 홍성군,share_change_supermarket,0.007011849393618513,-0.04125356179151741
충청남도 홍성군,share_change_convenience,0.02778400556033514,-0.8785911691347676
충청북도 괴산군,amount_growth,0.00428358921619032,0.049555723274582415
충청북도 괴산군,count_growth,0.1544444572098207,-0.19066820346543442
충청북도 괴산군,ticket_growth,-0.13007197276216687,1.408768839922602
충청북도 괴산군,concentration,0.3085903633462304,0.04639486397743797
충청북도 괴산군,q,2.0,-0.07081147702910696
충청북도 괴산군,share_korean,0.47044906990459034,-0.05392981123013629
충청북도 괴산군,share_chinese,0.04242688842055216,-0.046563139529697165
충청북도 괴산군,share_japanese,0.011374182252069799,-0.12277492859886621
충청북도 괴산군,share_western,0.08557609227351068,-0.08037369390424405
충청북도 괴산군,share_bakery,0.01952308894994537,0.19458918797356767
충청북도 괴산군,share_supermarket,0.25219551890134906,0.035068055058617084
충청북도 괴산군,share_convenience,0.11845515929798255,0.12432566141477203
충청북도 괴산군,share_change_korean,0.06438960468751842,0.7014616490817674
충청북도 괴산군,share_change_chinese,-0.0018804832095073443,-0.028931636984533608
충청북도 괴산군,share_change_japanese,-0.004704198707307268,-0.05652241387429284
충청북도 괴산군,share_change_western,0.011320325726827368,-1.047856165652767
충청북도 괴산군,share_change_bakery,-0.0004509248603829924,0.00030692005049034516
충청북도 괴산군,share_change_supermarket,-0.07802880711055132,0.28098036778009344
충청북도 괴산군,share_change_convenience,0.009354483473403105,-0.31443642269395006
충청북도 단양군,amount_growth,0.4208871075401346,-1.5135789952122638
충청북도 단양군,count_growth,0.3238294069085972,-0.41132765116662845
충청북도 단양군,ticket_growth,0.0733158669274363,-0.6275361953161475
충청북도 단양군,concentration,0.36053421271251657,-0.04175674552568787
충청북도 단양군,q,2.0,-0.07081147702910696
충청북도 단양군,share_korean,0.5560903878760335,0.06069460838776296
충청북도 단양군,share_chinese,0.02192399797234701,0.0807082213443355
충청북도 단양군,share_japanese,0.02143456449160097,-0.06450564508294401
충청북도 단양군,share_western,0.1054488804209128,-0.11339422738745057
충청북도 단양군,share_bakery,0.02491303815833173,0.1428495063078604
충청북도 단양군,share_supermarket,0.10256471883794507,-0.04512144567313488
충청북도 단양군,share_convenience,0.16762441224282892,-0.030253496249629717
충청북도 단양군,share_change_korean,0.04906002802219789,0.5191226221447993
충청북도 단양군,share_change_chinese,-0.007156761908809019,-0.11588740197794566
충청북도 단양군,share_change_japanese,-0.00392999280839313,-0.04703137006734384
충청북도 단양군,share_change_western,0.008507839822098129,-0.7875037387220113
충청북도 단양군,share_change_bakery,-0.0048662560425915755,0.03042705845593989
충청북도 단양군,share_change_supermarket,-0.014546888318771878,0.04043626817030329
충청북도 단양군,share_change_convenience,-0.02706796876573045,0.800508349655369
충청북도 보은군,amount_growth,0.20365721509842882,-0.6985124587247887
충청북도 보은군,count_growth,0.21888052027139593,-0.27460969952214814
충청북도 보은군,ticket_growth,-0.012489579511515858,0.2315420214602451
충청북도 보은군,concentration,0.3849032699760305,-0.08311239486743369
충청북도 보은군,q,2.0,-0.07081147702910696
충청북도 보은군,share_korean,0.5795578162394124,0.0921039843734745
충청북도 보은군,share_chinese,0.04033220049064842,-0.03356039808118121
충청북도 보은군,share_japanese,0.0028633661682659003,-0.1720691943167611
충청북도 보은군,share_western,0.07471260056166991,-0.06232296598651761
충청북도 보은군,share_bakery,0.020096079063916836,0.189088890113923
충청북도 보은군,share_supermarket,0.1686935297927623,-0.009681975108223106
충청북도 보은군,share_convenience,0.11374440768332421,0.1391354047593967
충청북도 보은군,share_change_korean,0.025710967765509518,0.24139512711692737
충청북도 보은군,share_change_chinese,-0.004875794211657278,-0.07829589054824385
충청북도 보은군,share_change_japanese,-0.0008149193052155277,-0.008843467957593089
충청북도 보은군,share_change_western,0.0033081095617301104,-0.306163586796012
충청북도 보은군,share_change_bakery,-0.0013595828468651767,0.006505527399887486
충청북도 보은군,share_change_supermarket,-0.01984418617858197,0.06050865678590847
충청북도 보은군,share_change_convenience,-0.00212459478491972,0.03695502704908959
충청북도 영동군,amount_growth,0.18706051190295514,-0.6362401018286241
충청북도 영동군,count_growth,0.23871544282617796,-0.3004488491273375
충청북도 영동군,ticket_growth,-0.04170040118767715,0.5239987551243919
충청북도 영동군,concentration,0.30272487237845125,0.05634892929303952
충청북도 영동군,q,2.0,-0.07081147702910696
충청북도 영동군,share_korean,0.41217490775735416,-0.131925364930905
충청북도 영동군,share_chinese,0.027494476656162035,0.04612956500317595
충청북도 영동군,share_japanese,0.006186145098522996,-0.15282380751753089
충청북도 영동군,share_western,0.0749156077921204,-0.06266028186794816
충청북도 영동군,share_bakery,0.015110971547769915,0.2369423792624756
충청북도 영동군,share_supermarket,0.3282335393138717,0.07581802692889544
충청북도 영동군,share_convenience,0.13588435183419875,0.06953146098140205
충청북도 영동군,share_change_korean,0.019791414537552177,0.17098446940260614
충청북도 영동군,share_change_chinese,0.0002378941528804364,0.0059803027724651715
충청북도 영동군,share_change_japanese,-0.00013742464312922666,-0.0005380139099634274
충청북도 영동군,share_change_western,-0.0005784959783246973,0.05362032649375237
충청북도 영동군,share_change_bakery,0.0006240060891047616,-0.007025954345281973
충청북도 영동군,share_change_supermarket,-0.030628377885971725,0.10137184639399184
충청북도 영동군,share_change_convenience,0.010690983727888237,-0.35534865897607193
충청북도 옥천군,amount_growth,0.16442371881077,-0.5513047720936421
충청북도 옥천군,count_growth,0.21529817053275369,-0.2699429371196617
충청북도 옥천군,ticket_growth,-0.041861703535422734,0.5256137031144558
충청북도 옥천군,concentration,0.36026024227209774,-0.041291802407804994
충청북도 옥천군,q,2.0,-0.07081147702910696
충청북도 옥천군,share_korean,0.5277260792980824,0.022731129010965325
충청북도 옥천군,share_chinese,0.019769683272956893,0.09408109500012364
충청북도 옥천군,share_japanese,0.0034597361161886405,-0.16861504627859417
충청북도 옥천군,share_western,0.06444049320349629,-0.04525487959381861
충청북도 옥천군,share_bakery,0.013664462095782513,0.2508278419410137
충청북도 옥천군,share_supermarket,0.24959952141978797,0.033676819150909185
충청북도 옥천군,share_convenience,0.12134002459370534,0.11525617142499509
충청북도 옥천군,share_change_korean,0.030822992060149268,0.3022005593811759
충청북도 옥천군,share_change_chinese,-0.0014975258291222288,-0.022620303965739854
충청북도 옥천군,share_change_japanese,-0.00016251986043697283,-0.000845657919324222
충청북도 옥천군,share_change_western,0.011555942937922233,-1.0696673017128815
충청북도 옥천군,share_change_bakery,-0.002018435708998789,0.011000034963953036
충청북도 옥천군,share_change_supermarket,-0.042088832988547875,0.14479751635223181
충청북도 옥천군,share_change_convenience,0.0033883793890343294,-0.1318052116902088
충청북도 음성군,amount_growth,0.08385173370456456,-0.24899127324560297
충청북도 음성군,count_growth,0.15372177661094244,-0.1897267603083155
충청북도 음성군,ticket_growth,-0.06056056522710451,0.7128254178074999
충청북도 음성군,concentration,0.25386769122503927,0.13926229068235504
충청북도 음성군,q,2.0,-0.07081147702910696
충청북도 음성군,share_korean,0.30971003813447645,-0.26906683460868835
충청북도 음성군,share_chinese,0.03575766051172272,-0.0051640151437934885
충청북도 음성군,share_japanese,0.012106217156749373,-0.11853501520504739
충청북도 음성군,share_western,0.07714620726007283,-0.06636663569574631
충청북도 음성군,share_bakery,0.01763867449077834,0.21267822749398776
충청북도 음성군,share_supermarket,0.28615164505354423,0.053265677485116944
충청북도 음성군,share_convenience,0.261489557392656,-0.3253483818193297
충청북도 음성군,share_change_korean,0.018682955395037282,0.15779980254205356
충청북도 음성군,share_change_chinese,-0.0010541582588886808,-0.015313380196146123
충청북도 음성군,share_change_japanese,-0.000131937460351398,-0.00047074615574694385
충청북도 음성군,share_change_western,0.006551065562028155,-0.6063647233377202
충청북도 음성군,share_change_bakery,0.00020981208009564906,-0.0042004401622615945
충청북도 음성군,share_change_supermarket,-0.041380034645273456,0.14211175539016815
충청북도 음성군,share_change_convenience,0.01712229732735243,-0.5522206166900389
충청북도 제천시,amount_growth,0.09793912941626126,-0.3018484776653051
충청북도 제천시,count_growth,0.15863620365545228,-0.19612883297969397
충청북도 제천시,ticket_growth,-0.05238665428172695,0.6309887846977362
충청북도 제천시,concentration,0.29162931281626725,0.07517871271642868
충청북도 제천시,q,2.0,-0.07081147702910696
충청북도 제천시,share_korean,0.44872206625491295,-0.08300976051595511
충청북도 제천시,share_chinese,0.029216170690623246,0.03544217712837197
충청북도 제천시,share_japanese,0.015318360471645143,-0.09993042493670008
충청북도 제천시,share_western,0.0999769792251544,-0.10430214150040013
충청북도 제천시,share_bakery,0.01935204941044357,0.19623104599187757
충청북도 제천시,share_supermarket,0.2371510387422796,0.027005481362470784
충청북도 제천시,share_convenience,0.15026333520494103,0.024326561488359197
충청북도 제천시,share_change_korean,0.03245579906301094,0.3216221289768448
충청북도 제천시,share_change_chinese,-0.003634463968744374,-0.05783813480152113
충청북도 제천시,share_change_japanese,-0.00024759293529511527,-0.0018885746439357815
충청북도 제천시,share_change_western,0.0050129504481759846,-0.46398107543501543
충청북도 제천시,share_change_bakery,-0.0013318661820181932,0.0063164521647856384
충청북도 제천시,share_change_supermarket,-0.03855805978866428,0.13141879881412302
충청북도 제천시,share_change_convenience,0.006303233363534971,-0.2210331741484674
충청북도 증평군,amount_growth,0.10869699108839126,-0.3422129641296501
충청북도 증평군,count_growth,0.17796190305426718,-0.22130461254786296
충청북도 증평군,ticket_growth,-0.058800638447035536,0.6952051521644051
충청북도 증평군,concentration,0.2716924298986715,0.1090127149920112
충청북도 증평군,q,2.0,-0.07081147702910696
충청북도 증평군,share_korean,0.39076815260495007,-0.16057668585131615
충청북도 증평군,share_chinese,0.02438722138657186,0.06541780183704005
충청북도 증평군,share_japanese,0.010548424039381922,-0.1275576831965636
충청북도 증평군,share_western,0.08311183850676877,-0.0762791011670666
충청북도 증평군,share_bakery,0.022816815944208944,0.1629717497402372
충청북도 증평군,share_supermarket,0.2584160912074388,0.038401757660486015
충청북도 증평군,share_convenience,0.2099514563106796,-0.16332199793647822
충청북도 증평군,share_change_korean,0.012950999297800414,0.08962053575381848
충청북도 증평군,share_change_chinese,-0.003612570154743231,-0.05747731357626159
충청북도 증평군,share_change_japanese,0.0018950197669264212,0.024377863065505195
충청북도 증평군,share_change_western,0.013467686957304839,-1.2466378580024908
충청북도 증평군,share_change_bakery,-0.006592440568940535,0.04220260024462373
충청북도 증평군,share_change_supermarket,-0.03066635894014047,0.10151576325490491
충청북도 증평군,share_change_convenience,0.012557663641792532,-0.4124904735357437
충청북도 진천군,amount_growth,0.06790100050780024,-0.18914265519865842
충청북도 진천군,count_growth,0.139300390663452,-0.1709398783337478
충청북도 진천군,ticket_growth,-0.06266950379440628,0.7339399654134907
충청북도 진천군,concentration,0.25697037717186005,0.13399685958066046
충청북도 진천군,q,2.0,-0.07081147702910696
충청북도 진천군,share_korean,0.33483598996062924,-0.23543765054614973
충청북도 진천군,share_chinese,0.033206506793284345,0.010672230304853723
충청북도 진천군,share_japanese,0.0138385972729393,-0.1085011471328218
충청북도 진천군,share_western,0.07402539083576717,-0.06118110146323868
충청북도 진천군,share_bakery,0.02178376365009799,0.17288831755467327
충청북도 진천군,share_supermarket,0.2856806686415868,0.053013273813444436
충청북도 진천군,share_convenience,0.23662908284569514,-0.24719158698420904
충청북도 진천군,share_change_korean,0.01903180309905056,0.16194920289978657
충청북도 진천군,share_change_chinese,-0.00020868424147581222,-0.0013795370168766636
충청북도 진천군,share_change_japanese,0.0017487872556681428,0.02258518856857992
충청북도 진천군,share_change_western,0.0023735083688541103,-0.21964735275249564
충청북도 진천군,share_change_bakery,-0.0005274785126404731,0.0008291473775658627
충청북도 진천군,share_change_supermarket,-0.0366260382624895,0.12409803114853342
충청북도 진천군,share_change_convenience,0.014208102293032987,-0.4630128253587955
충청북도 청주시 상당구,amount_growth,0.09640586543820628,-0.29609553019538154
충청북도 청주시 상당구,count_growth,0.14788118727622002,-0.18211816686987115
충청북도 청주시 상당구,ticket_growth,-0.04484377164518072,0.5554699635309702
충청북도 청주시 상당구,concentration,0.2936959162355491,0.07167157145067958
충청북도 청주시 상당구,q,2.0,-0.07081147702910696
충청북도 청주시 상당구,share_korean,0.4741669778175651,-0.048953672996723874
충청북도 청주시 상당구,share_chinese,0.03408482580116415,0.005220079268062783
충청북도 청주시 상당구,share_japanese,0.02170722261323405,-0.06292642144967807
충청북도 청주시 상당구,share_western,0.11099519348542035,-0.1226099556937405
충청북도 청주시 상당구,share_bakery,0.03115339582524784,0.08294650784100524
충청북도 청주시 상당구,share_supermarket,0.17347088588648152,-0.007121714788751411
충청북도 청주시 상당구,share_convenience,0.154421498570887,0.011254054748020959
충청북도 청주시 상당구,share_change_korean,0.010036805731171716,0.054957398548787346
충청북도 청주시 상당구,share_change_chinese,-0.002767193531483754,-0.04354507550233183
충청북도 청주시 상당구,share_change_japanese,-0.0031455159319389095,-0.037414413634425665
충청북도 청주시 상당구,share_change_western,0.001242644742405652,-0.11496306289401331
충청북도 청주시 상당구,share_change_bakery,-0.0014994805540461918,0.00745986992347356
충청북도 청주시 상당구,share_change_supermarket,-0.009426563106150143,0.021034459885029846
충청북도 청주시 상당구,share_change_convenience,0.00555930265004162,-0.19826036207766648
충청북도 청주시 서원구,amount_growth,0.07183381956512269,-0.20389895402868227
충청북도 청주시 서원구,count_growth,0.1585755037252372,-0.19604975858081392
충청북도 청주시 서원구,ticket_growth,-0.07486925442598147,0.8560830280353589
충청북도 청주시 서원구,concentration,0.26701723577907616,0.1169467801683469
충청북도 청주시 서원구,q,2.0,-0.07081147702910696
충청북도 청주시 서원구,share_korean,0.41420089661008264,-0.12921373225292856
충청북도 청주시 서원구,share_chinese,0.026351251223940626,0.05322611838486561
충청북도 청주시 서원구,share_japanese,0.02051234466167996,-0.06984710104895284
충청북도 청주시 서원구,share_western,0.10407453931128786,-0.11111062851389995
충청북도 청주시 서원구,share_bakery,0.029705575629489802,0.09684455272817205
충청북도 청주시 서원구,share_supermarket,0.2191658137745198,0.017366916240171257
충청북도 청주시 서원구,share_convenience,0.18598957878899933,-0.08799022815112639
충청북도 청주시 서원구,share_change_korean,0.005128385397722701,-0.0034262481062070763
충청북도 청주시 서원구,share_change_chinese,-0.002620774284425597,-0.04113201160572862
충청북도 청주시 서원구,share_change_japanese,-0.004121694994250025,-0.049381460458553135
충청북도 청주시 서원구,share_change_western,0.0019356802208645857,-0.17911750664162432
충청북도 청주시 서원구,share_change_bakery,-0.0028300604764862937,0.016536709184115664
충청북도 청주시 서원구,share_change_supermarket,-0.013178430415439146,0.03525094169504717
충청북도 청주시 서원구,share_change_convenience,0.015686894552013775,-0.5082808289439514
충청북도 청주시 청원구,amount_growth,0.04164929073799972,-0.09064382560186328
충청북도 청주시 청원구,count_growth,0.11772585950778969,-0.14283452341475025
충청북도 청주시 청원구,ticket_growth,-0.06806371000782918,0.7879463863001702
충청북도 청주시 청원구,concentration,0.2662625844562891,0.11822746555321789
충청북도 청주시 청원구,q,2.0,-0.07081147702910696
충청북도 청주시 청원구,share_korean,0.4007076273222695,-0.147273451527442
충청북도 청주시 청원구,share_chinese,0.030288855630266454,0.028783502713544674
충청북도 청주시 청원구,share_japanese,0.025556243545770192,-0.040633064533736524
충청북도 청주시 청원구,share_western,0.08215605761555038,-0.07469098002940873
충청북도 청주시 청원구,share_bakery,0.027789964539117428,0.11523305773615104
충청북도 청주시 청원구,share_supermarket,0.25309535094934005,0.035550289215222894
충청북도 청주시 청원구,share_convenience,0.180405900397686,-0.0704361623334841
충청북도 청주시 청원구,share_change_korean,0.004227108169134464,-0.014146571077225686
충청북도 청주시 청원구,share_change_chinese,-0.002672830897176709,-0.041989931143856477
충청북도 청주시 청원구,share_change_japanese,-0.002562870696009103,-0.03027172527997641
충청북도 청주시 청원구,share_change_western,0.0019873040368293127,-0.18389633442214515
충청북도 청주시 청원구,share_change_bakery,3.6014891497661294e-05,-0.003014844980603914
충청북도 청주시 청원구,share_change_supermarket,-0.011397614050317861,0.028503116845525613
충청북도 청주시 청원구,share_change_convenience,0.010382888546042218,-0.3459174128279569
충청북도 청주시 흥덕구,amount_growth,0.024781280055762522,-0.027353498061447684
충청북도 청주시 흥덕구,count_growth,0.07998500970283451,-0.0936691454484971
충청북도 청주시 흥덕구,ticket_growth,-0.051115273963165064,0.6182598125608473
충청북도 청주시 흥덕구,concentration,0.2614793193338011,0.12634493324904011
충청북도 청주시 흥덕구,q,2.0,-0.07081147702910696
충청북도 청주시 흥덕구,share_korean,0.40800725132149057,-0.1375034575086834
충청북도 청주시 흥덕구,share_chinese,0.029815123899852556,0.03172418476865779
충청북도 청주시 흥덕구,share_japanese,0.029750171442861663,-0.016342021920991167
충청북도 청주시 흥덕구,share_western,0.09684703258496913,-0.09910143654313432
충청북도 청주시 흥덕구,share_bakery,0.028173310670521,0.1115532073257352
충청북도 청주시 흥덕구,share_supermarket,0.1977023858959267,0.005864327435947551
충청북도 청주시 흥덕구,share_convenience,0.20970472418437838,-0.1625463171610316
충청북도 청주시 흥덕구,share_change_korean,0.005404749485424687,-0.00013901063500523826
충청북도 청주시 흥덕구,share_change_chinese,-0.0014972157092611148,-0.022615193032201338
충청북도 청주시 흥덕구,share_change_japanese,-0.0020141420180813663,-0.023544822362230836
충청북도 청주시 흥덕구,share_change_western,-0.0010769789684099002,0.09976500442232548
충청북도 청주시 흥덕구,share_change_bakery,-0.00042070412869341794,0.00010076278082238294
충청북도 청주시 흥덕구,share_change_supermarket,-0.006107407153398525,0.00845759712922887
충청북도 청주시 흥덕구,share_change_convenience,0.00571169849241962,-0.20292542270212827
충청북도 충주시,amount_growth,0.0883348506879873,-0.2658123405088348
충청북도 충주시,count_growth,0.14869403835605155,-0.18317707600352154
충청북도 충주시,ticket_growth,-0.05254592228444677,0.6325833649655916
충청북도 충주시,concentration,0.29365094392441765,0.07174789197096594
충청북도 충주시,q,2.0,-0.07081147702910696
충청북도 충주시,share_korean,0.45509244162785545,-0.07448349542373438
충청북도 충주시,share_chinese,0.031644668397190594,0.020367316889758603
충청북도 충주시,share_japanese,0.016387447060934066,-0.0937383232758342
충청북도 충주시,share_western,0.07457210169454567,-0.06208951371440475
충청북도 충주시,share_bakery,0.029219357948532938,0.10151189690162077
충청북도 충주시,share_supermarket,0.22482274353787413,0.02039855393244954
충청북도 충주시,share_convenience,0.16826123973306717,-0.032255565655259784
충청북도 충주시,share_change_korean,0.016443548865277602,0.13116298037354426
충청북도 충주시,share_change_chinese,-0.0014167636116575247,-0.021289301415943325
충청북도 충주시,share_change_japanese,0.00010572823610007637,0.0024428140994690256
충청북도 충주시,share_change_western,0.0015172281096047374,-0.14038130443075908
충청북도 충주시,share_change_bakery,-0.0021974342055209907,0.012221111994672901
충청북도 충주시,share_change_supermarket,-0.023769927998709944,0.07538397954545722
충청북도 충주시,share_change_convenience,0.009317620604906068,-0.3133079961329176
