region,period,amount,count,ticket,share_korean,share_chinese,share_japanese,share_western,share_bakery,share_supermarket,share_convenience,concentration,amount_growth,count_growth,ticket_growth,share_change_korean,share_change_chinese,share_change_japanese,share_change_western,share_change_bakery,share_change_supermarket,share_change_convenience,year,q,quarter,future_growth,target
11110,8084,257968392059,15722841,16407.23785599562,0.5067056656154385,0.04167318545576422,0.06219007700110324,0.0879485707140859,0.046390257494270754,0.1452726822688762,0.10981956145046114,0.30540638700201905,,,,,,,,,,,2021,1,20211,0.2037651234030946,1.0
11110,8085,310533353301,18850454,16473.521184211266,0.5277497316854958,0.038737811903702075,0.061894058965607755,0.09014476085880033,0.04211584844582904,0.13145097736227146,0.1079068107782936,0.32267433376287863,0.2037651234030946,0.1989216198268493,0.004039883422024326,0.021044066070057266,-0.002935373552062144,-0.0002960180354954836,0.0021961901447144216,-0.004274409048441716,-0.013821704906604754,-0.0019127506721675347,2021,2,20212,-0.12445960509928755,0.0
11110,8086,271884494779,17896635,15191.93383443312,0.4901638946285857,0.036910456869404085,0.058715711486144774,0.0873736161538361,0.04567084998022141,0.15752833603407124,0.12363713484773675,0.2948918533038301,-0.12445960509928755,-0.05059925877647298,-0.07779680709710435,-0.0375858370569101,-0.0018273550342979908,-0.0031783474794629812,-0.002771144704964229,0.0035550015343923727,0.026077358671799777,0.01573032406944315,2021,3,20213,0.2457002773854382,1.0
11110,8087,338686590563,18685956,18125.194695042628,0.543288899900431,0.03970715101724244,0.06194553612271647,0.09145898015775764,0.0424094709126909,0.1205466355344398,0.10064332635472166,0.33540061479546496,0.2457002773854382,0.04410443639265149,0.19308014980694255,0.05312500527184538,0.002796694147838355,0.0032298246365716973,0.004085364003921538,-0.0032613790675305107,-0.03698170049963144,-0.02299380849301509,2021,4,20214,-0.16958341851540248,0.0
11110,8088,281250960730,16089455,17480.452925844907,0.5208058568540058,0.042799348943578626,0.05752006147111589,0.08523359452987991,0.04786844669279008,0.13403418285631824,0.1117385086523114,0.31638589259013844,-0.16958341851540248,-0.1389546780480485,-0.035571577577263924,-0.022483043046425233,0.0030921979263361862,-0.004425474651600585,-0.006225385627877722,0.0054589757800991776,0.013487547321878443,0.01109518229758974,2022,1,20221,0.34664418326234236,1.0
11110,8089,378744970304,20321611,18637.54651656308,0.5670061527275996,0.04136331667302552,0.05649675141250057,0.08972144156455644,0.03806491796162538,0.10994923434514638,0.09739818531554612,0.35747289980900554,0.34664418326234236,0.2630391147493809,0.06619357036266527,0.046200295873593755,-0.0014360322705531045,-0.0010233100586153135,0.004487847034676529,-0.009803528731164697,-0.024084948511171864,-0.014340323336765284,2022,2,20222,-0.03384915653324683,0.0
11110,8090,365924772518,20115082,18191.562555797685,0.5552910684640919,0.04253674560728008,0.05277084203160945,0.08704274003868713,0.0382799272692339,0.11447734392439748,0.10960133266470003,0.34710161303061965,-0.03384915653324683,-0.010163023000489435,-0.023929327842001746,-0.011715084263507647,0.0011734289342545598,-0.0037259093808911237,-0.002678701525869312,0.00021500930760851716,0.004528109579251108,0.012203147349153912,2022,3,20223,0.11838595666782581,1.0
11110,8091,409245126781,19637643,20839.829239232018,0.5824747478802893,0.0439997101068376,0.05308076326495804,0.09476793050428717,0.03553772208699448,0.09838177081714063,0.09175735533949281,0.37237264926769503,0.11838595666782581,-0.023735374282839117,0.14557664715779595,0.02718367941619737,0.0014629644995575175,0.0003099212333485882,0.0077251904656000375,-0.0027422051822394156,-0.016095573107256858,-0.01784397732520722,2022,4,20224,-0.07376271075343566,0.0
11110,8092,379058096867,18300956,20712.47517708911,0.5784949518963576,0.043404392012691355,0.05615259044174512,0.09354347697640998,0.03644319473763133,0.10264393831073247,0.08931745562443222,0.3682853385075598,-0.07376271075343566,-0.06806758835569016,-0.0061110895238603025,-0.003979795983931722,-0.0005953180941462438,0.003071827176787084,-0.0012244535278771868,0.0009054726506368474,0.004262167493591845,-0.0024398997150605894,2023,1,20231,0.043862428507453144,0.0
11110,8093,395684505541,20101732,19684.100133311895,0.5828777675275991,0.04130904638950116,0.05334542691819616,0.0929909308394371,0.03514932455842368,0.0996847663874797,0.09464273737936309,0.37307575238833635,0.043862428507453144,0.09839791975894596,-0.04965003144166669,0.004382815631241543,-0.0020953456231901924,-0.0028071635235489625,-0.0005525461369728785,-0.0012938701792076512,-0.0029591719232527763,0.005325281754930869,2023,2,20232,-0.04595539244868363,0.0
11110,8094,377500668803,19469889,19388.94817546212,0.5713094457841821,0.04242215351771248,0.050372016405415394,0.09203304872588321,0.03563112985640651,0.10997763133147082,0.09825457437892951,0.3622201622403475,-0.04595539244868363,-0.031432266632546835,-0.01499443489165564,-0.011568321743417043,0.0011131071282113186,-0.002973410512780765,-0.0009578821135538956,0.00048180529798283467,0.01029286494399112,0.003611836999566423,2023,3,20233,0.09705648347372886,1.0
11110,8095,414139556226,18842842,21978.614278355675,0.5963561875220234,0.040532630893726135,0.0508831672831088,0.09555561080334096,0.03617673734315796,0.09568494995048288,0.08481071620415988,0.3866607915866149,0.09705648347372886,-0.032205987409584136,0.13356403243013126,0.02504674173784127,-0.0018895226239863464,0.000511150877693406,0.0035225620774577554,0.0005456074867514482,-0.014292681380987937,-0.013443858174769632,2023,4,20234,-0.09239266772218024,0.0
11110,8096,375876097817,17363274,21647.76630357846,0.5939650559602638,0.04336195646293859,0.04817143342489251,0.08977655656207517,0.039063479357361576,0.09946645856742495,0.08619505966504339,0.3839041841866341,-0.09239266772218024,-0.07852148842515372,-0.015053177174278454,-0.0023911315617595186,0.0028293255692124555,-0.0027117338582162906,-0.005779054241265791,0.002886742014203615,0.0037815086169420697,0.0013843434608835081,2024,1,20241,0.06930757071358995,1.0
11110,8097,401927157046,19338481,20783.801842864494,0.5994015059286664,0.03707871042238228,0.04474820363268358,0.08921656945638047,0.038605144143629394,0.09977221233998497,0.0911776540762729,0.3903772101824752,0.06930757071358995,0.11375775098636343,-0.03991009735591755,0.005436449968402535,-0.006283246040556308,-0.0034232297922089303,-0.0005599871056947009,-0.00045833521373218195,0.0003057537725600218,0.004982594411229516,2024,2,20242,-0.07566102826069943,0.0
11110,8098,371516935058,18570486,20005.773411530532,0.5834851348839801,0.03927495024344463,0.04407010343537619,0.09051780025788049,0.036979795749701616,0.10484854565490745,0.10082366977470954,0.3746592057340104,-0.07566102826069943,-0.03971330530045247,-0.03743436533971167,-0.01591637104468624,0.0021962398210623457,-0.0006781001973073866,0.0013012308015000196,-0.001625348393927778,0.005076333314922479,0.009646015698436636,2024,3,20243,0.12564904960715273,1.0
11110,8099,418197684861,18715645,22344.818191464947,0.6080075592276726,0.04063410040552506,0.04471825401476299,0.09349051069949176,0.035259490953186576,0.09081961635111377,0.0870704683482473,0.39913722090156317,0.12564904960715273,0.007816650571234485,0.11691848806936322,0.02452242434369245,0.0013591501620804289,0.0006481505793867956,0.002972710441611265,-0.0017203047965150403,-0.01402892930379368,-0.013753201426462233,2024,4,20244,-0.13465677039010227,0.0
11110,8100,361884535233,16465555,21978.27739380786,0.6027577400580476,0.04105585945095439,0.046264940435269686,0.08340528803908841,0.03901521770171653,0.09853694818995481,0.08896400612496852,0.3932456753382094,-0.13465677039010227,-0.12022508441467017,-0.016403838890803435,-0.00524981916962497,0.0004217590454293346,0.0015466864205066974,-0.010085222660403348,0.003755726748529954,0.007717331838841046,0.0018935377767212158,2025,1,20251,0.11600493168068327,1.0
11110,8101,403864926019,18864496,21408.73130238942,0.6059038923931904,0.0363895971206685,0.04432162461703319,0.08712842351490696,0.039156764269883695,0.09658851238833456,0.09051118569598264,0.39705436583828096,0.11600493168068327,0.145694511967559,-0.025914046001571656,0.0031461523351428156,-0.004666262330285893,-0.0019433158182364935,0.0037231354758185536,0.00014154656816716543,-0.0019484358016202546,0.0015471795710141206,2025,2,20252,-0.04065837354548463,0.0
11110,8102,387444434995,18612475,20816.384440811875,0.5927255629777303,0.03983374322617169,0.05028880340287103,0.0882131166122984,0.03650257862184164,0.09574631591618739,0.09668987924289957,0.3830695658023961,-0.04065837354548463,-0.01335954058883948,-0.027668471018244545,-0.013178329415460155,0.0034441461055031916,0.005967178785837836,0.0010846930973914398,-0.002654185648042054,-0.000842196472147172,0.006178693546916927,2025,3,20253,0.08871465043353521,1.0
11110,8103,421816432608,18023927,23403.13698607412,0.6129426160200675,0.04036119567637041,0.04942049243342976,0.08823155337475146,0.03778530925752682,0.087953364909512,0.08330546832834211,0.4036581937812315,0.08871465043353521,-0.031621157315187776,0.12426521774793664,0.02021705304233723,0.0005274524501987163,-0.0008683109694412675,1.84367624530557e-05,0.0012827306356851809,-0.007792951006675389,-0.013384410914557457,2025,4,20254,,
11140,8084,282858676237,17050493,16589.47200160136,0.5351260418654266,0.04017497393814617,0.04868677008677377,0.048025595635673324,0.034839004138388724,0.1479661207561193,0.14518149357947213,0.336836163810068,,,,,,,,,,,2021,1,20211,0.1618304688226928,1.0
11140,8085,328633828423,20057618,16384.489345793703,0.5558541818004009,0.038715437373122066,0.04742920359050026,0.04991806579292458,0.03214595500011113,0.1283500599113854,0.14758709653155566,0.3545031505264613,0.1618304688226928,0.1763658681306166,-0.012356189261953032,0.020728139934974354,-0.0014595365650241013,-0.00125756649627351,0.001892470157251254,-0.0026930491382775937,-0.019616060844733912,0.00240560295208353,2021,2,20212,-0.105997657657942,0.0
11140,8086,293799412383,19278389,15239.832144843638,0.5209179699259862,0.03615329263883377,0.043489786641722115,0.048882880004803606,0.03323625099791049,0.151912211222593,0.16540760856815087,0.3284851347313148,-0.105997657657942,-0.038849528393650745,-0.06986224451627032,-0.03493621187441476,-0.002562144734288299,-0.0039394169487781475,-0.0010351857881209722,0.001090295997799362,0.02356215131120759,0.01782051203659521,2021,3,20213,0.24452499069449107,1.0
11140,8087,365640710962,20383329,17938.22348459371,0.563259040628011,0.042649416680027946,0.04763201961887121,0.050855655922659324,0.032069452534837235,0.1241647999358536,0.13936961467973966,0.35980406344960425,0.24452499069449107,0.05731495510335427,0.17706174937517694,0.04234107070202486,0.006496124041194179,0.0041422329771490934,0.001972775917855718,-0.001166798463073257,-0.027747411286739396,-0.026037993888411215,2021,4,20214,-0.17949092933970545,0.0
11140,8088,300011519947,17111922,17532.309926786715,0.5464530575924619,0.04160948978294334,0.04866574436068083,0.051234389098510025,0.032422710173657346,0.12326341816651894,0.1563511908252277,0.3460264083581898,-0.17949092933970545,-0.16049424507645438,-0.022628414578267142,-0.016805983035549144,-0.0010399268970846046,0.0010337247418096204,0.0003787331758507012,0.0003532576388201106,-0.0009013817693346582,0.016981576145488037,2022,1,20221,0.31356131521755803,1.0
11140,8089,394083526722,21621154,18226.757310086225,0.5905214684149053,0.04342813872570985,0.04454036808390172,0.04824472993110426,0.028862633684822385,0.09777680063541948,0.14662586052413704,0.38680550358741655,0.31356131521755803,0.2635140576260224,0.03960957718631808,0.044068410822443393,0.0018186489427665098,-0.004125376276779107,-0.0029896591674057615,-0.003560076488834961,-0.02548661753109946,-0.009725330301090657,2022,2,20222,-0.007672383243598313,0.0
11140,8090,391059966875,21807048,17932.73288869727,0.5799556597735162,0.04304699904089358,0.047110093099580204,0.04932594197545601,0.028556084424181193,0.09631191701614139,0.15569330467023146,0.37718586128948084,-0.007672383243598313,0.008597783448561547,-0.01613147179099439,-0.010565808641389118,-0.00038113968481626875,0.0025697250156784812,0.0010812120443517495,-0.00030654926064119237,-0.0014648836192780873,0.009067444146094422,2022,3,20223,0.10412108596893299,1.0
11140,8091,431777555305,21873318,19739.920358904852,0.5951828455568267,0.04758879117856281,0.04933014080816291,0.05064278140060789,0.028882203886653923,0.0841199160835107,0.1442533210856751,0.3902248294185952,0.10412108596893299,0.0030389257638172573,0.1007759096967662,0.015227185783310504,0.004541792137669226,0.002220047708582709,0.0013168394251518792,0.00032611946247272997,-0.01219200093263069,-0.011439983584556362,2022,4,20224,-0.06228853679761559,0.0
11140,8092,404882763163,20814419,19452.03289906867,0.5948729925878216,0.04528740334055207,0.051339292595747515,0.04973962648020272,0.027636943120483443,0.08500774321712416,0.14611599865806857,0.3903745817141001,-0.06228853679761559,-0.048410533783671994,-0.014584023369998755,-0.00030985296900509773,-0.002301387838010739,0.0020091517875846024,-0.000903154920405172,-0.0012452607661704793,0.0008878271336134613,0.001862677572393473,2023,1,20231,0.02242731064435155,0.0
11140,8093,413963194667,22457162,18433.459876497305,0.5912694466301351,0.04215482611693911,0.04982924122902554,0.04814811796018079,0.02797949403525396,0.08795173213717207,0.1526671418912934,0.3880033979134775,0.02242731064435155,0.07892331753290827,-0.05236331996025623,-0.003603545957686416,-0.003132577223612959,-0.0015100513667219775,-0.0015915085200219267,0.0003425509147705168,0.0029439889200479075,0.006551143233224838,2023,2,20232,-0.0065561438044828835,0.0
11140,8094,411249192433,22469832,18302.28158506036,0.5855338022389692,0.039987171200777834,0.048073163370943035,0.046050593585263734,0.027061965452523415,0.09901151070499371,0.1542817934465291,0.3832189946464253,-0.0065561438044828835,0.0005641852697149119,-0.007116314154577141,-0.005735644391165917,-0.002167654916161277,-0.0017560778580825026,-0.002097524374917059,-0.0009175285827305452,0.011059778567821643,0.0016146515552356855,2023,3,20233,0.11138017988561155,1.0
11140,8095,457054201464,22617486,20208.001962021775,0.605341652816624,0.04113873944222126,0.045342447395995175,0.046853379982957494,0.026994295579124646,0.09746799128266814,0.1368614935004093,0.4013418589909971,0.11138017988561155,0.006571210679278794,0.10412474357934709,0.019807850577654773,0.0011515682414434264,-0.00273071597494786,0.0008027863976937596,-6.766987339876934e-05,-0.0015435194223255705,-0.017420299946119794,2023,4,20234,-0.06761347370183635,0.0
11140,8096,426151179233,21194920,20106.28864053273,0.6043061762741168,0.04184920443983832,0.04424080186973246,0.04167422331428046,0.026787972023323683,0.10343012058849843,0.13771150149020994,0.40101114296697854,-0.06761347370183635,-0.0628967339694606,-0.005033319062428987,-0.001035476542507241,0.0007104649976170593,-0.0011016455262627123,-0.005179156668677035,-0.00020632355580096212,0.005962129305830288,0.0008500079898006441,2024,1,20241,0.03632561583863669,0.0
11140,8097,441631383259,23244248,18999.598664538426,0.5992121528211324,0.03930849157252735,0.04232897950333569,0.044916202409842565,0.02792034586629146,0.10636893908975315,0.13994488873711738,0.39608803814297644,0.03632561583863669,0.09668958410789008,-0.05504198192814669,-0.005094023452984375,-0.0025407128673109666,-0.0019118223663967746,0.003241979095562106,0.001132373842967778,0.002938818501254714,0.0022333872469074423,2024,2,20242,0.023873778070741647,1.0
11140,8098,452174792892,22973245,19682.669683451335,0.606872691254911,0.036445274924770274,0.03896298099750112,0.04240528290478981,0.026359123350882554,0.107498238210306,0.1414564083568393,0.4051996334291311,0.023873778070741647,-0.011658927404319508,0.035951865666921545,0.007660538433778563,-0.002863216647757079,-0.0033659985058345707,-0.002510919505052757,-0.0015612225154089075,0.0011292991205528596,0.0015115196197219294,2024,3,20243,0.0894466730958623,1.0
11140,8099,492620323774,22788110,21617.427850488697,0.6265794721547197,0.04105580389792974,0.038987107251001456,0.041617087914556816,0.027654095735704615,0.09855253062655384,0.12555390241953393,0.4237805232143126,0.0894466730958623,-0.008058722222306858,0.09829754795225032,0.019706780899808707,0.004610528973159465,2.412625350033809e-05,-0.0007881949902329918,0.0012949723848220615,-0.008945707583752169,-0.015902505937305383,2024,4,20244,-0.11457565471231779,0.0
11140,8100,436178027653,20003854,21804.6996170338,0.625818496387349,0.04020008164865523,0.03828096787186973,0.039634084215615345,0.026441686650422624,0.10520907184143523,0.12441561138465282,0.4235484860647709,-0.11457565471231779,-0.12218020713433453,0.008662999494681634,-0.0007609757673706641,-0.000855722249274507,-0.0007061393791317275,-0.001983003698941471,-0.001212409085281991,0.006656541214881392,-0.0011382910348811115,2025,1,20251,0.048853847115270854,0.0
11140,8101,457487002331,22264584,20547.745348891316,0.6213172249172316,0.0367018053637548,0.03640852739232311,0.04285797059610015,0.02709569739651603,0.10488654474883322,0.13073222958524106,0.41937078294538327,0.048853847115270854,0.1130147220630584,-0.057646025408235935,-0.004501271470117363,-0.003498276284900431,-0.0018724404795466207,0.0032238863804848056,0.0006540107460934058,-0.0003225270926020124,0.0063166182005882365,2025,2,20252,0.011272136689621126,0.0
11140,8102,462643858355,22775293,20313.4097267157,0.6175091819111197,0.03717498980350211,0.03944238380442944,0.044090026037583406,0.028737324058019268,0.09558983114407975,0.1374562632412663,0.41505667556402315,0.011272136689621126,0.022938178409261933,-0.011404444536210812,-0.0038080430061119275,0.0004731844397473095,0.0030338564121063297,0.0012320554414832555,0.0016416266615032378,-0.009296713604753468,0.006724033656025252,2025,3,20253,0.055490749785985116,1.0
11140,8103,488316312939,21568822,22639.915751495377,0.6344697656592575,0.04072475296045293,0.037586796571534555,0.04410145949535417,0.0285989884936417,0.09225567366336909,0.12226256315639002,0.4318452408610451,0.055490749785985116,-0.052972798198468896,0.11453055179209581,0.016960583748137803,0.003549763156950818,-0.0018555872328948828,1.1433457770763933e-05,-0.00013833556437756883,-0.003334157480710656,-0.015193700084876291,2025,4,20254,,
11170,8084,190280862532,10725177,17741.51256729842,0.394663161968644,0.03467823521606277,0.04679099982796582,0.12540188732845975,0.0418136989980375,0.22173987740834591,0.13491213925248427,0.24399486639787757,,,,,,,,,,,2021,1,20211,0.18334730187137382,1.0
11170,8085,225168345275,12579476,17899.660150788473,0.4083409708753965,0.03160072891822249,0.04932930404331231,0.14612574482801044,0.03794687441329557,0.19341613888404502,0.13324023803771767,0.24812979719346104,0.18334730187137382,0.17289215832988125,0.008913985371323596,0.01367780890675252,-0.003077506297840274,0.002538304215346489,0.02072385749955069,-0.0038668245847419333,-0.028323738524300895,-0.0016719012147665968,2021,2,20212,-0.10199935315930031,0.0
11170,8086,202201319705,12186440,16592.320620706294,0.37446844946149804,0.03193109300878784,0.045247735570411125,0.13568978094716933,0.03901546748809337,0.22265793872504933,0.150989534798991,0.235601892569993,-0.10199935315930031,-0.031244226707058398,-0.07303711461944107,-0.03387252141389846,0.00033036409056534655,-0.004081568472901184,-0.010435963880841115,0.0010685930747977995,0.029241799841004307,0.01774929676127332,2021,3,20213,0.20885492133093986,0.0
11170,8087,244432060425,12549598,19477.282095012128,0.4285035845170473,0.028568070894049537,0.04778428945733091,0.1603153638882967,0.03287590535802767,0.17369751392341315,0.12825527196183475,0.26011687711843323,0.20885492133093986,0.029800171337978965,0.17387329598160983,0.054035135055549244,-0.0033630221147383024,0.0025365538869197846,0.024625582941127377,-0.0061395621300657024,-0.048960424801636176,-0.02273426283715624,2021,4,20214,-0.14125987610612356,0.0
11170,8088,209903617853,10875802,19300.05877755038,0.41279493531969924,0.030425019550984957,0.044383411116450416,0.146167529334757,0.037200487689871414,0.19205587039587005,0.13697274659236694,0.25169104120136765,-0.14125987610612356,-0.13337447143725245,-0.009098975750170601,-0.015708649197348046,0.0018569486569354199,-0.0034008783408804935,-0.014147834553539712,0.004324582331843747,0.0183583564724569,0.008717474630532185,2022,1,20221,0.32167480340565735,1.0
11170,8089,277424322860,13690048,20264.671304293453,0.4374513071020207,0.031604817218657044,0.046331889509509463,0.17887167005195156,0.0320112291793592,0.15077408406294776,0.12295500287555429,0.26537970484010864,0.32167480340565735,0.25876215841369676,0.049979771453602995,0.02465637178232144,0.0011797976676720875,0.0019484783930590471,0.032704140717194574,-0.005189258510512211,-0.04128178633292229,-0.01401774371681265,2022,2,20222,-0.009214727936057932,0.0
11170,8090,274867933202,13916614,19751.06395866121,0.42389495219281625,0.032111316773766815,0.044491504103582415,0.18442974919793642,0.030249229679657305,0.14942434157212614,0.13539890648011466,0.2582874071125949,-0.009214727936057932,0.016549686312275824,-0.02534496306009304,-0.013556354909204427,0.0005064995551097712,-0.0018403854059270489,0.005558079145984857,-0.0017619994997018981,-0.0013497424908216205,0.012443903604560366,2022,3,20223,-0.022199959023650906,0.0
11170,8091,268765876348,12375927,21716.827866550924,0.47376780157585485,0.033892340433148836,0.047594120205339034,0.16398965321003622,0.03049931328851524,0.13965341079758434,0.11060336048952149,0.2874288137981682,-0.022199959023650906,-0.11070846687276081,0.0995269881158829,0.0498728493830386,0.0017810236593820208,0.0031026161017566195,-0.020440095987900198,0.00025008360885793446,-0.009770930774541803,-0.024795545990593165,2022,4,20224,-0.07574888778529087,0.0
11170,8092,248407160140,11048545,22483.246449193084,0.4845848775500598,0.030584320225383984,0.047802019496167976,0.15103603091333984,0.0268003837258473,0.16087413069525702,0.09831823739394406,0.2971200421948819,-0.07574888778529087,-0.10725515753284587,0.03529146095146918,0.010817075974204948,-0.0033080202077648523,0.00020789929082894176,-0.012953622296696388,-0.00369892956266794,0.021220719897672685,-0.01228512309557743,2023,1,20231,0.06284618061412384,0.0
11170,8093,264018601392,12591773,20967.547730728627,0.47913558189477284,0.032170910512433946,0.044560371348730594,0.16385484973374623,0.023260204325080868,0.14844686891515202,0.10857121327008351,0.2938051301437417,0.06284618061412384,0.13967703439683676,-0.06741458453918492,-0.0054492956552869565,0.0015865902870499625,-0.0032416481474373815,0.012818818820406391,-0.0035401794007664314,-0.012427261780105003,0.01025297587613945,2023,2,20232,-0.012608260753027678,0.0
11170,8094,260689786022,12471290,20903.19333621462,0.4783587855316898,0.031698304460239336,0.041198231238310346,0.15901283495434576,0.018713216798560375,0.15128667892907663,0.11973194808777778,0.29438786923562427,-0.012608260753027678,-0.009568390408562832,-0.0030692380120205254,-0.0007767963630830321,-0.00047260605219461016,-0.003362140110420249,-0.004842014779400466,-0.004546987526520493,0.0028398100139246096,0.011160734817694265,2023,3,20233,0.03572755514178061,0.0
11170,8095,270003594727,11993147,22513.15644901209,0.5046819267675979,0.03159767608511348,0.03889196675554452,0.15824676633361628,0.01925927894499991,0.13923297633503956,0.10808940877808834,0.31369694628758704,0.03572755514178061,-0.03833949815937243,0.07701995991245147,0.02632314123590812,-0.00010062837512585937,-0.0023062644827658227,-0.0007660686207294765,0.000546062146439534,-0.012053702594037069,-0.011642539309689434,2023,4,20234,-0.061922066718795854,0.0
11170,8096,253284414120,11054047,22913.27457898451,0.5064253101899471,0.032014224815895276,0.037516795539965536,0.1546996002226811,0.018323123268853114,0.14710172369053784,0.10391922227212012,0.315604840364887,-0.061922066718795854,-0.07830305090065182,0.017772635786483804,0.001743383422349143,0.0004165487307817989,-0.0013751712155789866,-0.003547166110935196,-0.0009361556761467958,0.007868747355498279,-0.004170186505968218,2024,1,20241,0.04071111043617015,0.0
11170,8097,263595903875,12168630,21661.921175596595,0.5033181289566425,0.03116351869752665,0.035638128289940216,0.15895009182642217,0.017802676889187682,0.1462023863590661,0.10692506898121465,0.31396055517180876,0.04071111043617015,0.10083031128780262,-0.05461259581533695,-0.0031071812333045568,-0.0008507061183686271,-0.0018786672500253204,0.00425049160374108,-0.0005204463796654318,-0.000899337331471739,0.0030058467090945257,2024,2,20242,-0.038360844073643485,0.0
11170,8098,253484142508,11699085,21667.005796436217,0.5059988621811008,0.03041003205065074,0.03481506122901348,0.15389953463368544,0.017330862138097466,0.14675959240261321,0.11078605536483889,0.3159690606346672,-0.038360844073643485,-0.03858651302570626,0.00023472621834441654,0.002680733224458276,-0.0007534866468759081,-0.0008230670609267327,-0.0050505571927367265,-0.0004718147510902153,0.0005572060435471149,0.0038609863836242403,2024,3,20243,0.09292358802388057,1.0
11170,8099,277038798537,11499369,24091.652206047132,0.52644305540302,0.03264726518005041,0.03688965755327257,0.16125509681285152,0.01672972327152581,0.12929966102641724,0.0967355407528624,0.3319282384153606,0.09292358802388057,-0.017071078635636838,0.11190500581348073,0.02044419322191926,0.0022372331293996663,0.00207459632425909,0.007355562179166081,-0.0006011388665716558,-0.017459931376195975,-0.014050514611976483,2024,4,20244,-0.11354360219620607,0.0
11170,8100,245582815403,10098997,24317.545138690504,0.530512486242995,0.03405444409974721,0.0362542523522647,0.15138948482201425,0.0183089155510393,0.1319168891147269,0.0975635278172127,0.3340922741334655,-0.11354360219620607,-0.12177816017557141,0.009376398543005315,0.004069430839974908,0.0014071789196967999,-0.0006354052010078756,-0.00986561199083727,0.0015791922795134888,0.0026172280883096644,0.0008279870643502912,2025,1,20251,0.08920388351298447,1.0
11170,8101,267489756261,11541154,23177.037258232584,0.5200756586665706,0.032046647844846156,0.03522545391534978,0.15896371273564014,0.0188550881816903,0.13221159681903022,0.10262184183687281,0.3263826360515696,0.08920388351298447,0.14280200301079393,-0.04690061739181528,-0.01043682757642439,-0.002007796254901051,-0.0010287984369149183,0.007574227913625886,0.0005461726306510012,0.0002947077043033153,0.005058314019660115,2025,2,20252,0.021246353260177653,0.0
11170,8102,273172938116,11933989,22890.32930363854,0.5144700142197888,0.031203075018289124,0.03873336958987837,0.15809782841542178,0.01683930361010592,0.13220133201724632,0.1084550771292697,0.3216714827796882,0.021246353260177653,0.034037757402769264,-0.012370345329285048,-0.005605644446781799,-0.0008435728265570319,0.003507915674528593,-0.000865884320218363,-0.00201578457158438,-1.0264801783899102e-05,0.0058332352923968905,2025,3,20253,0.03396247474579761,1.0
11170,8103,282450567128,11252075,25102.087137527968,0.5403650000314331,0.031199729462771567,0.03656737115815164,0.15949520984174415,0.017148146141993892,0.11909918785100299,0.09612535551290274,0.34346241040875847,0.03396247474579761,-0.05714049175007618,0.09662411599897158,0.02589498581164429,-3.345555517557386e-06,-0.002165998431726733,0.0013973814263223694,0.0003088425318879713,-0.013102144166243335,-0.01232972161636696,2025,4,20254,,
11200,8084,149878493229,10604444,14133.555067007755,0.5256985145134535,0.027290083619606255,0.021001832045312734,0.01932254019644525,0.026537508373018607,0.18740209294795165,0.192747428304212,0.3508934692443277,,,,,,,,,,,2021,1,20211,0.1513419654636019,0.0
11200,8085,172561398975,12490072,13815.885046539363,0.5452328860733844,0.027075077843318116,0.02205683785370459,0.0215969551947126,0.025026028304427753,0.16636894997101423,0.19264326475943835,0.3643812495302479,0.1513419654636019,0.17781488591009587,-0.022476299767631436,0.019534371559930874,-0.0002150057762881387,0.0010550058083918547,0.0022744149982673496,-0.0015114800685908543,-0.021033142976937425,-0.00010416354477363332,2021,2,20212,-0.084945954194099,0.0
11200,8086,157903006282,11989185,13170.453728255923,0.5022295617562295,0.024054856309806607,0.020820895532087005,0.019014255331136508,0.0238865668856487,0.19693639797752766,0.21305746620756413,0.3383562172432285,-0.084945954194099,-0.04010281125681259,-0.046716610344489595,-0.04300332431715492,-0.0030202215335115093,-0.0012359423216175836,-0.0025826998635760934,-0.001139461418779051,0.030567448006513426,0.02041420144812578,2021,3,20213,0.14234073251816315,0.0
11200,8087,180379035863,12124393,14877.366303038842,0.5573130694985635,0.026525343680370773,0.020799555087152918,0.024740116946790847,0.02731565473463471,0.16088411371175707,0.18242214634073017,0.37225382868359497,0.14234073251816315,0.011277497177664797,0.1296016530638504,0.05508350774233406,0.0024704873705641665,-2.1340444934087738e-05,0.005725861615654339,0.0034290878489860073,-0.03605228426577059,-0.03063531986683396,2021,4,20214,-0.1200572390654524,0.0
11200,8088,158723226832,10696230,14839.174815051658,0.5428000158300108,0.027693939039259714,0.020699227942722397,0.02039292183384106,0.028780389651699215,0.16767526815826045,0.19195823754420632,0.36203441208444226,-0.1200572390654524,-0.1177925360881984,-0.002567086620659631,-0.014513053668552711,0.0011685953588889408,-0.00010032714443052038,-0.0043471951129497866,0.0014647349170645065,0.0067911544465033835,0.00953609120347615,2022,1,20221,0.23405182635507216,0.0
11200,8089,195872687957,12739933,15374.703144592675,0.5886269008332135,0.027548812543914232,0.02158441678161955,0.0232671161841639,0.025987638159728876,0.1385404013343465,0.1744447141630135,0.39854756963884175,0.23405182635507216,0.19106760045361781,0.03608882139442282,0.045826885003202644,-0.00014512649534548228,0.0008851888388971517,0.0028741943503228402,-0.002792751491970339,-0.029134866823913946,-0.01751352338119283,2022,2,20222,-0.0334168145710898,0.0
11200,8090,189327246664,12368260,15307.508628052774,0.573850167650796,0.026910595726572627,0.021360224876544237,0.022984803073394365,0.032158536081207945,0.14088177156210524,0.18185390102937962,0.384965441775272,-0.0334168145710898,-0.029173858292661392,-0.004370459442889052,-0.014776733182417456,-0.0006382168173416046,-0.0002241919050753119,-0.0002823131107695352,0.006170897921479068,0.002341370227758738,0.00740918686636613,2022,3,20223,0.08614147066187217,1.0
11200,8091,205636174128,12438169,16532.67246392938,0.6022528823839702,0.02679427805620587,0.022014719935326728,0.02607587063773268,0.030288904339968028,0.12665443594466133,0.16591890870213516,0.40907891473518376,0.08614147066187217,0.005652290621316114,0.08003678884958143,0.02840271473317424,-0.00011631767036675636,0.0006544950587824908,0.003091067564338315,-0.0018696317412399167,-0.01422733561744391,-0.015934992327244463,2022,4,20224,-0.0754005155695453,0.0
11200,8092,190131100579,11245051,16907.980282081426,0.6031555730796957,0.025971175057435052,0.023035043270999377,0.026949460595327445,0.03084966308582891,0.13284141366186186,0.1571976712488517,0.40903768465808904,-0.0754005155695453,-0.09592392578039421,0.022700977048380144,0.000902690695725461,-0.0008231029987708187,0.0010203233356726495,0.0008735899575947649,0.0005607587458608815,0.006186977717200531,-0.008721237453283459,2023,1,20231,0.06250709708621249,0.0
11200,8093,202015643742,12850228,15720.782832958295,0.5906120396912325,0.025584769215204296,0.02342892295531658,0.02881755790870795,0.030454149193797936,0.1299631913334915,0.1711393697022492,0.39796309808548813,0.06250709708621249,0.142745195197425,-0.07021521372255723,-0.012543533388463146,-0.00038640584223075675,0.00039387968431720335,0.0018680973133805047,-0.0003955138920309735,-0.0028782223283703723,0.013941698453397489,2023,2,20232,-0.022859022397778372,0.0
11200,8094,197397763617,12212627,16163.415423806851,0.5900943653799753,0.02438735186656094,0.021944140585121348,0.027337882076873012,0.02983607041986157,0.13706079126860973,0.16933939840299808,0.39838669153949346,-0.022859022397778372,-0.04961787448440602,0.0281558873722616,-0.0005176743112572657,-0.0011974173486433565,-0.0014847823701952326,-0.0014796758318349375,-0.0006180787739363675,0.007097599935118243,-0.0017999712992511074,2023,3,20233,0.05304928162366562,0.0
11200,8095,207869573171,12166102,17085.963373560407,0.6106736955127858,0.025259764499927943,0.02256265528164522,0.026840153904632947,0.0294710778953707,0.12818125916427897,0.15701139374135845,0.4167414427666762,0.05304928162366562,-0.0038095816731322785,0.05707630012371956,0.020579330132810547,0.0008724126333670042,0.0006185146965238704,-0.0004977281722400653,-0.0003649925244908689,-0.008879532104330762,-0.012328004661639635,2023,4,20234,-0.04960077950666819,0.0
11200,8096,197559080306,11189704,17655.433986993758,0.6161062846540462,0.025959524826985353,0.021726588802456783,0.02467449817264589,0.031050190512623574,0.1301001415889837,0.15038277144225856,0.4218468655595167,-0.04960077950666819,-0.08025561515101554,0.03332973394491612,0.0054325891412603244,0.0006997603270574096,-0.0008360664791884354,-0.0021656557319870567,0.0015791126172528744,0.0019188824247047265,-0.006628622299099884,2024,1,20241,0.05235077085285411,0.0
11200,8097,207901450449,12700967,16368.946588791232,0.6111550018366462,0.023844497709341713,0.022734214921504094,0.02327198479159659,0.031805388114028936,0.12888366168264453,0.15830525094423797,0.41782055958352776,0.05235077085285411,0.13505835364367091,-0.07286637072474367,-0.004951282817399982,-0.00211502711764364,0.0010076261190473113,-0.0014025133810493008,0.0007551976014053621,-0.001216479906339163,0.007922479501979413,2024,2,20242,-0.07389369532449985,0.0
11200,8098,192538844012,11590401,16611.922573860906,0.6162176398628704,0.024391205884186702,0.022891459594123784,0.020900402880517945,0.025579990465160577,0.12982274253938145,0.16019655877375913,0.42445117420116696,-0.07389369532449985,-0.08743948393850642,0.014843715431025473,0.005062638026224198,0.0005467081748449891,0.00015724467261968994,-0.002371581911078644,-0.006225397648868359,0.0009390808567369124,0.001891307829521155,2024,3,20243,0.06869682489199747,0.0
11200,8099,205765651264,11551583,17812.76655017758,0.6293143931970502,0.026813579055141788,0.022876149046668126,0.025031339246178296,0.025785582376878863,0.12011428729321702,0.15006466978486574,0.43551720303449354,0.06869682489199747,-0.003349150732576023,0.07228807929831182,0.013096753334179811,0.0024223731709550854,-1.5310547455658213e-05,0.004130936365660351,0.0002055919117182857,-0.009708455246164427,-0.01013188898889339,2024,4,20244,-0.10751986488558651,0.0
11200,8100,183641756242,9943118,18469.232311433898,0.6316401022333019,0.027232274964794988,0.02335498238945229,0.021987986357955035,0.026061062984462112,0.12104847533534949,0.14867511573468412,0.43817594471915805,-0.10751986488558651,-0.1392419549770798,0.03685366668939882,0.002325709036251733,0.00041869590965320017,0.0004788333427841636,-0.0030433528882232615,0.00027548060758324916,0.0009341880421324666,-0.001389554050181624,2025,1,20251,0.09560317702943344,1.0
11200,8101,201198491574,12286074,16376.141928983987,0.615502122337994,0.025631716707494565,0.02221246324978673,0.02267222587661526,0.02533955489484807,0.12094091917707232,0.16770099775618907,0.42389969447585707,0.09560317702943344,0.23563594437881563,-0.11332849937428768,-0.016137979895307963,-0.0016005582573004225,-0.0011425191396655585,0.0006842395186602256,-0.0007215080896140411,-0.00010755615827716392,0.01902588202150496,2025,2,20252,-0.00936347712779495,0.0
11200,8102,199314574100,11765802,16940.160483747728,0.6235232426036627,0.024979559670844965,0.02365941031303641,0.023167408298418055,0.021938742210622923,0.11973407268264584,0.16299756422076914,0.43188747148482254,-0.00936347712779495,-0.0423464810646591,0.03444147939176623,0.008021120265668702,-0.0006521570366496005,0.0014469470632496803,0.0004951824218027943,-0.0034008126842251483,-0.0012068464944264834,-0.0047034335354199375,2025,3,20253,0.030719675114816436,0.0
11200,8103,205437453062,11298014,18183.501371302955,0.6336922897389654,0.02580530493337099,0.023037325650506802,0.02953344540914322,0.02104307362443463,0.11705485681202735,0.14983370383155165,0.44022956386290824,0.030719675114816436,-0.039758275721451075,0.07339605127992033,0.010169047135302756,0.0008257452625260245,-0.0006220846625296095,0.006366037110725167,-0.0008956685861882911,-0.0026792158706184926,-0.013163860389217491,2025,4,20254,,
11215,8084,191808295877,13709321,13991.086493415683,0.4225002654784417,0.04507363940370993,0.02865314368636243,0.020639265532803805,0.046919104769957656,0.24210368930955287,0.19411089181917157,0.2802797263158392,,,,,,,,,,,2021,1,20211,0.12636342489869512,0.0
11215,8085,216045849068,15647648,13806.921594095164,0.4484885792158996,0.047408394436572715,0.02938457968244439,0.021667539182975034,0.04317365818986039,0.217412476775779,0.19246477251646893,0.29089733580659927,0.12636342489869512,0.14138752750774453,-0.013163016282344397,0.025988313737457858,0.002334755032862783,0.000731435996081959,0.001028273650171229,-0.0037454465800972683,-0.024691212533773876,-0.0016461193027026422,2021,2,20212,-0.05610133367193326,0.0
11215,8086,203925388801,15526252,13134.231545449604,0.40974558300114056,0.04450033987114556,0.026397036880253348,0.020845242164271183,0.045023577730969495,0.24514092954253502,0.20834729080968487,0.27653284219094676,-0.05610133367193326,-0.007758098852939432,-0.048721218851076165,-0.03874299621475902,-0.0029080545654271567,-0.002987542802191042,-0.0008222970187038506,0.0018499195411091074,0.027728452766756034,0.015882518293215936,2021,3,20213,0.10842206615859884,0.0
11215,8087,226035400797,15282672,14790.30635460867,0.4647682180958369,0.05022111608170123,0.027584011128414146,0.02321398519213563,0.04459490752093636,0.2048901223600488,0.18472763962092695,0.29792439268834,0.10842206615859884,-0.015688267844680137,0.1260884432734719,0.05502263509469635,0.005720776210555674,0.0011869742481607978,0.0023687430278644464,-0.00042867021003313577,-0.04025080718248622,-0.023619651188757917,2021,4,20214,-0.11131398350560473,0.0
11215,8088,200874499921,13515801,14862.197210583376,0.44317066976152014,0.04722967575143258,0.02705805936610962,0.02164470059519716,0.04882467465933779,0.21488945003460502,0.19718276983179767,0.2872738857592803,-0.11131398350560473,-0.1156127017579125,0.004860673893499534,-0.021597548334316763,-0.0029914403302686507,-0.0005259517623045253,-0.0015692845969384715,0.0042297671384014315,0.009999327674556219,0.012455130210870718,2022,1,20221,0.2062589980126619,0.0
11215,8089,242306673001,15850942,15286.578740935396,0.491620992780122,0.05425094767796902,0.028459421317594255,0.023106620068102265,0.0440802648879419,0.1722467284663999,0.18623502480187065,0.31227371010169663,0.2062589980126619,0.1727711883298666,0.0285544273393048,0.04845032301860186,0.00702127192653644,0.0014013619514846344,0.0014619194729051065,-0.00474440977139589,-0.042642721568205116,-0.010947745029927014,2022,2,20222,0.020033842291169446,1.0
11215,8090,247161006674,16181894,15273.923230123743,0.46950989235555357,0.051121503731636805,0.02746282453021759,0.022332428874107847,0.0417100966278127,0.1991096064231108,0.18875364745756068,0.30131819823330247,0.020033842291169446,0.020879011480831933,-0.0008278837944140083,-0.02211110042456843,-0.0031294439463322166,-0.0009965967873766662,-0.0007741911939944182,-0.002370168260129202,0.026862877956710884,0.002518622655690028,2022,3,20223,0.004680006788148727,0.0
11215,8091,248317721863,15155435,16384.73074926586,0.5126392048982777,0.05655242719143373,0.028489983791423184,0.021789382962304822,0.042450357851686875,0.1619163220504356,0.17616232125443804,0.3263356794641228,0.004680006788148727,-0.0634325623440618,0.07272574978976865,0.043129312542724174,0.005430923459796927,0.001027159261205595,-0.0005430459118030244,0.0007402612238741751,-0.03719328437267519,-0.012591326203122644,2022,4,20224,-0.027644850458105275,0.0
11215,8092,241453015576,14529614,16617.992437789468,0.4964547132163253,0.054993530353405304,0.030651682230369463,0.02422143836575597,0.0410277818538236,0.1778298727003678,0.1748209812799526,0.3148868923596519,-0.027644850458105275,-0.041293502957849726,0.014236528637131318,-0.016184491681952462,-0.0015588968380284285,0.0021616984389462787,0.0024320554034511464,-0.0014225759978632735,0.01591355064993219,-0.0013413399744854337,2023,1,20231,0.08963770915997338,1.0
11215,8093,263096310762,16869846,15595.655749436006,0.48299955108437037,0.05198282305969661,0.0296497360050656,0.022544214036378196,0.04058575541813435,0.17308878210076892,0.19914913829558598,0.3086454379885097,0.08963770915997338,0.1610663573030915,-0.061519867227082026,-0.013455162131954912,-0.0030107072937086907,-0.0010019462253038625,-0.001677224329377773,-0.00044202643568925365,-0.004741090599598874,0.024328157015633373,2023,2,20232,-0.03041482499250525,0.0
11215,8094,255094282514,16254205,15694.048556296662,0.4830400564239908,0.05080283404740269,0.028271803620703237,0.022678389907396308,0.03818443508025476,0.18598189639313556,0.19104058452711667,0.3097660501109472,-0.03041482499250525,-0.036493575578579684,0.006308988120888426,4.050533962041136e-05,-0.0011799890122939222,-0.0013779323843623632,0.00013417587101811207,-0.002401320337879591,0.012893114292366642,-0.008108553768469307,2023,3,20233,-0.0007106884098433408,0.0
11215,8095,254912989964,15186985,16784.96357005686,0.5055129910884434,0.054228237803621605,0.027846513118074033,0.02261302917836423,0.04133600225507573,0.17570428185839157,0.1727589446980294,0.3221971760349089,-0.0007106884098433408,-0.06565808663050576,0.06951138260130518,0.022472934664452604,0.0034254037562189144,-0.0004252905026292039,-6.536072903207818e-05,0.003151567174820971,-0.01027761453474399,-0.01828163982908726,2023,4,20234,-0.05116817523438899,0.0
11215,8096,241869557424,13906254,17392.86204782395,0.512411170979809,0.05657142632056714,0.025639087560444935,0.021375218791742805,0.03884422782702681,0.17978343926007945,0.16537542926032986,0.3280597888808684,-0.05116817523438899,-0.08433082669140712,0.0362168482064229,0.006898179891365652,0.002343188516945538,-0.002207425557629098,-0.0012378103866214248,-0.002491774428048918,0.004079157401687877,-0.00738351543769955,2024,1,20241,0.09207056644570644,1.0
11215,8097,264138624582,16293340,16211.44741237831,0.5043932088683977,0.04999000707638204,0.02480824858677843,0.01817778812393801,0.03781471869858697,0.17557682286106815,0.18923920578484874,0.32592604182139845,0.09207056644570644,0.1716555730968239,-0.06792525762563895,-0.00801796211141137,-0.006581419244185101,-0.0008308389736665055,-0.003197430667804795,-0.00102950912843984,-0.004206616399011293,0.023863776524518876,2024,2,20242,-0.05076672779007796,0.0
11215,8098,250729170929,15552745,16121.216603821384,0.4935758918217134,0.04930302954856623,0.0224589214295874,0.01817508183876391,0.03657660175327959,0.1971133262870121,0.18279714732107735,0.32048899472636444,-0.05076672779007796,-0.045453848013973785,-0.0055658699844425286,-0.01081731704668426,-0.0006869775278158102,-0.0023493271571910293,-2.7062851740977667e-06,-0.0012381169453073784,0.02153650342594393,-0.006442058463771383,2024,3,20243,0.025034129382485837,0.0
11215,8099,257005957434,14987263,17148.291681676634,0.5217247255462311,0.052111044092973326,0.023370750771574893,0.02037127175678215,0.03894852367603425,0.17555533660571526,0.16791834755068902,0.3364066660188083,0.025034129382485837,-0.036358983574925174,0.06370952658819751,0.028148833724517652,0.0028080145444070934,0.0009118293419874933,0.002196189918018239,0.0023719219227546565,-0.021557989681296824,-0.014878799770388335,2024,4,20244,-0.09366774448869375,0.0
11215,8100,232932789081,13157470,17703.463437955776,0.5212699774988618,0.05365189616415144,0.021901486030058138,0.02032395875942463,0.039047482116556606,0.18430725353600225,0.15949794589494512,0.33642711810398634,-0.09366774448869375,-0.12208987057877074,0.03237475584068572,-0.0004547480473692245,0.0015408520711781143,-0.0014692647415167556,-4.731299735752023e-05,9.895844052235786e-05,0.008751916930286985,-0.008420401655743898,2025,1,20251,0.08303634560557316,0.0
11215,8101,252274676658,15135905,16667.300479092595,0.5135626783089229,0.050038675491449455,0.0211688413706293,0.016950133408740607,0.037308622350389724,0.18490321049241457,0.17606783857745342,0.33356693479774424,0.08303634560557316,0.15036591381169795,-0.058528827564987895,-0.007707299189938954,-0.0036132206727019847,-0.000732644659428839,-0.003373825350684024,-0.0017388597661668823,0.000595956956412319,0.016569892682508303,2025,2,20252,-0.031901458749703626,0.0
11215,8102,244226746467,14835977,16461.790582918806,0.5077715066672948,0.051261902224503664,0.022792283861309784,0.014643949165016004,0.0370793325915416,0.18886393616283345,0.17758708932750072,0.3297752566377779,-0.031901458749703626,-0.019815663483617296,-0.012330124871245962,-0.005791171641628123,0.0012232267330542085,0.001623442490680485,-0.0023061842437246023,-0.0002292897588481238,0.003960725670418885,0.0015192507500473018,2025,3,20253,0.015167581305434608,0.0
11215,8103,247931075501,13915829,17816.479025503977,0.5367100217917753,0.0555119826515837,0.02395492535979438,0.01612191939603746,0.03849841618567698,0.1727372702129357,0.15646546440219647,0.34777471656366066,0.015167581305434608,-0.062021395692376746,0.08229289734683132,0.028938515124480535,0.004250080427080034,0.0011626414984845963,0.0014779702310214575,0.0014190835941353813,-0.016126665949897756,-0.021121624925304255,2025,4,20254,,
11230,8084,188876766597,13330578,14168.685453623992,0.4148216696877977,0.028005068761506505,0.013187850331611742,0.014594660680959498,0.03705702501215505,0.29755543980650007,0.1947782857194694,0.3010992684846768,,,,,,,,,,,2021,1,20211,0.10373114267570904,0.0
11230,8085,208469169421,15358334,13573.683800664838,0.4406832294538113,0.026100884433474802,0.013597463034332275,0.01576700924232153,0.03602841617712803,0.272888779050651,0.19493421860828108,0.30908213655987604,0.10373114267570904,0.15211313417917816,-0.041994132406049545,0.025861559766013564,-0.0019041843280317022,0.000409612702720533,0.0011723485613620317,-0.00102860883502702,-0.024666660755849057,0.00015593288881168843,2021,2,20212,-0.018247161129701372,0.0
11230,8086,204665198896,15420017,13272.69606097062,0.40186461074309915,0.02485493313684909,0.01249118156770308,0.014150591818356288,0.03795804333079429,0.29989008031692077,0.2087905590862774,0.2974375728242588,-0.018247161129701372,0.004016255929842449,-0.022174359158084633,-0.03881861871071213,-0.0012459512966257122,-0.001106281466629196,-0.0016164174239652416,0.0019296271536662635,0.02700130126626976,0.013856340477996304,2021,3,20213,0.06408705345487209,0.0
11230,8087,217781588438,15257967,14273.303149626683,0.4397474055951444,0.026980282222860072,0.015011132343406019,0.020189245369801927,0.04072167815749376,0.26513925139010835,0.19221100492118545,0.3036408041918005,0.06408705345487209,-0.010509067532156413,0.07538838259081548,0.037882794852045265,0.0021253490860109817,0.0025199507757029393,0.006038653551445639,0.0027636348266994668,-0.034750828926812416,-0.016579554165091936,2021,4,20214,-0.15301621156320566,0.0
11230,8088,184457474827,13195899,13978.39395610712,0.4522811598784199,0.0296504514665482,0.013943840543259547,0.021657704344845787,0.04309346517648672,0.22699969575790271,0.21237368283253713,0.3045893734746761,-0.15301621156320566,-0.13514696944881321,-0.020661593916140975,0.012533754283275467,0.0026701692436881287,-0.0010672918001464714,0.0014684589750438605,0.00237178701899296,-0.03813955563220564,0.02016267791135168,2022,1,20221,0.14969931882076337,0.0
11230,8089,212070633160,15155252,13993.210615039592,0.504461648088192,0.02992032802209228,0.016517445366220077,0.01982611507000982,0.037435762343437144,0.19293938167822464,0.19889931943182396,0.3342306618360526,0.14969931882076337,0.1484819639798698,0.001059968618640772,0.05218048820977217,0.00026987655554407824,0.0025736048229605298,-0.001831589274835968,-0.005657702833049574,-0.03406031407967808,-0.013474363400713174,2022,2,20222,-0.016217948589822617,0.0
11230,8090,208631282534,14703127,14189.585829871428,0.5010799436127863,0.031222355832176987,0.015963512755845906,0.018349913931896108,0.0371433739939605,0.19136906071357468,0.20487183915975954,0.33262171658627165,-0.016217948589822617,-0.02983289225411756,0.014033606742170912,-0.0033817044754057557,0.0013020278100847084,-0.0005539326103741714,-0.0014762011381137113,-0.0002923883494766466,-0.0015703209646499572,0.005972519727935582,2022,3,20223,0.07507468188260535,0.0
11230,8091,224294209701,15210578,14745.935999342037,0.5111307513815363,0.03220616169106479,0.017537641525582646,0.02747015217295879,0.03744598568637304,0.18506117962355467,0.18914812791892974,0.33478091633233165,0.07507468188260535,0.034513134518936006,0.039208344495820224,0.010050807768750003,0.0009838058588878054,0.0015741287697367407,0.009120238241062683,0.0003026116924125452,-0.006307881090020007,-0.015723711240829802,2022,4,20224,-0.0034683719434266402,1.0
11230,8092,223516273957,14341862,15584.885278982603,0.47620377663183827,0.030013524940428193,0.016194202945134774,0.01726438832701,0.03366750479854412,0.2502954781259583,0.17636112423108632,0.32311573326082416,-0.0034683719434266402,-0.05711262254465277,0.05689359289759577,-0.034926974749698025,-0.0021926367506365993,-0.0013434385804478727,-0.01020576384594879,-0.0037784808878289222,0.06523429850240364,-0.012787003687843412,2023,1,20231,0.009858335985968969,0.0
11230,8093,225719772484,15872264,14221.019287733621,0.506734921740663,0.03005663618804554,0.01661579876998083,0.024539042867379394,0.03628590403430685,0.1886419547450956,0.19712574165452879,0.3343229436285537,0.009858335985968969,0.10670873837720651,-0.08751209693460227,0.030531145108824764,4.311124761734522e-05,0.00042159582484605634,0.0072746545403693935,0.002618399235762729,-0.06165352338086272,0.02076461742344246,2023,2,20232,-0.03787208175396306,0.0
11230,8094,217171294807,15189989,14297.001453193943,0.501535125799182,0.028287538725868422,0.015514485682807645,0.017673454972080803,0.035239740338617355,0.20115782774985738,0.20059182673158635,0.3348341094499103,-0.03787208175396306,-0.04298536113058604,0.005342947922576835,-0.005199795941481011,-0.0017690974621771167,-0.001101313087173185,-0.006865587895298592,-0.0010461636956894949,0.012515873004761785,0.0034660850770575624,2023,3,20233,0.08611934042029379,1.0
11230,8095,235873943474,15432484,15284.249993325766,0.4786822133723547,0.02803352182361284,0.014907936515622831,0.02103515828380134,0.03559058495549915,0.24316091375867543,0.1785896712904337,0.32287545460912365,0.08611934042029379,0.015964132692920296,0.06905283904208259,-0.0228529124268273,-0.000254016902255582,-0.0006065491671848142,0.0033617033117205354,0.00035084461688179164,0.04200308600881805,-0.022002155441152638,2023,4,20234,-0.038294444549343165,0.0
11230,8096,226841281825,14130164,16053.690659570548,0.48428917286206574,0.028209691527561972,0.01209052297683559,0.020023335340275866,0.03222167065974699,0.2557240103622395,0.16744159627127428,0.33034859804923095,-0.038294444549343165,-0.08438822939975188,0.0503420623570523,0.005606959489711016,0.00017616970394913195,-0.0028174135387872418,-0.001011822943525472,-0.0033689142957521595,0.012563096603564083,-0.011148075019159431,2024,1,20241,0.06237252443281105,1.0
11230,8097,240989945218,16084584,14982.665713828845,0.49578166710615085,0.027616425519245705,0.012623580901883933,0.016031400332927395,0.029895178109953305,0.243651247307783,0.17440050072205582,0.3376536756294033,0.06237252443281105,0.13831545054961847,-0.06671518521525777,0.011492494244085105,-0.0005932660083162664,0.0005330579250483435,-0.003991935007348471,-0.0023264925497936823,-0.012072763054456509,0.006958904450781539,2024,2,20242,-0.0451906480834644,0.0
11230,8098,230099453412,15111601,15226.676075685164,0.4845228075330392,0.025813455212189734,0.010943754114405362,0.018383775933730206,0.02810690815253678,0.2514963294171043,0.1807329696369944,0.332591222771367,-0.0451906480834644,-0.060491648400729514,0.016286178075180624,-0.011258859573111624,-0.0018029703070559719,-0.0016798267874785708,0.0023523756008028106,-0.0017882699574165231,0.007845082109321305,0.006332468914938577,2024,3,20243,0.031132408942204037,0.0
11230,8099,237263003693,15155064,15655.691305097755,0.5046729979400185,0.028388037777331385,0.012314127510500698,0.01839581292938327,0.030816571227685743,0.23779962375847052,0.16761282885660986,0.34158314172750726,0.031132408942204037,0.0028761346994272685,0.028175238461772167,0.020150190406979296,0.002574582565141651,0.0013703733960953365,1.203699565306346e-05,0.002709663075148961,-0.01369670565863379,-0.013120140780384537,2024,4,20244,-0.07267948696423232,0.0
11230,8100,220018850309,13264903,16586.540460114935,0.5036607219852701,0.027674871805067905,0.010657238330747176,0.01960454511939407,0.02964454666425097,0.2519537736659667,0.15680430242930307,0.3438850287901176,-0.07267948696423232,-0.1247214132517025,0.05945755680006792,-0.0010122759547483984,-0.0007131659722634798,-0.0016568891797535228,0.0012087321900107993,-0.0011720245634347717,0.014154149907496194,-0.010808526427306786,2025,1,20251,0.05445805083597355,0.0
11230,8101,232000648044,14929287,15539.968388577432,0.5044557053685641,0.028464748791337646,0.011906846102757863,0.020349628679074278,0.02818555890740372,0.24277009177714934,0.16386742037371307,0.34242595562648387,0.05445805083597355,0.12547276071298819,-0.06309767091300067,0.000794983383293979,0.0007898769862697413,0.0012496077720106878,0.000745083559680209,-0.00145898775684725,-0.00918368188881738,0.007063117944410002,2025,2,20252,-0.0007623847885392943,0.0
11230,8102,231823774279,14798670,15665.176281314469,0.5021665429271095,0.027691214479469872,0.011311633192737404,0.01925825579747031,0.027510880723236195,0.24527424604677725,0.16678722683319944,0.3421711570232526,-0.0007623847885392943,-0.008749044746745094,0.008057152344600027,-0.0022891624414546063,-0.000773534311867774,-0.0005952129100204595,-0.001091372881603967,-0.0006746781841675265,0.0025041542696279118,0.0029198064594863626,2025,3,20253,0.012437704100744629,0.0
11230,8103,234707129787,14364305,16339.609176148793,0.5090137661494132,0.029648658902331447,0.011437039707469003,0.02431500271499675,0.02969041515408611,0.23560869935303905,0.1602864180186644,0.34278079810272355,0.012437704100744629,-0.02935162416622572,0.04305300385535982,0.006847223222303689,0.0019574444228615748,0.00012540651473159914,0.005056746917526441,0.002179534430849915,-0.009665546693738203,-0.006500808814535047,2025,4,20254,,
11260,8084,179455239681,12835472,13981.19521284453,0.4267317196150272,0.021605436352218715,0.022702071877321393,0.0015544872832684152,0.03471961049493766,0.3568727762245472,0.13581389815267939,0.33009360059836723,,,,,,,,,,,2021,1,20211,0.11640504880288383,0.0
11260,8085,200344735614,14264727,14044.764797391495,0.4641725845802638,0.021979286416010473,0.021353010529022644,0.001658186011136623,0.03004160705573048,0.32816264478079815,0.13263268062703787,0.3425826255011123,0.11640504880288383,0.111351962748234,0.004546791857148458,0.037440864965236575,0.00037385006379175856,-0.0013490613482987496,0.0001036987278682077,-0.004678003439207178,-0.028710131443749065,-0.0031812175256415165,2021,2,20212,0.000530464015809029,1.0
11260,8086,200451011287,14873335,13477.206778910042,0.41785421042389176,0.02114776230752257,0.02086800828862311,0.00148174644813709,0.031721129921844275,0.3615040794343927,0.14542306317558848,0.32832633519665755,0.000530464015809029,0.042665239930634424,-0.040410646007177364,-0.04631837415637202,-0.0008315241084879028,-0.00048500224039953535,-0.00017643956299953287,0.0016795228661137945,0.03334143465359457,0.01279038254855061,2021,3,20213,0.03583847823403774,0.0
11260,8087,207634870492,14149660,14674.1950330962,0.46487684492147485,0.020051101932613044,0.021146566930669637,0.0018099580725987915,0.03513016225894986,0.325648001016309,0.13133736486738484,0.3414932331506016,0.03583847823403774,-0.04865586635411623,0.08881575194492664,0.04702263449758309,-0.0010966603749095263,0.0002785586420465287,0.00032821162446170144,0.003409032337105586,-0.03585607841808375,-0.014085698308203637,2021,4,20214,-0.1216643196546956,0.0
11260,8088,182373115237,12370879,14742.130711730346,0.4550224912710389,0.020887520044002416,0.022534535003469757,0.002479037556673132,0.03751922891215596,0.3200209396936332,0.14153624751902663,0.33184931069344714,-0.1216643196546956,-0.12571192523353913,0.0046296017247231536,-0.009854353650435965,0.0008364181113893719,0.00138796807280012,0.0006690794840743404,0.0023890666532060956,-0.005627061322675764,0.010198882651641789,2022,1,20221,0.18309202537669655,0.0
11260,8089,215764178280,13809501,15624.32837218376,0.5242019338781225,0.017185972961591092,0.022070507940480544,0.002626898962183001,0.032978658805754006,0.2749618248864772,0.12597420256539166,0.3681381298606227,0.18309202537669655,0.1162910089089062,0.05984193721409947,0.06917944260708364,-0.0037015470824113238,-0.00046402706298921334,0.00014786140550986917,-0.0045405701064019505,-0.04505911480715602,-0.015562044953634974,2022,2,20222,-0.026557201499703975,0.0
11260,8090,210034085521,13598112,15445.827003116316,0.5082228879480007,0.01753828882518069,0.02225249293897441,0.0024787157699122458,0.03289891114987202,0.28252611063010985,0.13408259273794998,0.35798089610094386,-0.026557201499703975,-0.01530750459411967,-0.011424578696466292,-0.015979045930121782,0.000352315863589598,0.00018198499849386707,-0.0001481831922707554,-7.974765588198568e-05,0.007564285743632659,0.008108390172558322,2022,3,20223,0.02273623806419045,0.0
11260,8091,214809470491,13156327,16327.465142132754,0.5316479039120616,0.018738249187987475,0.020810030348207064,0.002189916235651767,0.03357803339635439,0.27141573525941326,0.12162013166032445,0.37302391091118153,0.02273623806419045,-0.03248870137266113,0.05707937417909448,0.02342501596406088,0.0011999603628067845,-0.0014424625907673468,-0.0002887995342604789,0.0006791222464823665,-0.01111037537069659,-0.012462461077625525,2022,4,20224,-0.02177027088382466,1.0
11260,8092,210133010130,12855865,16345.303107181042,0.5104536376395171,0.018816705588302514,0.020700579924634043,0.0025198093991630577,0.03087314123557499,0.29875960166925347,0.11787652454355482,0.36545717351502666,-0.02177027088382466,-0.02283783308213605,0.001092512823821945,-0.021194266272544504,7.845640031503912e-05,-0.00010945042357302093,0.0003298931635112908,-0.002704892160779397,0.027343866409840212,-0.0037436071167696316,2023,1,20231,0.03507288672750897,0.0
11260,8093,217502981392,13584330,16011.31460970103,0.5369401766797829,0.01802716628942824,0.02096965178964557,0.0017005066166582857,0.03138454859015131,0.26929944016921137,0.12167850986512237,0.3773851882049304,0.03507288672750897,0.056664020662942516,-0.020433300948287658,0.026486539040265766,-0.0007895392988742748,0.0002690718650115269,-0.000819302782504772,0.0005114073545763181,-0.029460161500042104,0.003801985321567544,2023,2,20232,0.0023654641224100104,0.0
11260,8094,218017476891,13913666,15669.30504807288,0.5195784804703251,0.01757738961411766,0.020671365187173406,0.0015504537059155099,0.028377028407190932,0.28526433411158963,0.12698094850368774,0.36900562857914154,0.0023654641224100104,0.024243816220601344,-0.021360492249707708,-0.017361696209457822,-0.0004497766753105807,-0.0002982866024721642,-0.0001500529107427758,-0.0030075201829603757,0.015964893942378267,0.005302438638565374,2023,3,20233,0.004576537006245829,0.0
11260,8095,219015241942,13400242,16344.125870413385,0.5266338224466804,0.01843237992572717,0.018902364466927543,0.0015718815044441935,0.029672393758426178,0.28843407309400493,0.11635308480378949,0.37565541158474336,0.004576537006245829,-0.03690069892435255,0.04306641681109524,0.007055341976355378,0.0008549903116095124,-0.0017690007202458627,2.1427798528683576e-05,0.0012953653512352455,0.0031697389824152933,-0.010627863699898252,2023,4,20234,-0.0266093392282869,1.0
11260,8096,213187391073,12853122,16586.428657022007,0.5208258554605592,0.01795974499584236,0.019432772670788055,0.0012340366270063097,0.029246573362610363,0.2994784165032447,0.11182260037994907,0.3750082576170895,-0.0266093392282869,-0.04082911338466877,0.014825068561619803,-0.0058079669861212935,-0.00047263492988481107,0.0005304082038605114,-0.00033784487743788376,-0.0004258203958158145,0.011044343409239765,-0.004530484423840422,2024,1,20241,0.06225514430848955,1.0
11260,8097,226459402869,14301287,15834.896738244606,0.531653991433717,0.016223845057673863,0.01903365451993799,0.0010583129998741497,0.03397268441288977,0.2884143104924739,0.1096432010834333,0.3796411691135375,0.06225514430848955,0.11267029131132489,-0.04531005042241165,0.010828135973157904,-0.0017358999381684968,-0.00039911815085006547,-0.00017572362713216003,0.004726111050279404,-0.011064106010770791,-0.002179399296515769,2024,2,20242,-0.028782389361728056,0.0
11260,8098,219941360161,14135695,15559.288748165549,0.5181676639381289,0.0153030104957804,0.01884639845350474,0.0007535291719514774,0.03185818173476254,0.2993176979528082,0.11575351825306383,0.373092569661389,-0.028782389361728056,-0.01157881804623595,-0.017405101822571822,-0.013486327495588202,-0.0009208345618934629,-0.00018725606643324802,-0.00030478382792267225,-0.0021145026781272253,0.010903387460334313,0.006110317169630536,2024,3,20243,0.005150596941706498,0.0
11260,8099,221074189458,13494914,16382.037666783204,0.5326493067539722,0.016359947558179867,0.017718972126975485,0.0006764966067122587,0.03576355346765647,0.2874823192332647,0.10934940425323905,0.38017975932939785,0.005150596941706498,-0.045330703584082754,0.05287831159471601,0.014481642815843299,0.0010569370623994667,-0.0011274263265292558,-7.70325652392187e-05,0.003905371732893931,-0.011835378719543488,-0.0064041139998247815,2024,4,20244,-0.07255497778064823,0.0
11260,8100,205034156554,12202011,16803.30861478489,0.5233119034815117,0.015835225474468192,0.018313520723124345,0.0006010059449170152,0.03526775550733929,0.2978669895272556,0.10880359934138391,0.3762486301988884,-0.07255497778064823,-0.09580668687477367,0.025715418104298005,-0.009337403272460465,-0.0005247220837116748,0.0005945485961488597,-7.54906617952435e-05,-0.0004957979603171792,0.010384670293990872,-0.0005458049118551439,2025,1,20251,0.061892550320794104,0.0
11260,8101,217724243406,13434900,16205.870040417123,0.540109781425284,0.015310375601048651,0.017729279700845774,0.0005289046143807914,0.039096449200316394,0.27665264983688115,0.1105725596212432,0.3825591026341495,0.061892550320794104,0.10103982040337445,-0.035554817688826734,0.0167978779437723,-0.0005248498734195407,-0.0005842410222785706,-7.21013305362238e-05,0.0038286936929771004,-0.02121433969037445,0.0017689602798592885,2025,2,20252,0.010408711444108931,0.0
11260,8102,219990472230,13708444,16047.807630829582,0.5263500591104667,0.015233109102545063,0.01863583386335822,0.007673582568771779,0.04371256854681465,0.273173451480981,0.11522139532706252,0.3674931036958514,0.010408711444108931,0.02036070234984999,-0.009753404735033389,-0.013759722314817258,-7.726649850358855e-05,0.0009065541625124449,0.0071446779543909876,0.0046161193464982556,-0.0034791983559001594,0.004648835705819324,2025,3,20253,0.004371904934112214,0.0
11260,8103,220952249661,12933669,17083.493451162234,0.5384893023200618,0.015158383769066357,0.0181511192402577,0.008727689946396503,0.04384793294870022,0.26401601622296866,0.11160955555254876,0.37468993194986966,0.004371904934112214,-0.056518084765856735,0.064537527128814,0.01213924320959503,-7.47253334787059e-05,-0.00048471462310051977,0.0010541073776247243,0.00013536440188557236,-0.009157435258012325,-0.0036118397745137643,2025,4,20254,,
11290,8084,137794047605,9929901,13876.678891864078,0.46498986650476365,0.029709734202273706,0.015367566050967518,0.024053325267729006,0.046315327852873255,0.26954464732373734,0.15001953279765548,0.3152182555170776,,,,,,,,,,,2021,1,20211,0.1383691593823837,0.0
11290,8085,156860494140,11352731,13816.983256275516,0.5095210281478971,0.02645765932814114,0.016403367381359443,0.023821211341238224,0.04265916770622765,0.23243780805292316,0.1486997580422132,0.3391069636768743,0.1383691593823837,0.1432874305594789,-0.004301867619316391,0.04453116164313348,-0.0032520748741325656,0.001035801330391925,-0.00023211392649078247,-0.003656160146645604,-0.03710683927081418,-0.0013197747554422878,2021,2,20212,-0.03942205865092396,0.0
11290,8086,150676730540,11303708,13329.849863425346,0.46508726662606015,0.0257741170523277,0.015132678654682468,0.022170271083186192,0.04446067832100706,0.26292535288640995,0.1644496353763265,0.3158411652533089,-0.03942205865092396,-0.00431816802494478,-0.03525613253015414,-0.04443376152183698,-0.0006835422758134403,-0.0012706887266769745,-0.0016509402580520312,0.0018015106147794072,0.030487544833486785,0.015749877334113316,2021,3,20213,0.06770989068077515,0.0
11290,8087,160879035493,11112515,14477.283989537922,0.5233351957823202,0.02539136866082057,0.015871549584912204,0.02472487002927783,0.04472802526413142,0.21768210422621395,0.1482668864523238,0.34675683839382754,0.06770989068077515,-0.016914184265906407,0.08608004875290631,0.05824792915626009,-0.000382748391507131,0.0007388709302297361,0.0025545989460916373,0.00026734694312436497,-0.045243248660195995,-0.016182748924002704,2021,4,20214,-0.12122605035041112,0.0
11290,8088,141376305436,9843607,14362.246017745325,0.49768562942007194,0.026582362676758953,0.014735450714851711,0.02451184312189257,0.04980446233394807,0.226963285736206,0.15971696599627075,0.3287178984653363,-0.12122605035041112,-0.11418729243560077,-0.007946101760228585,-0.0256495663622483,0.0011909940159383833,-0.0011360988700604927,-0.00021302690738525878,0.005076437069816649,0.009281181509992048,0.011450079543946945,2022,1,20221,0.2371452416131874,0.0
11290,8089,174903023547,11688260,14963.991522005841,0.5650898988858291,0.02460993595026865,0.016451479452136403,0.025203831143693293,0.043423252285625054,0.17885410326022097,0.14636749902222662,0.376135940912857,0.2371452416131874,0.18739604293426182,0.04189772988967233,0.06740426946575712,-0.0019724267264903013,0.0017160287372846913,0.000691988021800722,-0.0063812100483230175,-0.04810918247598503,-0.013349466974044127,2022,2,20222,-0.008677118080764212,0.0
11290,8090,173385369359,11523114,15046.745988888073,0.5529206143080129,0.02436285196736373,0.015738795626693117,0.02531172578877224,0.040960687180560854,0.18648182256977533,0.1542235025588218,0.3674412842176787,-0.008677118080764212,-0.014129220260329589,0.005530240160891209,-0.012169284577816186,-0.00024708398290492276,-0.0007126838254432853,0.00010789464507894586,-0.0024625651050642003,0.007627719309554359,0.007856003536595185,2022,3,20223,0.03072722223158819,0.0
11290,8091,178713020135,11425404,15641.72436572046,0.5768234835667196,0.025631869841042907,0.015522324310251632,0.0253877805017936,0.04060675329373365,0.16900896822281772,0.14701882026364088,0.386095279160906,0.03072722223158819,-0.008479478724240708,0.039541996473641206,0.02390286925870677,0.0012690178736791784,-0.0002164713164414852,7.605471302135972e-05,-0.00035393388682720267,-0.01747285434695761,-0.007204682295180925,2022,4,20224,-0.05211683370335429,0.0
11290,8092,169399063384,10504085,16126.969972539255,0.5497483991153872,0.02566059345408736,0.014619909399297887,0.02458331462293866,0.03963553685524195,0.20715431453981975,0.1385979320132272,0.36739312206765,-0.05211683370335429,-0.08063776125553201,0.031022513597172896,-0.027075084451332443,2.872361304445334e-05,-0.0009024149109537454,-0.0008044658788549375,-0.0009712164384916983,0.03814534631700203,-0.008420888250413677,2023,1,20231,0.07904607953260223,1.0
11290,8093,182789395221,12105631,15099.534689352418,0.5650557381850445,0.024684029265181547,0.01643316889017697,0.023416685934240948,0.03999763686597093,0.18289982641815264,0.14751291444123246,0.3775278961621246,0.07904607953260223,0.15246887282423938,-0.06370913351586416,0.01530733906965731,-0.0009765641889058138,0.0018132594908790815,-0.0011666286886977129,0.00036210001072897735,-0.02425448812166711,0.008914982428005258,2023,2,20232,-0.033653229797946604,0.0
11290,8094,176637941699,11510826,15345.37501470355,0.5582074096460002,0.025004813555439005,0.013045110024700005,0.019914098348100907,0.03696300355518105,0.19341504959459915,0.15345051527597964,0.37511020477317947,-0.033653229797946604,-0.04913457216728312,0.01628131796170429,-0.006848328539044268,0.000320784290257458,-0.0033880588654769637,-0.0035025875861400407,-0.003034633310789882,0.010515223176446514,0.005937600834747175,2023,3,20233,0.047565571202800916,0.0
11290,8095,185039826292,11570737,15992.05187119887,0.5735701748418068,0.02606944479286163,0.011982982941742331,0.01989043062649656,0.03930785290795781,0.18729257526598933,0.14188653862314554,0.3869569884230158,0.047565571202800916,0.0052047524652010235,0.04214148275136265,0.015362765195806594,0.0010646312374226266,-0.0010621270829576732,-2.366772160434724e-05,0.002344849352776762,-0.006122474328609823,-0.011563976652834096,2023,4,20234,-0.03754023642476967,1.0
11290,8096,178093387465,10386363,17146.84798374561,0.5548482027016286,0.024417620580408222,0.011820170529429151,0.019231962577347904,0.03590933344033802,0.22254170079048533,0.13123100938036278,0.3769981996937978,-0.03754023642476967,-0.10235942619731142,0.07221062824505275,-0.018721972140178234,-0.0016518242124534087,-0.00016281241231318015,-0.0006584680491486562,-0.0033985194676197927,0.035249125524495994,-0.010655529242782763,2024,1,20241,0.05654956039835701,0.0
11290,8097,188164490236,11971892,15717.189082226936,0.5830347913488022,0.023480335112425522,0.011757912325673844,0.020354590349094648,0.03576463997834844,0.1864098937796779,0.13919783710597738,0.39643724773738476,0.05654956039835701,0.1526548802501897,-0.08337735908511712,0.028186588647173605,-0.0009372854679827007,-6.225820375530683e-05,0.001122627771746744,-0.00014469346198957983,-0.036131807010807426,0.007966827725614606,2024,2,20242,-0.046184024005276325,0.0
11290,8098,179474296902,11098001,16171.76795190413,0.5560401380398884,0.023878746862232406,0.01104129284363235,0.016446384646441856,0.03414961487408229,0.2159911423648988,0.14245268036882386,0.3782543592991307,-0.046184024005276325,-0.07299522915843215,0.028922402555507487,-0.02699465330891382,0.00039841174980688454,-0.0007166194820414952,-0.0039082057026527915,-0.0016150251042661504,0.029581248585220904,0.003254843262846474,2024,3,20243,0.030728803311659947,0.0
11290,8099,184989327271,11282299,16396.42126759803,0.5954022159216029,0.026522479731019337,0.011701149974068441,0.018132163138720882,0.03611592404578338,0.17434774162809816,0.13777832556070693,0.4063572948810533,0.030728803311659947,0.016606414074030074,0.013891697949292459,0.03936207788171453,0.0026437328687869306,0.0006598571304360923,0.0016857784922790255,0.0019663091717010903,-0.041643400736800645,-0.004674354808116926,2024,4,20244,-0.08762511287072039,0.0
11290,8100,168779616589,9710887,17380.45315417634,0.5639268395589139,0.027027669372590008,0.011752620239861825,0.01635566954582069,0.03603421591962768,0.21408243505486732,0.1308205503083186,0.38339337739434876,-0.08762511287072039,-0.1392811872828401,0.06001504050904782,-0.031475376362689045,0.0005051896415706712,5.147026579338347e-05,-0.0017764935929001913,-8.170812615569678e-05,0.03973469342676916,-0.006957775252388332,2025,1,20251,0.08434397706723895,1.0
11290,8101,183015160700,11256918,16258.016688049074,0.5796275180605843,0.025926988244313248,0.012073989502007415,0.01696180691876419,0.03514775585474215,0.19330013840214058,0.13696180301744806,0.3944325962626393,0.08434397706723895,0.15920595101147805,-0.06458039132642268,0.01570067850167045,-0.00110068112827676,0.0003213692621455901,0.0006061373729434986,-0.0008864600648855331,-0.02078229665272674,0.006141252709129463,2025,2,20252,-0.023692519162976655,0.0
11290,8102,178679070498,11012620,16224.937435233396,0.5702340598483272,0.025220440281227236,0.017178215358101254,0.015920324675249755,0.036133478487466536,0.18617085924661972,0.14914262210300833,0.38456024026772895,-0.023692519162976655,-0.021702032474608113,-0.002034642567441458,-0.009393458212257122,-0.0007065479630860121,0.005104225856093839,-0.0010414822435144341,0.0009857226327243881,-0.007129279155520862,0.012180819085560263,2025,3,20253,0.020771724587864027,0.0
11290,8103,182390542940,10754970,16958.72168309163,0.583170316165955,0.02718650697054611,0.017440628372088554,0.01716562423431097,0.03785289282389588,0.1760526229123796,0.14113140852082381,0.39377099999226395,0.020771724587864027,-0.023395885811005934,0.04522570584862651,0.012936256317627848,0.0019660666893188752,0.00026241301398730044,0.0012452995590612158,0.0017194143364293452,-0.01011823633424011,-0.008011213582184512,2025,4,20254,,
11305,8084,139137380090,9914974,14033.055466408687,0.4378832565094334,0.016751580879935772,0.01913010710190382,0.010033401980812014,0.03875561439716627,0.301898154283408,0.17554788484734074,0.31595054502772757,,,,,,,,,,,2021,1,20211,0.1256427310668935,0.0
11305,8085,156618980518,11039615,14186.996604319987,0.47623204774614036,0.0158527873619676,0.021722715118867673,0.00939083630308119,0.03443663692715801,0.27092372613882115,0.17144125040396402,0.3315859880141032,0.1256427310668935,0.11342853748280124,0.010969894495164834,0.03834879123670698,-0.0008987935179681737,0.0025926080169638537,-0.000642565677730824,-0.004318977470008263,-0.03097442814458684,-0.004106634443376722,2021,2,20212,0.007874684491757655,1.0
11305,8086,157852305575,11494503,13732.851744438189,0.44142003167570776,0.015856866650647273,0.01941863584972221,0.008478866349938012,0.033837271198184714,0.2980974098388616,0.1828909184369384,0.319008173898888,0.007874684491757655,0.0412050601402314,-0.03201134620300894,-0.034812016070432605,4.079288679674498e-06,-0.0023040792691454634,-0.0009119699531431776,-0.0005993657289732959,0.027173683700040474,0.01144966803297437,2021,3,20213,0.02867144338192551,0.0
11305,8087,162378159017,10823186,15002.80592211942,0.48961021553198314,0.017035195759981497,0.023230226379183705,0.010210587600185934,0.03675590233397799,0.25586568257403564,0.16729218982065214,0.33545718121507634,0.02867144338192551,-0.05840330808561278,0.09247563443591122,0.04819018385627538,0.0011783291093342245,0.0038115905294614956,0.0017317212502479216,0.0029186311357932773,-0.04223172726482599,-0.01559872861628625,2021,4,20214,-0.10167402520108348,1.0
11305,8088,145868517985,9759554,14946.227869121889,0.4647894388628247,0.016780749210406808,0.022167486128381125,0.009554679962836946,0.03630630558366676,0.2746143740564994,0.17578696619538428,0.324525765120681,-0.10167402520108348,-0.09827346587224872,-0.0037711647601942344,-0.02482077666915844,-0.00025444654957468976,-0.0010627402508025796,-0.0006559076373489885,-0.0004495967503112333,0.018748691482463775,0.008494776374732144,2022,1,20221,0.23197949825252695,0.0
11305,8089,179707023598,11263813,15954.368524939113,0.5290772770055391,0.015832505786555495,0.02493333844326086,0.008474888195838717,0.031846885043304976,0.23901540323812936,0.15081970228737146,0.3617560980490338,0.23197949825252695,0.15413194086533055,0.06745117662095801,0.06428783814271438,-0.0009482434238513131,0.002765852314879736,-0.001079791766998229,-0.004459420540361782,-0.035598970818370046,-0.02496726390801282,2022,2,20222,0.011204667973936822,1.0
11305,8090,181720581130,11354296,16004.566124575227,0.522064373188041,0.015570516819863309,0.028575528625924773,0.008295931058692405,0.031064990756118873,0.2350755364547298,0.15935312309662983,0.35529799338544776,0.011204667973936822,0.008033070151288957,0.003146323187761979,-0.007012903817498084,-0.0002619889666921858,0.003642190182663912,-0.0001789571371463121,-0.000781894287186103,-0.003939866783399554,0.008533420809258369,2022,3,20223,0.005851555346057857,0.0
11305,8091,182783929168,10741787,17016.156545275007,0.5425168501430844,0.016158379319471748,0.02945066861459296,0.009096954385260597,0.03243653630265635,0.2243335394399579,0.1460070717949761,0.36823145319145584,0.005851555346057857,-0.05394513230939202,0.06320636328569185,0.020452476955043375,0.0005878624996084394,0.000875139988668186,0.0008010233265681923,0.0013715455465374803,-0.010741997014771909,-0.013346051301653727,2022,4,20224,-0.06884299758888746,0.0
11305,8092,170200535573,10039363,16953.32020298499,0.5355768070359737,0.017508591062698937,0.029909092699750266,0.009346130032109873,0.03154350756256771,0.22786075831921318,0.1482551132876863,0.36302606763565015,-0.06884299758888746,-0.0653917267210754,-0.0036927458984541417,-0.006940043107110716,0.0013502117432271886,0.00045842408515730723,0.0002491756468492763,-0.0008930287400886402,0.0035272188792552783,0.002248041492710212,2023,1,20231,0.07424728033584804,1.0
11305,8093,182837462451,11128007,16430.387081082892,0.5483947743853169,0.016457730624031323,0.02503682315229465,0.008415744390525937,0.030702494427280853,0.2224404262003996,0.1485520068201507,0.37419543784018855,0.07424728033584804,0.10843755724342263,-0.030845469538764658,0.012817967349343262,-0.0010508604386676133,-0.0048722695474556175,-0.0009303856415839359,-0.0008410131352868597,-0.00542033211881357,0.0002968935324643984,2023,2,20232,0.0071010238525266445,1.0
11305,8094,184135795633,11066184,16639.50243670266,0.5496000228532599,0.01583604919388857,0.02639843841491975,0.008448053104788139,0.028302746650016426,0.22421369648998843,0.14720099329313874,0.3758201723145091,0.0071010238525266445,-0.005555621954587142,0.0127273541753945,0.0012052484679430098,-0.0006216814301427537,0.0013616152626251023,3.230871426220146e-05,-0.002399747777264427,0.0017732702895888186,-0.0013510135270119739,2023,3,20233,-0.015277987619566447,0.0
11305,8095,181322571227,10503255,17263.46463329701,0.5580433950626266,0.01779890477595119,0.02635650438144887,0.008819039390292332,0.031661888551165265,0.20678155128883866,0.15053871654967715,0.37892466288369203,-0.015277987619566447,-0.050869296950059706,0.03749884943783188,0.00844337220936664,0.00196285558206262,-4.193403347088273e-05,0.00037098628550419344,0.003359141901148839,-0.017432145201149774,0.0033377232565384163,2023,4,20234,-0.05011090715576072,0.0
11305,8096,172236332695,9888433,17417.9602263574,0.5533110195556699,0.01752701301034863,0.029471227676385357,0.008912293561883076,0.03144153325413441,0.2142400512866424,0.14509686165493632,0.3753487316348721,-0.05011090715576072,-0.05853632992819846,0.008949280827581063,-0.00473237550695671,-0.0002718917656025603,0.0031147232949364882,9.32541715907443e-05,-0.0002203552970308567,0.007458499997803736,-0.005441854894740833,2024,1,20241,0.05268858127669285,0.0
11305,8097,181311220709,10796446,16793.602330711423,0.5675008548541116,0.016270850245583075,0.028495798962670255,0.007874742723681454,0.029355110330112094,0.20692726886007698,0.14357537402376455,0.3874904880857942,0.05268858127669285,0.09182577259713454,-0.03584563792384721,0.014189835298441755,-0.0012561627647655546,-0.0009754287137151013,-0.0010375508382016226,-0.0020864229240223145,-0.007312782426565412,-0.0015214876311717696,2024,2,20242,-0.031877248475847386,0.0
11305,8098,175531517875,10523936,16679.265046366683,0.5588429427121765,0.016040506127253246,0.026820895979220164,0.007263454446442671,0.027705659723532998,0.21372057498366231,0.14960596602771217,0.3821608835107955,-0.031877248475847386,-0.025240713471822107,-0.0068083834601492255,-0.00865791214193512,-0.00023034411832982896,-0.0016749029834500911,-0.0006112882772387829,-0.0016494506065790962,0.006793306123585335,0.006030592003947621,2024,3,20243,-0.0022272039616179073,0.0
11305,8099,175140573383,10133264,17283.727472510338,0.5681849767465654,0.017526554022906673,0.025984798148672394,0.007916814100910018,0.03028499095067394,0.20801575859484006,0.14208610743543143,0.3882554320035707,-0.0022272039616179073,-0.037122232594344884,0.036240351386185754,0.009342034034388935,0.0014860478956534272,-0.0008360978305477704,0.0006533596544673467,0.002579331227140942,-0.005704816388822254,-0.007519858592280743,2024,4,20244,-0.09824470376931038,0.0
11305,8100,157933939633,9109331,17337.600273060667,0.5703545274265944,0.017375505805635006,0.011785635344279566,0.007904626598316979,0.029130709742889782,0.2190417967308885,0.1444071983513958,0.3954889253810624,-0.09824470376931038,-0.10104671110907604,0.0031169665592107876,0.0021695506800289976,-0.00015104821727166678,-0.014199162804392828,-1.2187502593038677e-05,-0.001154281207784158,0.011026038136048438,0.002321090915964358,2025,1,20251,0.05643463567559648,0.0
11305,8101,166846883977,9939721,16785.871955259106,0.5799907590263405,0.017430482575874182,0.009958832855572258,0.007095827550265812,0.029308589045475356,0.2108116281922812,0.1454038807541907,0.40328545591054277,0.05643463567559648,0.09115817616024713,-0.031822646105115315,0.009636231599746026,5.497677023917624e-05,-0.001826802488707308,-0.000808799048051167,0.0001778793025855735,-0.008230168538607308,0.0009966824027949073,2025,2,20252,0.0209130845169454,0.0
11305,8102,170336166963,10230664,16649.57103106895,0.5699814482974089,0.017154706355666228,0.012372422942085926,0.007245531304388719,0.02964090729537617,0.2166381304272017,0.14696685337787233,0.3947886288587811,0.0209130845169454,0.029270741100278386,-0.008119978786532589,-0.01000931072893152,-0.00027577622020795445,0.002413590086513668,0.00014970375412290664,0.00033231824990081343,0.005826502234920511,0.00156297262368163,2025,3,20253,0.009630862871044643,0.0
11305,8103,171976651229,9789586,17567.305831829864,0.5767495306146202,0.016473944106676824,0.01274114651228019,0.008275197300504356,0.030663492388731655,0.21791332015819898,0.13718336891898777,0.4003879691792309,0.009630862871044643,-0.04311333066944634,0.05512062737522627,0.006768082317211266,-0.0006807622489894034,0.0003687235701942647,0.001029665996115637,0.001022585093355486,0.0012751897309972726,-0.00978348445888455,2025,4,20254,,
11320,8084,117333126031,8872463,13224.414238864676,0.39199545411283204,0.027395228583194382,0.013872722708930006,0.005662392910459624,0.04049178122761985,0.3382882288801635,0.18229419157680057,0.3039451321515848,,,,,,,,,,,2021,1,20211,0.09196942041882483,0.0
11320,8085,128124185628,9866424,12985.87873661217,0.42239411930492665,0.027265542800348264,0.013977255958524015,0.00579224462861926,0.0384822033469573,0.3056933301782531,0.18639530378237137,0.30906161699157964,0.09196942041882483,0.11202762975737413,-0.018037509861985712,0.03039866519209461,-0.0001296857828461187,0.00010453324959400906,0.0001298517181596362,-0.0020095778806625483,-0.0325948987019104,0.0041011122055708005,2021,2,20212,0.008264143985072803,1.0
11320,8086,129183022346,10208197,12654.832420063995,0.386902777821157,0.026833205424747774,0.014824557261640026,0.004918429523178544,0.03793369202862387,0.32885191652520124,0.1997354214154515,0.3001345254073008,0.008264143985072803,0.034640007362343184,-0.025492792845418277,-0.035491341483769645,-0.0004323373756004896,0.0008473013031160114,-0.0008738151054407161,-0.0005485113183334306,0.023158586346948118,0.013340117633080129,2021,3,20213,0.00796667940809992,0.0
11320,8087,130212182070,9569791,13606.585772876335,0.4395647350048283,0.02679159372449951,0.01725928355760024,0.005352333790284972,0.03747845903063438,0.29013592474543193,0.1834176701467207,0.31348700754133696,0.00796667940809992,-0.0625385658211729,0.07520868876172182,0.05266195718367128,-4.161170024826258e-05,0.0024347262959602146,0.00043390426710642784,-0.0004552329979894895,-0.03871599177976931,-0.016317751268730807,2021,4,20214,-0.07262732564389474,1.0
11320,8088,120755219520,8822152,13687.728291237785,0.4063747476925625,0.026032378430477305,0.01603008530558299,0.005271542791527692,0.0558308285786635,0.30215150399322466,0.18830891320796134,0.2959757326659599,-0.07262732564389474,-0.07812490366822011,0.00596347384390894,-0.0331899873122658,-0.0007592152940222065,-0.0012291982520172516,-8.079099875727986e-05,0.018352369548029115,0.01201557924779273,0.004891243061240641,2022,1,20221,0.15067312508165775,0.0
11320,8089,138949785815,9952606,13961.14603702789,0.45984750850261685,0.024242253402857468,0.019082582621108016,0.006429616971050816,0.05143748703949738,0.2641767525994801,0.1747837988633894,0.3154374508920616,0.15067312508165775,0.12813812321528806,0.01997539255401004,0.053472760810054365,-0.001790125027619837,0.0030524973155250275,0.001158074179523124,-0.0043933415391661165,-0.037974751393744566,-0.013525114344571931,2022,2,20222,-0.016594945270876904,0.0
11320,8090,136643921724,9664602,14138.59791887964,0.4541011587206339,0.024190349298350323,0.01951506903019191,0.007046744464381676,0.053304544322959745,0.26666886744220214,0.1751732667212803,0.31186286255958795,-0.016594945270876904,-0.02893754660839587,0.012710409402001188,-0.005746349781982962,-5.1904104507144444e-05,0.0004324864090838945,0.00061712749333086,0.001867057283462363,0.0024921148427220485,0.00038946785789090166,2022,3,20223,-0.020387436073643572,0.0
11320,8091,133858102505,9139072,14646.793734090288,0.4676129206572455,0.027017106811781638,0.021093969167047845,0.0070484057620998925,0.055581242889066754,0.2530273386008506,0.1686190161119078,0.31543088442015693,-0.020387436073643572,-0.05437678654537459,0.03594386219386303,0.013511761936611633,0.002826757513431314,0.001578900136855934,1.661297718216423e-06,0.002276698566107009,-0.013641528841351558,-0.006554250609372508,2022,4,20224,-0.036219513494290756,0.0
11320,8092,129009827155,8617594,14970.51580232255,0.4481485577803075,0.026853086585704605,0.019546824235104527,0.006616284222863704,0.05481212577321044,0.27739673831981426,0.166626383082995,0.30970174275591544,-0.036219513494290756,-0.05706027920559109,0.022101906677282068,-0.019464362876938035,-0.00016402022607703293,-0.001547144931943318,-0.0004321215392361884,-0.0007691171158563104,0.02436939971896368,-0.0019926330289128102,2023,1,20231,0.04069881939839881,0.0
11320,8093,134260374811,9127771,14708.999032841642,0.46822081198189514,0.02528488648105477,0.01960552987212679,0.0071230416744050866,0.05390229158221503,0.2536302323149039,0.17223320609339932,0.3172031978447448,0.04069881939839881,0.05920179112638624,-0.017468788178984118,0.020072254201587647,-0.0015682001046498362,5.8705637022263973e-05,0.0005067574515413825,-0.0009098341909954122,-0.02376650600491037,0.005606823010404327,2023,2,20232,0.007829266874010532,1.0
11320,8094,135311535116,9337143,14491.749255205796,0.46194426239724845,0.02449832246126093,0.018599703497875732,0.006394071542077235,0.052428465584388635,0.2596716666829483,0.17646350783420078,0.3156969905648326,0.007829266874010532,0.022937911128576793,-0.014769854641419222,-0.0062765495846466846,-0.0007865640197938367,-0.0010058263742510586,-0.0007289701323278516,-0.001473825997826396,0.006041434368044385,0.004230301740801468,2023,3,20233,-0.02226005183828439,0.0
11320,8095,132299493330,8752482,15115.654431508685,0.48594623108372564,0.023189977057185757,0.017464345001206968,0.00383035318008349,0.05392709616962824,0.24988479778632272,0.1657571997218472,0.32982718261782396,-0.02226005183828439,-0.06261669120843494,0.04305244075892123,0.024001968686477193,-0.001308345404075175,-0.0011353584966687646,-0.002563718361993745,0.0014986305852396076,-0.009786868896625556,-0.010706308112353596,2023,4,20234,-0.03787330468078065,1.0
11320,8096,127288874310,8309496,15318.483131828934,0.48316925676644396,0.025055782497005255,0.017325492946297077,0.0026825187421205344,0.05806194193375297,0.2532231445420817,0.16048186257229852,0.3276352697809817,-0.03787330468078065,-0.05061261479886503,0.013418453116885942,-0.0027769743172816885,0.0018658054398194984,-0.00013885205490989094,-0.0011478344379629558,0.004134845764124727,0.003338346755759003,-0.00527533714954867,2024,1,20241,0.05982935457856975,0.0
11320,8097,134904485505,9113023,14803.483487861273,0.4940204100962225,0.024212637057786614,0.01631953319979418,0.0026295522025978316,0.05395731934154416,0.2428446386372066,0.16601590946484815,0.33436185211437874,0.05982935457856975,0.09669984798115316,-0.03361949349264148,0.01085115332977854,-0.0008431454392186406,-0.0010059597465028984,-5.2966539522702766e-05,-0.004104622592208812,-0.01037850590487513,0.005534046892549632,2024,2,20242,-0.011338894353837503,1.0
11320,8098,133374817796,9114367,14633.470190085609,0.4774260020613104,0.022243983137339857,0.014324355546053442,0.002344392308585988,0.05202156576972723,0.2596241401653746,0.17201556101160845,0.3283413562590495,-0.011338894353837503,0.000147481247441128,-0.011484681826076537,-0.016594408034912078,-0.0019686539204467578,-0.001995177653740736,-0.0002851598940118434,-0.0019357535718169255,0.01677950152816801,0.0059996515467602984,2024,3,20243,0.009132976315387564,0.0
11320,8099,134592926848,8905065,15114.199261656147,0.4910721207856856,0.022643345466747955,0.017578005378186455,0.0030605364534883883,0.05277555498159189,0.2530122582478488,0.1598581786864509,0.33433800138357656,0.009132976315387564,-0.02296396447498772,0.03285133774326754,0.013646118724375156,0.00039936232940809835,0.0032536498321330126,0.0007161441449024001,0.0007539892118646613,-0.006611881917525819,-0.012157382325157534,2024,4,20244,-0.06432771062908682,1.0
11320,8100,125934871997,8223256,15314.477865823465,0.47548734892450173,0.02439054906152739,0.016376880138879488,0.0025029824940585874,0.05496386819819765,0.26128978262497354,0.1649885885578616,0.3254721966610525,-0.06432771062908682,-0.07656418004809618,0.013251023140565144,-0.015584771861183844,0.0017472035947794333,-0.0012011252393069674,-0.0005575539594298009,0.0021883132166057584,0.008277524377124756,0.005130409871410696,2025,1,20251,0.06862849064718057,0.0
11320,8101,134577592182,9147869,14711.359791225694,0.4870425724689609,0.022618244312793762,0.016589082504766373,0.0028814123563422277,0.05567309638641399,0.25071718248881636,0.1644784094819064,0.33101729901057253,0.06862849064718057,0.11243879553305902,-0.03938221595812408,0.011555223544459148,-0.001772304748733626,0.0002122023658868849,0.00037842986228364033,0.0007092281882163376,-0.010572600136157184,-0.0005101790759552138,2025,2,20252,0.021374351319273677,1.0
11320,8102,137454100917,9430756,14575.088244993296,0.4742513623246706,0.02247868816126287,0.0161755163590395,0.002321441818550613,0.06755758258974957,0.24989066352950012,0.16732474521722676,0.3206936235564503,0.021374351319273677,0.030923814059864663,-0.009263014987484275,-0.0127912101442903,-0.00013955615153089101,-0.00041356614572687217,-0.0005599705377916145,0.011884486203335584,-0.0008265189593162359,0.0028463357353203655,2025,3,20253,-0.023065453863136742,0.0
11320,8103,134283659694,8764527,15321.267159539813,0.4934122115973316,0.02030590460681223,0.01623361360546388,0.0026088459444604567,0.0655844643724251,0.23686989885800097,0.16498506101550575,0.33176701791343205,-0.023065453863136742,-0.07064428344875007,0.05119549892281694,0.01916084927266104,-0.0021727835544506427,5.809724642438091e-05,0.00028740412590984353,-0.001973118217324474,-0.013020764671499152,-0.0023396842017210095,2025,4,20254,,
11350,8084,171842418381,11705001,14681.110952574887,0.4237069968869248,0.02311618444633812,0.01711660359945921,0.04377513975229138,0.04432757452884069,0.30190111875622977,0.14605638202991603,0.2967129042749492,,,,,,,,,,,2021,1,20211,0.13908771809186016,0.0
11350,8085,195743588225,13542645,14453.86689417023,0.44888413196963095,0.0214892094813595,0.01701152112411676,0.04247123520308605,0.06565396781849046,0.2596230087627944,0.14486692564052184,0.29675292404278886,0.13908771809186016,0.1569964838106379,-0.015478669096550934,0.025177135082706137,-0.001626974964978621,-0.00010508247534244883,-0.0013039045492053286,0.021326393289649775,-0.04227810999343534,-0.001189456389394189,2021,2,20212,-0.028497371860722653,0.0
11350,8086,190165410402,13713583,13866.938377957096,0.41127055883963987,0.021373845524313356,0.015479996544992285,0.04062932040409985,0.06360029394637375,0.29255634387132945,0.15508964086925148,0.285177694244677,-0.028497371860722653,0.012622201940610589,-0.04060702374738656,-0.037613573129991085,-0.000115363957046144,-0.0015315245791244752,-0.0018419147989862036,-0.002053673872116718,0.03293333510853502,0.01022271522872964,2021,3,20213,0.05715709418459891,0.0
11350,8087,201034712675,13273359,15145.73008045665,0.4644807782671655,0.022348225563727262,0.016140183199334135,0.042379583852134854,0.06070910523661881,0.2544842166571868,0.13945790722383264,0.3061946910802112,0.05715709418459891,-0.03210131152449358,0.09221874848252898,0.05321021942752563,0.0009743800394139066,0.0006601866543418499,0.0017502634480350068,-0.0028911887097549382,-0.03807212721414266,-0.015631733645418838,2021,4,20214,-0.13706733992027975,0.0
11350,8088,173479419377,11464049,15132.473646701963,0.4543764012761658,0.02347229325313192,0.01615534785085621,0.04308474968294106,0.06437440917836397,0.24755082341884796,0.1509859753396931,0.2973483929883556,-0.13706733992027975,-0.13631138885040328,-0.0008752588144821383,-0.010104376990999697,0.0011240676894046578,1.5164651522073941e-05,0.0007051658308062092,0.0036653039417451627,-0.006933393238338831,0.011528068115860463,2022,1,20221,0.19390381351748864,0.0
11350,8089,207117740361,13420246,15433.229790348105,0.5149132312573338,0.0224336279832981,0.01632837749246132,0.04105547946389803,0.0554449178761046,0.21219531421788154,0.13762905170902268,0.33463381786254665,0.19390381351748864,0.17063752954998712,0.019874883027580337,0.060536829981167994,-0.0010386652698338196,0.00017302964160511095,-0.0020292702190430334,-0.008929491302259368,-0.03535550920096642,-0.013356923630670425,2022,2,20222,-0.023851005314126095,0.0
11350,8090,202177774035,12961840,15597.922365574641,0.5159537443613442,0.022689863858160072,0.015438851292623491,0.041974885387406034,0.05284869746933852,0.20758097316738025,0.14351298446374747,0.33520216732992886,-0.023851005314126095,-0.0341577941268737,0.010671296770915273,0.001040513104010432,0.00025623587486197155,-0.0008895261998378284,0.0009194059235080043,-0.0025962204067660824,-0.004614341050501292,0.005883932754724791,2022,3,20223,0.02647971132609861,0.0
11350,8091,207531383128,12747642,16279.982064761467,0.5394995429917414,0.025087042983705548,0.016959210794779994,0.041298607790387916,0.04965162477929708,0.190670726983948,0.13683324367614003,0.3512262529969154,0.02647971132609861,-0.016525277275448502,0.0437275993046462,0.023545798630397186,0.002397179125545476,0.0015203595021565028,-0.0006762775970181184,-0.003197072690041443,-0.01691024618343226,-0.006679740787607441,2022,4,20224,0.03028036114000221,1.0
11350,8092,213815508357,12375789,17276.919342839476,0.4934038584369419,0.024932229991003245,0.014815085417990422,0.039894822927238505,0.045752995922382675,0.2581824374629967,0.12301856984144653,0.32976514344116675,0.03028036114000221,-0.02917033597272345,0.06123700100603369,-0.04609568455479951,-0.000154812992702303,-0.002144125376789572,-0.0014037848631494113,-0.0038986288569144018,0.06751171047904869,-0.013814673834693494,2023,1,20231,0.0375829713043212,0.0
11350,8093,221851330472,13625331,16282.270902042674,0.5157621412527041,0.022615648710897582,0.014796402077085128,0.03743061521575169,0.0469595567934395,0.22900180752538715,0.13343382842473486,0.34059365277825787,0.0375829713043212,0.1009666535200302,-0.05757093733316754,0.022358282815762243,-0.0023165812801056625,-1.868334090529382e-05,-0.002464207711486817,0.0012065608710568262,-0.02918062993760953,0.010415258583288331,2023,2,20232,0.0007390235643445209,0.0
11350,8094,222015283833,13194440,16826.42717940284,0.5120435712908453,0.02284783161512244,0.014895594028056033,0.03757531379359935,0.045224437266906725,0.23368107667769727,0.13373217532777282,0.3388808152791864,0.0007390235643445209,-0.031624259256527454,0.03342017097209071,-0.0037185699618588197,0.0002321829042248591,9.919195097090466e-05,0.0001446985778476642,-0.001735119526532776,0.004679269152310123,0.00029834690303795486,2023,3,20233,0.01247657438342653,0.0
11350,8095,224785274036,12999030,17292.46520978873,0.5154822103490758,0.023127433971352643,0.013736592934043725,0.03763263722358087,0.046070745792455486,0.24044217198740556,0.12350820774208592,0.34305092582586183,0.01247657438342653,-0.014810026041271906,0.027696790614965883,0.003438639058230497,0.0002796023562302019,-0.0011590010940123081,5.7323429981520624e-05,0.0008463085255487612,0.0067610953097082815,-0.010223967585686902,2023,4,20234,-0.04894418674524925,0.0
11350,8096,213783341606,11856318,18031.174737890804,0.5195772421160552,0.02304426655505947,0.01454787639502737,0.03776768801228895,0.03861873088416674,0.2511265560529214,0.11531763998448087,0.3499836993330802,-0.04894418674524925,-0.08790748232752754,0.04271857824435088,0.00409503176697934,-8.316741629317212e-05,0.0008112834609836448,0.00013505078870807569,-0.00745201490828875,0.010684384065515834,-0.008190567757605044,2024,1,20241,0.03754101964965617,0.0
11350,8097,221808986234,13163196,16850.693876623885,0.5269795251563288,0.020455240768349547,0.014445362396723572,0.033470990770264775,0.04059060368051003,0.24162003766367207,0.12243823956415116,0.35447377474210784,0.03754101964965617,0.11022629453764643,-0.06546888255629013,0.007402283040273683,-0.0025890257867099246,-0.00010251399830379752,-0.004296697242024174,0.0019718727963432964,-0.009506518389249319,0.007120599579670289,2024,2,20242,-0.041782958239675594,0.0
11350,8098,212541150625,12414496,17120.401071859866,0.5158947661832345,0.01997526548395668,0.014738515881693628,0.0344829444483958,0.03965166913427215,0.25047353634086406,0.12478330252758318,0.3478328381765571,-0.041782958239675594,-0.056878283966902865,0.016005702626295415,-0.011084758973094355,-0.00047997528439286744,0.0002931534849700563,0.0010119536781310265,-0.0009389345462378837,0.008853498677191984,0.0023450629634320236,2024,3,20243,0.015004208025704013,0.0
11350,8099,215730162263,12236704,17629.760617156386,0.5355157203291738,0.021756929688292393,0.016384975276154252,0.035415222437397496,0.042713277815859645,0.23169921163857982,0.11651466281454256,0.3578577715307265,0.015004208025704013,-0.014321322428232253,0.029751612894965085,0.01962095414593934,0.0017816642043357138,0.0016464593944606233,0.0009322779890016952,0.003061608681587495,-0.01877432470228424,-0.00826863971304062,2024,4,20244,-0.06210191829210787,1.0
11350,8100,202332905353,11028636,18346.14047947543,0.5280707030059745,0.021147341711596483,0.016778100428486067,0.036249448927765576,0.04239154490979005,0.2439131341731028,0.11144972684328457,0.35461310635167376,-0.06210191829210787,-0.09872495077105725,0.04063469027604949,-0.007445017323199354,-0.0006095879766959099,0.00039312515233181494,0.0008342264903680799,-0.00032173290606959254,0.012213922534522997,-0.005064935971257997,2025,1,20251,0.04199611624305688,0.0
11350,8101,210830101566,12446488,16938.922976987564,0.5364331946574309,0.020506415995092505,0.017761586534301106,0.032647244453588055,0.043017051965707445,0.2316430188490497,0.11799148754483031,0.3589933480283321,0.04199611624305688,0.12856095713014737,-0.07670373526585483,0.008362491651456416,-0.0006409257165039782,0.0009834861058150395,-0.0036022044741775214,0.0006255070559173931,-0.012270115324053116,0.006541760701545746,2025,2,20252,-0.004886286954984498,0.0
11350,8102,209799925191,12346374,16992.83734568546,0.531517630382757,0.020536110687730716,0.017949787763611405,0.023051107728457188,0.044787001150956955,0.23947909104952966,0.12267927123695711,0.3581925858113831,-0.004886286954984498,-0.008043554133503328,0.0031828687556547663,-0.004915564274673878,2.9694692638210923e-05,0.00018820122931029887,-0.009596136725130867,0.00176994918524951,0.007836072200479965,0.004687783692126801,2025,3,20253,0.00903604102467681,0.0
11350,8103,211695685922,11977557,17674.36263688831,0.5466525996644017,0.02076546897426954,0.017656139943150184,0.018380549556563392,0.046117990820073694,0.23289359806399504,0.1175336529775464,0.37009030997998377,0.00903604102467681,-0.029872495357746276,0.0401066212392065,0.015134969281644706,0.00022935828653882287,-0.00029364782046122084,-0.004670558171893796,0.0013309896691167389,-0.0065854929855346245,-0.00514561825941072,2025,4,20254,,
11380,8084,166519575068,11944631,13940.955988343214,0.4156269101739983,0.025034328482388124,0.011663853881484252,0.010609989914269964,0.054988468870766596,0.30809948738488696,0.17397696129220583,0.30183807233274956,,,,,,,,,,,2021,1,20211,0.09228841194630943,0.0
11380,8085,181887402209,13142180,13839.971923151257,0.44770925596281136,0.0227231788062532,0.012692978947201453,0.012261279208536898,0.05468286212901805,0.27933554946053313,0.17059489548564594,0.3113925543810165,0.09228841194630943,0.10025835038353215,-0.007243697295680085,0.03208234578881308,-0.0023111496761349243,0.0010291250657172013,0.001651289294266934,-0.00030560674174854446,-0.028763937924353833,-0.003382065806559892,2021,2,20212,-0.008371684946329117,1.0
11380,8086,180364698182,13185534,13678.983208567814,0.4132705508856548,0.021841476018909484,0.010739931347570756,0.014277034796474306,0.050869210690784976,0.29362778360630054,0.19537401265430518,0.29856473487444396,-0.008371684946329117,0.0032988438752170612,-0.011632156154460449,-0.03443870507715657,-0.0008817027873437161,-0.001953047599630697,0.002015755587937408,-0.003813651438233076,0.014292234145767413,0.024779117168659243,2021,3,20213,0.03409194837448326,0.0
11380,8087,186513682161,12639634,14756.256562571352,0.45135604271825847,0.022432891836794602,0.013184135718672661,0.015567226518501075,0.0519324264781759,0.2599499316363722,0.1855773450932251,0.30935156680009007,0.03409194837448326,-0.041401432812656624,0.07875390572369367,0.03808549183260368,0.0005914158178851187,0.0024442043711019046,0.0012901917220267695,0.0010632157873909226,-0.03367785196992834,-0.00979666756108008,2021,4,20214,-0.1072355667491196,0.0
11380,8088,166512781748,11238512,14816.265867581047,0.4398190520643298,0.02516380145123801,0.010225356775174112,0.016223777289892327,0.05405315493210242,0.25554047490117726,0.19897438258608607,0.3022552671293218,-0.1072355667491196,-0.11085146927513878,0.004066702469914141,-0.011536990653928658,0.002730909614443406,-0.002958778943498549,0.0006565507713912518,0.0021207284539265236,-0.004409456735194939,0.013397037492860975,2022,1,20221,0.15718997038684912,0.0
11380,8089,192686920980,12573899,15324.357303967528,0.49810397557788616,0.024482505730057568,0.01111610709801275,0.018475462251895704,0.05010127254564427,0.2151808600818507,0.18253981671465286,0.3313055988582304,0.15718997038684912,0.11882240282343437,0.03429281311009813,0.05828492351355635,-0.0006812957211804402,0.0008907503228386387,0.0022516849620033766,-0.003951882386458154,-0.04035961481932657,-0.016434565871433215,2022,2,20222,-0.04020362182134862,0.0
11380,8090,184940208879,12121918,15256.678759829922,0.5064679507812313,0.027445597946312027,0.012267592286998976,0.019621429185116758,0.05303289584482399,0.18571315409009456,0.19545137986542244,0.3333016458540337,-0.04020362182134862,-0.03594597029926838,-0.00441640342855254,0.008363975203345142,0.0029630922162544593,0.001151485188986225,0.0011459669332210543,0.002931623299179724,-0.029467705991756132,0.012911563150769578,2022,3,20223,0.0156423910924246,0.0
11380,8091,187833115955,11722692,16023.03600188421,0.5017799567866409,0.02858197504047257,0.012448390855423905,0.019228436416213635,0.05346520140998957,0.2040097203476113,0.18048631914364816,0.3301785546880633,0.0156423910924246,-0.03293422707528626,0.05023093519358013,-0.0046879939945904114,0.0011363770941605414,0.00018079856842492976,-0.00039299276890312346,0.00043230556516557495,0.018296566257516744,-0.014965060721774281,2022,4,20224,-0.010968091220365905,1.0
11380,8092,185772945205,11206823,16576.771597534822,0.4911807570381572,0.02816301297385678,0.012728195542094247,0.019352888005477104,0.044894071969396376,0.23208406608089657,0.17159700839012168,0.3279122573353279,-0.010968091220365905,-0.04400601841283558,0.03455871880868866,-0.010599199748483668,-0.0004189620666157877,0.00027980468667034193,0.000124451589263469,-0.00857112944059319,0.028074345733285266,-0.008889310753526475,2023,1,20231,0.06513946775536339,1.0
11380,8093,197874095979,12200674,16218.292200824315,0.5085667556893344,0.026129238258395956,0.014722659368759293,0.0191829613584329,0.04929720534533859,0.20593949448706378,0.17616168549267508,0.3357818540697749,0.06513946775536339,0.08868267126196239,-0.02162540483840758,0.01738599865117718,-0.0020337747154608246,0.0019944638266650456,-0.00016992664704420374,0.0044031333759422114,-0.026144571593832794,0.004564677102553399,2023,2,20232,0.0002924147231790908,0.0
11380,8094,197931957278,12117980,16333.741867704024,0.511522064351624,0.02609766882537744,0.012861394380213866,0.01867365158628086,0.042252419573933823,0.20662883045994027,0.1819639708226298,0.34044165858026854,0.0002924147231790908,-0.006777822274408818,0.007118484822578486,0.0029553086622895464,-3.156943301851553e-05,-0.0018612649885454274,-0.0005093097721520397,-0.007044785771404764,0.000689335972876487,0.005802285329954721,2023,3,20233,-0.015380442692860541,0.0
11380,8095,194887676152,11741457,16598.25319396051,0.5074051943278056,0.026235897025177434,0.01204080719383096,0.018341002056036462,0.05430491278343148,0.21462639456163862,0.16704579205207948,0.3355475363551033,-0.015380442692860541,-0.031071432697528767,0.016194165941822103,-0.004116870023818331,0.00013822819979999318,-0.000820587186382905,-0.00033264953024439783,0.01205249320949766,0.007997564101698357,-0.014918178770550322,2023,4,20234,-0.046733051924209845,0.0
11380,8096,185779980263,11121879,16704.010200344743,0.500290856239857,0.02729954069765871,0.012098713224202298,0.017338924944656914,0.05160526809416071,0.22445533263577835,0.16691136416368604,0.33238592647012116,-0.046733051924209845,-0.05276840855440679,0.006371574475241282,-0.007114338087948591,0.001063643672481275,5.790603037133732e-05,-0.0010020771113795485,-0.0026996446892707734,0.009828938074139731,-0.00013442788839343467,2024,1,20241,0.06962737518158857,1.0
11380,8097,198715352650,12124967,16388.93966886673,0.5136243867315503,0.025122359512869778,0.012189727329555682,0.01599274178174577,0.046837281794693784,0.21844636508511864,0.16778713776446602,0.3429105698189299,0.06962737518158857,0.09019051546955326,-0.018861969533011336,0.01333353049169328,-0.002177181184788931,9.101410535338438e-05,-0.0013461831629111437,-0.004767986299466925,-0.006008967550659716,0.0008757736007799777,2024,2,20242,-0.02588592828587366,0.0
11380,8098,193571421282,11818077,16379.265533808926,0.5171285680140238,0.02332211403987763,0.012136633395781443,0.01525507775601889,0.042854235129653286,0.21254995386979628,0.17675341779484863,0.3466016311878102,-0.02588592828587366,-0.02531058435045641,-0.0005902843779564959,0.0035041812824735397,-0.0018002454729921478,-5.309393377423907e-05,-0.0007376640257268797,-0.003983046665040499,-0.005896411215322361,0.008966280030382606,2024,3,20243,-0.0026758579989212272,0.0
11380,8099,193053451646,11311132,17067.56243725208,0.5315058491632311,0.02568639665709259,0.012247064182698275,0.01533014001441875,0.05096218117374359,0.2017271139726183,0.1625412548361974,0.3532538943873425,-0.0026758579989212272,-0.04289572660594443,0.04202245222915635,0.014377281149207222,0.0023642826172149585,0.00011043078691683195,7.506225839985954e-05,0.008107946044090306,-0.010822839897177972,-0.014212162958651214,2024,4,20244,-0.0718473217274248,0.0
11380,8100,179183078195,10408370,17215.28713862017,0.5278618535566564,0.02622249364913027,0.01148492354707982,0.01530968838482957,0.049300481518608615,0.20474947526057038,0.16507108408312496,0.35129339353859423,-0.0718473217274248,-0.07981181724340236,0.00865528993441167,-0.0036439956065746903,0.000536096992037681,-0.0007621406356184551,-2.0451629589180592e-05,-0.0016616996551349766,0.00302236128795208,0.002529829246927545,2025,1,20251,0.07342381299914025,0.0
11380,8101,192339383021,11467489,16772.580555429355,0.5313670472980632,0.025375163922965904,0.010943691343598532,0.015490008739784247,0.048756200522781755,0.20166249875494863,0.16640538941785774,0.35409022677017826,0.07342381299914025,0.1017564709940173,-0.025715898876740972,0.003505193741406787,-0.0008473297261643656,-0.0005412322034812882,0.00018032035495467794,-0.0005442809958268596,-0.003086976505621758,0.0013343053347327771,2025,2,20252,0.016691620236971794,0.0
11380,8102,195549838959,11601595,16855.427116616294,0.5186789945107847,0.025173808601459017,0.015039346090265067,0.014851514414230289,0.04379760144827172,0.2090888167878913,0.17336991814709787,0.3458018611141538,0.016691620236971794,0.011694452028687463,0.004939404578392148,-0.01268805278727847,-0.00020135532150688737,0.004095654746666535,-0.0006384943255539587,-0.004958599074510038,0.007426318032942664,0.006964528729240138,2025,3,20253,-0.00969917166946721,0.0
11380,8103,193653167501,11098091,17449.232259944525,0.5199073860099918,0.025856633519687425,0.01727913552967173,0.014793898917172145,0.049947302431549705,0.20431085442377642,0.16790478916815083,0.3439193599757017,-0.00969917166946721,-0.04339954980328131,0.03522931452403544,0.00122839149920706,0.0006828249182284085,0.0022397894394066645,-5.761549705814335e-05,0.006149700983277988,-0.004777962364114874,-0.005465128978947048,2025,4,20254,,
11410,8084,130952173825,9369001,13977.175776264727,0.46480965186069906,0.054886850260349236,0.03348651356380032,0.04047320330155657,0.038680485302741784,0.1840335447062213,0.18362975100463172,0.2909044165449294,,,,,,,,,,,2021,1,20211,0.1369287279107143,0.0
11410,8085,148883288404,10753892,13844.595836000584,0.49529239323960844,0.052084837876214325,0.035126371650315416,0.04381965894853731,0.03640237707736169,0.15444006599052415,0.18283429521743869,0.30978665618099005,0.1369287279107143,0.14781629332732482,-0.009485459894500448,0.030482741378909384,-0.002802012384134911,0.0016398580865150947,0.003346455646980738,-0.0022781082253800905,-0.029593478715697147,-0.0007954557871930334,2021,2,20212,-0.07129392274166635,0.0
11410,8086,138268814743,10417574,13272.650114412434,0.4661876340793853,0.04885762668578891,0.032241397840041076,0.04108245536463295,0.040296971159811575,0.1639335391579867,0.20740037571235348,0.2939582207185129,-0.07129392274166635,-0.031274072679918996,-0.04131183953387063,-0.029104759160223148,-0.003227211190425412,-0.0028849738102743397,-0.002737203583904356,0.0038945940824498815,0.009493473167462546,0.024566080494914794,2021,3,20213,0.13770179634785595,0.0
11410,8087,157308678912,10443769,15062.443348948067,0.5145497079807044,0.05293913011410288,0.037524512022010924,0.04723441892329812,0.03824083177486471,0.1319044633488251,0.17760693583619383,0.3216085051370748,0.13770179634785595,0.002514500976906975,0.13484821939155478,0.048362073901319136,0.004081503428313968,0.005283114181969847,0.006151963558665166,-0.0020561393849468645,-0.03202907580916159,-0.02979343987615965,2021,4,20214,-0.13844307551640544,0.0
11410,8088,135530381598,9086593,14915.423371334009,0.49354859509955884,0.05426437596711178,0.03292191897780242,0.04333080402163246,0.047433780582632604,0.13979089690897456,0.18870962844228736,0.3068990318159935,-0.13844307551640544,-0.12995078692376283,-0.009760699124841898,-0.02100111288114559,0.0013252458530089023,-0.004602593044208507,-0.0039036149016656585,0.009192948807767894,0.007886433560149453,0.011102692606093534,2022,1,20221,0.22572843291139577,0.0
11410,8089,166123442248,10704518,15519.002560227373,0.5445049960436213,0.05480170729552532,0.03824652135196466,0.04949310253110281,0.04027523021712819,0.10653126271354435,0.16614717984711333,0.34397717090818297,0.22572843291139577,0.1780562857828012,0.04046678219361732,0.05095640094406251,0.0005373313284135345,0.005324602374162241,0.006162298509470351,-0.007158550365504411,-0.03325963419543021,-0.022562448595174034,2022,2,20222,0.007758306416959071,0.0
11410,8090,167412278816,10737830,15590.885571479526,0.5417988713939614,0.05410918605890366,0.03801789998925523,0.04638316265042006,0.04070042096786029,0.10702693667226737,0.17196352226733194,0.3427533219877735,0.007758306416959071,0.0031119570259958707,0.004631935008270416,-0.0027061246496599134,-0.0006925212366216543,-0.00022862136270943023,-0.003109939880682755,0.0004251907507321004,0.0004956739587230197,0.005816342420218612,2022,3,20223,0.08904006458441072,1.0
11410,8091,182318678934,10786511,16902.47003261759,0.5658383074415833,0.05745085064921821,0.0383320921852989,0.05300138875237294,0.03941122166424396,0.09680576872975906,0.14916037057752368,0.3609255043129089,0.08904006458441072,0.004533597570458792,0.08412507776577827,0.02403943604762182,0.0033416645903145484,0.0003141921960436722,0.0066182261019528815,-0.0012891993036163313,-0.01022116794250831,-0.02280315168980826,2022,4,20224,-0.0804367234435086,0.0
11410,8092,167653561778,9725033,17239.382301119185,0.5698405174147424,0.05669412836922663,0.035168997631004804,0.048625578010653175,0.03680386376861148,0.10426285114745341,0.14860406365830808,0.3658421789637444,-0.0804367234435086,-0.09840790965679269,0.019932723906709304,0.004002209973159143,-0.0007567222799915799,-0.003163094554294095,-0.004375810741719763,-0.0026073578956324825,0.007457082417694355,-0.0005563069192155989,2023,1,20231,0.07321730053820286,1.0
11410,8093,179928702997,11123854,16175.03277164551,0.5583448352466311,0.053440647194351876,0.03872587582713903,0.048920455104635316,0.0399557836256946,0.10070324387489255,0.15990915912665546,0.35580630935002594,0.07321730053820286,0.1438371468765196,-0.06173942377300701,-0.011495682168111254,-0.003253481174874756,0.0035568781961342263,0.00029487709398214046,0.0031519198570831228,-0.003559607272560869,0.011305095468347376,2023,2,20232,-0.05947018658372927,0.0
11410,8094,169228309458,10471380,16161.032209508203,0.5471460031513234,0.05229851075358368,0.03623842817222029,0.04352284084494716,0.037887707048159594,0.11460054846091353,0.16830596156885236,0.34820700509564395,-0.05947018658372927,-0.05865539047887536,-0.0008655662300635081,-0.011198832095307698,-0.0011421364407681947,-0.002487447654918741,-0.005397614259688155,-0.002068076577535008,0.013897304586020981,0.008396802442196899,2023,3,20233,0.03919793833103502,0.0
11410,8095,175861710296,10313607,17051.42636286219,0.5574865953935281,0.0541329113937119,0.039000543401152186,0.048991135930036296,0.037785657183792,0.1075418688534736,0.15506128784430595,0.35467986235797067,0.03919793833103502,-0.01506706852391948,0.055095128937997506,0.010340592242204627,0.0018344006401282212,0.0027621152289318968,0.005468295085089135,-0.00010204986436759128,-0.00705867960743993,-0.013244673724546407,2023,4,20234,-0.0696285076062888,0.0
11410,8096,163616721863,9365954,17469.30658243677,0.5601323693719896,0.05350234019069164,0.03811427113924001,0.04601259400798731,0.036941386510976365,0.11464024772300299,0.1506567910561121,0.3573851492226487,-0.0696285076062888,-0.09188376093834094,0.024507053584955196,0.002645773978461552,-0.0006305712030202637,-0.0008862722619121799,-0.002978541922048987,-0.0008442706728156377,0.007098378869529395,-0.004404496788193851,2024,1,20241,0.05686264738753399,0.0
11410,8097,172920401825,10487321,16488.519978076383,0.5664366632985645,0.0535653443621646,0.03899291332218716,0.043123862513034614,0.03335181567433881,0.11092714276371073,0.15360225806599961,0.3641106827463129,0.05686264738753399,0.11972800635151537,-0.05614341930128164,0.006304293926574833,6.300417147295928e-05,0.0008786421829471563,-0.0028887314949526954,-0.003589570836637558,-0.0037131049592922655,0.0029454670098875146,2024,2,20242,-0.07767168582913975,0.0
11410,8098,159489382701,9769665,16324.959218253645,0.5539520971162807,0.05206305428222049,0.034950687134141435,0.03899605458163833,0.03203083604365828,0.12106047821501123,0.16694679262704962,0.3558685757365635,-0.07767168582913975,-0.06843082232345132,-0.009919675024818053,-0.012484566182283774,-0.0015022900799441102,-0.004042226188045728,-0.004127807931396284,-0.0013209796306805285,0.010133335451300504,0.013344534561050003,2024,3,20243,0.07537879405137748,0.0
11410,8099,171511500033,9869913,17377.20484800626,0.5816506015678572,0.05469648279675133,0.034919450449956174,0.0413640467935677,0.03381001459892934,0.10540052688899451,0.1481588769039438,0.3784429208825483,0.07537879405137748,0.010261150203205505,0.06445624859975463,0.02769850445157651,0.0026334285145308417,-3.123668418526099e-05,0.002367992211929369,0.0017791785552710646,-0.01565995132601672,-0.018787915723105814,2024,4,20244,-0.11838802354998468,0.0
11410,8100,151206592528,8464474,17863.672630809662,0.5778571178027175,0.054999452027596055,0.03487071571316323,0.03633516279379562,0.03597727013782575,0.1144521105638654,0.14550817096103644,0.37504627658371903,-0.11838802354998468,-0.14239629062586467,0.02799459332259735,-0.0037934837651396602,0.00030296923084472543,-4.8734736792940825e-05,-0.0050288839997720824,0.0021672555388964065,0.009051583674870883,-0.0026507059429073665,2025,1,20251,0.09627682936710746,1.0
11410,8101,165764283836,9777617,16953.444160882962,0.5853305684172244,0.053582730570522465,0.03504066999587601,0.03444360617302067,0.03549319349046797,0.11419435696852451,0.141914874384364,0.38233714341812275,0.09627682936710746,0.15513580643049996,-0.0509541620437457,0.007473450614506882,-0.00141672145707359,0.00016995428271277674,-0.001891556620774948,-0.00048407664735777844,-0.00025775359534088715,-0.003593296576672428,2025,2,20252,-0.01686038949599722,0.0
11410,8102,162969433446,10045232,16223.560933784307,0.5776544102743865,0.04803658304177621,0.039673537290306475,0.03152664844173027,0.03411663039770153,0.11678402517921459,0.1522081653748845,0.37652982875641344,-0.01686038949599722,0.027370165961706272,-0.04305220934296816,-0.007676158142837952,-0.005546147528746256,0.004632867294430465,-0.002916957731290401,-0.0013765630927664377,0.00258966821069008,0.010293290990520482,2025,3,20253,0.03166487206148316,0.0
11410,8103,168129839706,9884197,17009.964462059994,0.590986175016582,0.051898518848636055,0.03812423631764906,0.03602862503522525,0.034688843207122066,0.10659416545176445,0.14167943612302109,0.3873483291076888,0.03166487206148316,-0.016030988632218746,0.04847292967834593,0.013331764742195551,0.0038619358068598467,-0.0015493009726574164,0.00450197659349498,0.0005722128094205331,-0.010189859727450137,-0.010528729251863406,2025,4,20254,,
11440,8084,285107753448,18216365,15651.188008584588,0.44973988066721055,0.04788469021236213,0.0714767281582077,0.0679699306442553,0.045396134473630154,0.14680729199682738,0.17072534384750682,0.26704807099971695,,,,,,,,,,,2021,1,20211,0.16743158101347966,1.0
11440,8085,332843795367,21571130,15430.058386695551,0.46101685687067356,0.04512212377412708,0.07441108694152201,0.07395430645134535,0.0415415150784297,0.1295687723259142,0.17438533855798807,0.27450280821636114,0.16743158101347966,0.18416215309695438,-0.014128615780971243,0.011276976203463018,-0.0027625664382350465,0.002934358783314314,0.005984375807090048,-0.0038546193952004523,-0.017238519670913166,0.003659994710481257,2021,2,20212,-0.13090198952322052,0.0
11440,8086,289273880353,20359885,14208.031153073802,0.41902466419396145,0.04408013380758648,0.0725552033954397,0.06607882234536411,0.04301658775695595,0.15521540599589898,0.20002918250479337,0.25310931863592034,-0.13090198952322052,-0.05615120765578807,-0.07919783600270969,-0.041992192676712115,-0.0010419899665406046,-0.0018558835460823209,-0.00787548410598124,0.00147507267852625,0.025646633669984764,0.0256438439468053,2021,3,20213,0.2353591177776515,1.0
11440,8087,357357125629,21177505,16874.37333288317,0.47687457956251994,0.04495130959743877,0.07660225287187764,0.07811471207651406,0.039133386061310796,0.12171613078496911,0.16260762904536968,0.2841872776769426,0.2353591177776515,0.04015838006943562,0.18766443788607012,0.05784991536855849,0.0008711757898522896,0.004047049476437942,0.012035889731149954,-0.0038832016956451554,-0.033499275210929866,-0.03742155345942369,2021,4,20214,-0.14904271559508475,0.0
11440,8088,304095649188,18158743,16746.51429275694,0.45702086370883943,0.0499734965053873,0.07506698313821454,0.0781288622755394,0.04180215071456414,0.11732969797256788,0.18067794568488726,0.27126278918369895,-0.14904271559508475,-0.14254568703914838,-0.0075771133898685505,-0.01985371585368051,0.005022186907948534,-0.0015352697336630944,1.4150199025342314e-05,0.0026687646532533443,-0.004386432812401225,0.01807031663951758,2022,1,20221,0.24960734201453105,0.0
11440,8089,380000155900,21837474,17401.287158945215,0.5008556287594934,0.047671080176522634,0.07713105766123186,0.08099474364452491,0.033486651166923904,0.09595004704049385,0.16391079155080945,0.3028327562195076,0.24960734201453105,0.20258731565285104,0.03909905397277047,0.04383476505065398,-0.0023024163288646662,0.002064074523017323,0.0028658813689855095,-0.008315499547640236,-0.02137965093207403,-0.01676715413407781,2022,2,20222,0.002049054348822077,0.0
11440,8090,380778796872,21891803,17393.669990178514,0.5000521705493142,0.04775896508784114,0.07629104029331038,0.08003412192418993,0.03126345397325714,0.09390465172098277,0.1706955964511045,0.3034913493355289,0.002049054348822077,0.0024878793215734607,-0.0004377359385616675,-0.000803458210179242,8.788491131850318e-05,-0.0008400173679214834,-0.0009606217203349809,-0.0022231971936667663,-0.0020453953195110897,0.006784804900295038,2022,3,20223,0.07455236943128085,0.0
11440,8091,409166758408,21522099,19011.470879675817,0.526284832904915,0.04737266439584995,0.07587771680621692,0.07834907112623646,0.03212543898273579,0.08917552933177525,0.15081474645227064,0.3228453061406831,0.07455236943128085,-0.016887782152982145,0.09301089939103169,0.026232662355600844,-0.0003863006919911857,-0.000413323487093456,-0.0016850507979534746,0.0008619850094786496,-0.004729122389207516,-0.019880849998833855,2022,4,20224,-0.06302608404538412,0.0
11440,8092,383378579904,20056667,19114.770161163866,0.5168522203108421,0.04693175896917728,0.07486424007618518,0.07698933338526888,0.03154336339298915,0.10150794371126515,0.15131114015427224,0.3150647270828983,-0.06302608404538412,-0.06808964125664507,0.005433523904690762,-0.009432612594072909,-0.00044090542667267474,-0.0010134767300317427,-0.0013597377409675787,-0.0005820755897466348,0.012332414379489898,0.0004963937020016074,2023,1,20231,0.012053685918386847,0.0
11440,8093,387999704894,22054709,17592.601421038926,0.5100732422749336,0.04739580142212725,0.0721553934368287,0.07900087369235008,0.032806691294977944,0.0956880013791323,0.16287999649965013,0.31063097918486987,0.012053685918386847,0.09961984212032826,-0.07963311759916336,-0.006778978035908545,0.000464042452949974,-0.0027088466393564853,0.0020115403070812,0.0012633279019887908,-0.005819942332132844,0.011568856345377881,2023,2,20232,-0.008334810901166723,0.0
11440,8094,384765800724,21932116,17543.48740103326,0.510971121737059,0.044850893282427785,0.06890580255862709,0.07955489837558913,0.0310132046651403,0.09812245767674606,0.1665816217044106,0.312519353613057,-0.008334810901166723,-0.005558586150467892,-0.0027917428940855693,0.0008978794621254949,-0.0025449081396994658,-0.0032495908782016053,0.0005540246832390489,-0.0017934866298376442,0.0024344562976137546,0.0037016252047604725,2023,3,20233,0.0566451485604722,0.0
11440,8095,406560916667,21137091,19234.478229147047,0.5416306007504479,0.04443138432018947,0.06444170802689106,0.07802582398244295,0.030534857594706054,0.09633597709806395,0.1445996482272586,0.3367006748026763,0.0566451485604722,-0.036249352319675854,0.09638852238775475,0.030659479013388835,-0.0004195089622383158,-0.004464094531736032,-0.0015290743931461737,-0.00047834707043424574,-0.0017864805786821092,-0.021981973477152,2023,4,20234,-0.053725084395877754,0.0
11440,8096,384718397107,19477527,19751.91188835215,0.543500996433621,0.04299369313602041,0.06611080647886497,0.07725675839394165,0.030471044738574326,0.09355272896915781,0.1461139718498198,0.3386109266594058,-0.053725084395877754,-0.0785143045464487,0.02690136186907366,0.0018703956831731539,-0.0014376911841690598,0.0016690984519739105,-0.0007690655885013026,-6.381285613172791e-05,-0.002783248128906138,0.001514323622561209,2024,1,20241,0.01707084424967964,0.0
11440,8097,391285864944,21396822,18287.101932427162,0.5383355875892598,0.04084477604957007,0.06439440369154681,0.07479598286329248,0.030718772799830762,0.09501734015953009,0.15589313684696995,0.33548918692419655,0.01707084424967964,0.09853894696179855,-0.07416041364526327,-0.00516540884436123,-0.00214891708645034,-0.0017164027873181609,-0.0024607755306491758,0.00024772806125643657,0.001464611190372278,0.009779164997150147,2024,2,20242,-0.03121894754810084,0.0
11440,8098,379070332050,20916951,18122.638048442146,0.5260323632968944,0.04030493305391347,0.06386315639654659,0.07667828241743299,0.029669538864140185,0.09660955626611666,0.1668421697049557,0.32634259409381766,-0.03121894754810084,-0.022427209050016828,-0.008993436171172875,-0.012303224292365411,-0.0005398429956565975,-0.0005312472950002173,0.0018822995541405152,-0.0010492339356905772,0.0015922161065865664,0.010949032857985735,2024,3,20243,0.07783035493821888,1.0
11440,8099,408573510540,20746681,19693.43966584342,0.5525225913731847,0.041496916600373,0.06405830241027745,0.07834017005825049,0.03069704425875186,0.08662703922538052,0.14625793607378196,0.3470817927332617,0.07783035493821888,-0.00814028775035136,0.08667621199532283,0.026490228076290312,0.001191983546459531,0.00019514601373085694,0.001661887640817497,0.0010275053946116747,-0.009982517040736133,-0.02058423363117373,2024,4,20244,-0.10180278301455836,0.0
11440,8100,366979590101,18087525,20289.099260457137,0.54160661729525,0.04133610026602584,0.06541944524869255,0.08425096927731227,0.03129858616888978,0.09002268441388718,0.14606559732994245,0.33684317465262625,-0.10180278301455836,-0.12817259782420143,0.030246600122721956,-0.010915974077934765,-0.0001608163343471622,0.001361142838415097,0.005910799219061777,0.0006015419101379205,0.0033956451885066574,-0.0001923387438395041,2025,1,20251,0.047047030975886805,0.0
11440,8101,384244890244,20666533,18592.614941461154,0.5314470770849469,0.039530612074904964,0.06409865836435698,0.0819696847965874,0.031127899716258536,0.09557050266480004,0.15625556529814527,0.32934480106990344,0.047047030975886805,0.1425849031307489,-0.08361555617712324,-0.010159540210303075,-0.001805488191120877,-0.0013207868843355675,-0.002281284480724871,-0.00017068645263124474,0.005547818250912856,0.010189967968202818,2025,2,20252,0.005833773905429274,0.0
11440,8102,386486488058,20615780,18747.119345375242,0.5143915926063767,0.04012992427221017,0.07799924613011579,0.08228306273989994,0.031120307176676826,0.09276416752406537,0.16131169955065525,0.31465863488406703,0.005833773905429274,-0.0024558062061014185,0.00830998783121939,-0.017055484478570193,0.0005993121973052046,0.01390058776575881,0.00031337794331254276,-7.592539581709884e-06,-0.002806335140734667,0.005056134252509975,2025,3,20253,0.05263625014737161,1.0
11440,8103,406829687522,19737469,20612.04947412457,0.5420372613148473,0.04026915798546309,0.0747627151038608,0.08409534109565174,0.030805412853068353,0.08710188840651842,0.1409282232405903,0.3364839642330326,0.05263625014737161,-0.04260382095656823,0.09947822352821323,0.027645668708470628,0.0001392337132529245,-0.003236531026254985,0.0018122783557518035,-0.00031489432360847294,-0.005662279117546951,-0.020383476310064957,2025,4,20254,,
11470,8084,147926468386,11381051,12997.610535793223,0.37665737653257736,0.025989946714389752,0.018134046078895485,0.008152341005351364,0.05173928684641234,0.33981360186218973,0.179513400960184,0.29331685985590156,,,,,,,,,,,2021,1,20211,0.10038279303912168,0.0
11470,8085,162775740447,12949728,12569.819261609202,0.4114650077528454,0.0256843966767964,0.019760999680706923,0.009442508949915992,0.05247097685162097,0.29500225479628595,0.18617385529182842,0.29488303706222907,0.10038279303912168,0.1378323495782594,-0.03291307067602589,0.03480763122026803,-0.0003055500375933537,0.001626953601811438,0.001290167944564628,0.0007316900052086323,-0.044811347065903784,0.0066604543316444165,2021,2,20212,-0.017103740301562365,0.0
11470,8086,159991666455,13133243,12182.190374075923,0.37774865640891797,0.024902779946483183,0.01829744526614694,0.008143886734041081,0.051563609616631895,0.32081327316155306,0.1985303488662259,0.2887095767564813,-0.017103740301562365,0.014171340123900755,-0.030838063735504684,-0.03371635134392742,-0.000781616730313215,-0.0014635544145599824,-0.001298622215874911,-0.000907367234989076,0.025811018365267113,0.01235649357439747,2021,3,20213,0.03545557524769882,0.0
11470,8087,165664263024,12423472,13334.779763982242,0.42936279734450206,0.0270430676913763,0.019867366774952443,0.009225580641846613,0.05469178901720884,0.2773514076680712,0.1824579908620425,0.2987694764051827,0.03545557524769882,-0.054043848880280354,0.09461265622306025,0.051614140935584085,0.002140287744893117,0.001569921508805503,0.001081693907805532,0.0031281794005769484,-0.043461865493481855,-0.016072358004183385,2021,4,20214,-0.0912106919270268,1.0
11470,8088,150553910966,11347984,13267.01826209836,0.3980601138454254,0.02476375453203582,0.0181855662229745,0.009382520905212523,0.059079867417118875,0.29747945284605926,0.1930487242311736,0.2887361098174418,-0.0912106919270268,-0.08656903641751679,-0.00508156138183169,-0.03130268349907667,-0.00227931315934048,-0.0016818005519779432,0.0001569402633659102,0.004388078399910032,0.020128045177988052,0.010590733369131106,2022,1,20221,0.17779223150865175,0.0
11470,8089,177321226759,12577099,14098.738251086359,0.45195822066989155,0.026544144184142932,0.019624436169334025,0.00934860161582918,0.051692857000464915,0.2674805784051044,0.17335116195523298,0.3097119763087278,0.17779223150865175,0.10831130886331874,0.0626908000393791,0.05389810682446616,0.0017803896521071116,0.0014388699463595243,-3.391928938334225e-05,-0.007387010416653961,-0.029998874440954837,-0.019697562275940633,2022,2,20222,-0.042431212379474004,0.0
11470,8090,169797272127,12274056,13833.835541160966,0.45546707380054774,0.027049975906354096,0.0194514453302269,0.009688998300099293,0.049255598115525316,0.2595603004625177,0.17952660808472895,0.31068165845878054,-0.042431212379474004,-0.02409482504669802,-0.01878910759301322,0.0035088531306561865,0.0005058317222111641,-0.0001729908391071254,0.00034039668427011255,-0.0024372588849395985,-0.007920277942586706,0.006175446129495971,2022,3,20223,0.04948802491193738,0.0
11470,8091,178200203760,11691945,15241.279681011158,0.4519002867777641,0.026526813192460964,0.019040508840100553,0.009358246415060103,0.04856148431600424,0.27836391518276454,0.16624874527584546,0.31285099110147196,0.04948802491193738,-0.04742613199744239,0.10173925630838276,-0.003566787022783624,-0.0005231627138931327,-0.0004109364901263464,-0.00033075188503919016,-0.0006941137995210775,0.01880361472024683,-0.01327786280888349,2022,4,20224,-0.03062800296429924,0.0
11470,8092,172742287391,11182059,15448.16454563511,0.44869723660402494,0.024080197615912326,0.018189285683638017,0.008284817797744199,0.04847078632256341,0.29165710495057917,0.16062057102553792,0.31552080620438316,-0.03062800296429924,-0.04361002382409429,0.013573982562744114,-0.0032030501737391748,-0.002446615576548638,-0.0008512231564625355,-0.0010734286173159045,-9.06979934408303e-05,0.013293189767814628,-0.005628174250307538,2023,1,20231,0.017396014851871033,0.0
11470,8093,175747314788,12306462,14280.896880679435,0.4714987133371439,0.024426205311747468,0.018294666111277256,0.009017737556398857,0.04973588801936467,0.25306972041450976,0.1739570692495581,0.3201026944729215,0.017396014851871033,0.10055420025954076,-0.0755602817090324,0.02280147673311894,0.00034600769583514185,0.00010538042763923866,0.0007329197586546585,0.0012651016968012602,-0.03858738453606941,0.013336498224020166,2023,2,20232,0.01959928658457777,1.0
11470,8094,179191836777,12541949,14287.399572187704,0.4692046404247345,0.02497996664083829,0.016292619047335588,0.008137557626660612,0.04585141227847821,0.2592882423199963,0.1762455616619565,0.3215039052278932,0.01959928658457777,0.019135231555584387,0.0004553419552428828,-0.002294072912409406,0.0005537613290908239,-0.002002047063941668,-0.0008801799297382448,-0.0038844757408864616,0.0062185219054865515,0.002288492412398424,2023,3,20233,-0.013703016555691505,0.0
11470,8095,176736368071,11625902,15201.948895750196,0.4808998231187828,0.02564296562425312,0.015205645749834573,0.008180917921879863,0.04897591968463848,0.2599897831528411,0.16110494474777,0.32816847191739673,-0.013703016555691505,-0.07303864813993421,0.06401090127994902,0.011695182694048345,0.0006629989834148302,-0.001086973297501015,4.3360295219251055e-05,0.0031245074061602707,0.0007015408328447936,-0.0151406169141865,2023,4,20234,-0.032663992799042085,1.0
11470,8096,170963452617,10886970,15703.492580304714,0.48003652629111315,0.02455189434202277,0.015696066252309453,0.00829655328836614,0.04613058063156932,0.27155403613663087,0.15373434305798828,0.33085693462865556,-0.032663992799042085,-0.06355911137045533,0.0329920648986477,-0.0008632968276696684,-0.0010910712822303527,0.0004904205024748795,0.00011563536648627644,-0.0028453390530691555,0.011564252983789769,-0.007370601689781736,2024,1,20241,0.025585999984449437,0.0
11470,8097,175337723513,11855679,14789.34471091871,0.4949838941622007,0.02395852548917426,0.015697087226046583,0.008009469108316996,0.046255892722359165,0.2479378742577139,0.1631572570341884,0.3361267041922678,0.025585999984449437,0.08897875166368596,-0.05821302902594594,0.014947367871087525,-0.0005933688528485075,1.0209737371300043e-06,-0.00028708418004914395,0.00012531209078984334,-0.023616161878916964,0.009422913976200126,2024,2,20242,-0.015047173820551984,0.0
11470,8098,172699386310,11910971,14499.186196490613,0.4845764253138764,0.024207718292036124,0.015752897674555726,0.008065342771396672,0.04411587979429225,0.2496250601007709,0.17365667605307195,0.3301290517521861,-0.015047173820551984,0.004663756500154825,-0.01961943007615996,-0.010407468848324275,0.00024919280286186257,5.581044850914291e-05,5.587366307967592e-05,-0.0021400129280669186,0.001687185843056993,0.010499419018883543,2024,3,20243,0.021110246086548434,0.0
11470,8099,176345112854,11392571,15478.956668692255,0.49461754817222614,0.025400077895600153,0.015317801135982708,0.006629720807561813,0.04756897395815596,0.25241180481055986,0.15805407321991335,0.3365258876991964,0.021110246086548434,-0.04352290002217285,0.06757416995160637,0.010041122858349738,0.001192359603564029,-0.0004350965385730172,-0.001435621963834859,0.003453094163863711,0.0027867447097889575,-0.01560260283315859,2024,4,20244,-0.0673765672306268,1.0
11470,8100,164463584502,10320932,15934.954760093371,0.4899785088657121,0.024768339048030802,0.015034656051595,0.006206159795742429,0.04695979495026804,0.25882557136824624,0.15822696992040536,0.33518863981752817,-0.0673765672306268,-0.09406471989509657,0.029459226559075402,-0.004639039306514048,-0.0006317388475693513,-0.0002831450843877089,-0.00042356101181938426,-0.0006091790078879208,0.0064137665576863845,0.00017289670049200345,2025,1,20251,0.05812774692919187,0.0
11470,8101,174023482121,11493322,15141.269175352436,0.49125701894390267,0.023241870221788422,0.014787200052753507,0.005862715546000921,0.047267490350989726,0.2500653466854668,0.16751835819909797,0.3349559695027548,0.05812774692919187,0.11359342353965718,-0.04980783420412327,0.0012785100781905756,-0.0015264688262423796,-0.00024745599884149275,-0.0003434442497415079,0.00030769540072168866,-0.008760224682779427,0.009291388278692608,2025,2,20252,0.019739503790709767,0.0
11470,8102,177458619306,11815619,15018.98625082613,0.47546527251802645,0.02229337677409868,0.017301420314252334,0.005499294116095967,0.04590521557565488,0.25948569089561874,0.17404972980625294,0.32662722244155246,0.019739503790709767,0.02804211001832191,-0.00807613437883814,-0.01579174642587622,-0.0009484934476897411,0.002514220261498827,-0.0003634214299049537,-0.0013622747753348485,0.00942034421015192,0.006531371607154973,2025,3,20253,-0.026702342695617887,0.0
11470,8103,172720058439,10881543,15872.754299551083,0.49366776428062487,0.022523183729548785,0.016798833634164897,0.0056487500920142045,0.04868448817118571,0.24738494532811012,0.16529203476435145,0.3354202118042379,-0.026702342695617887,-0.07905434323838645,0.05684591719218002,0.018202491762598416,0.00022980695545010352,-0.0005025866800874371,0.00014945597591823744,0.0027792725955308323,-0.01210074556750862,-0.008757695041901492,2025,4,20254,,
11500,8084,258350269508,19427408,13298.23667202542,0.42606299286477617,0.017778746225994433,0.017979432492351878,0.012994963831055886,0.06082337278735996,0.24875582794005932,0.21560466385840238,0.2944022024728454,,,,,,,,,,,2021,1,20211,0.11186713569542084,0.0
11500,8085,287251174164,21965723,13077.246497372293,0.4500715290103158,0.016599833371882502,0.01929026041800058,0.014259683839138676,0.05566263997191297,0.22650182022877896,0.21761423315997053,0.30517274695323915,0.11186713569542084,0.1306563901885418,-0.01661800583817319,0.024008536145539605,-0.0011789128541119312,0.0013108279256487006,0.00126472000808279,-0.005160732815446996,-0.02225400771128036,0.002009569301568148,2021,2,20212,-0.013440529328509365,0.0
11500,8086,283390366333,22713138,12476.93587442651,0.4020746647403996,0.01627373984047448,0.01675492091153378,0.01249380188823908,0.05750999856801473,0.25332360897774214,0.24156926507359616,0.2882016537238729,-0.013440529328509365,0.0340264238058543,-0.045904971131836336,-0.04799686426991617,-0.0003260935314080213,-0.0025353395064668,-0.0017658819508995956,0.0018473585961017655,0.026821788748963182,0.023955031913625635,2021,3,20213,0.040147815164721434,0.0
11500,8087,294767870380,21425013,13758.11862424541,0.46078014755781743,0.017706822365922744,0.019271762494591865,0.012045972457658056,0.0626348407687675,0.20924979114747166,0.21831066320777073,0.308516526267407,0.040147815164721434,-0.056712771260404415,0.10268408547685892,0.05870548281741783,0.0014330825254482635,0.0025168415830580868,-0.00044782943058102424,0.005124842200752773,-0.04407381783027048,-0.02325860186582543,2021,4,20214,-0.10249587670478322,1.0
11500,8088,264555379081,19222970,13762.461215982754,0.44034862994916374,0.018398284823797663,0.018788559061874627,0.012136036081190325,0.06440308972052067,0.21460572220161486,0.23131967816183813,0.29845787357807113,-0.10249587670478322,-0.10277907415972165,0.0003156384863327588,-0.020431517608653693,0.0006914624578749189,-0.00048320343271723853,9.006362353226882e-05,0.0017682489517531624,0.005355931054143198,0.013009014954067394,2022,1,20221,0.14778198412677024,0.0
11500,8089,303651897913,21409057,14183.33829056553,0.4903131700025048,0.01763324803434653,0.0208902231752803,0.013632758996243948,0.05861847113861876,0.187221692206542,0.21169043644646368,0.32464111773051313,0.14778198412677024,0.1137226453560507,0.030581526659926306,0.049964540053341056,-0.0007650367894511331,0.0021016641134056734,0.0014967229150536238,-0.005784618581901907,-0.02738402999507286,-0.019629241715374446,2022,2,20222,0.003254066494532859,0.0
11500,8090,304640001380,21852275,13940.882648602948,0.4784471070697971,0.019737876565000426,0.0199796890934481,0.012308189607453711,0.054912303470394636,0.18485987605007015,0.22975495814383587,0.3198277731797847,0.003254066494532859,0.020702359753631328,-0.01709439886404307,-0.0118660629327077,0.0021046285306538966,-0.0009105340818322018,-0.0013245693887902373,-0.003706167668224125,-0.002361816156471852,0.018064521697372188,2022,3,20223,0.017415399015122013,0.0
11500,8091,309945428560,20669393,14995.381265429516,0.4964257201754936,0.021454102800915337,0.020284471212269974,0.020684005641847882,0.05339710259283974,0.1754689390860684,0.2122856584905651,0.3264438619905766,0.017415399015122013,-0.05413083992398959,0.07564073548329042,0.017978613105696484,0.0017162262359149104,0.0003047821188218759,0.008375816034394171,-0.001515200877554898,-0.009390936964001756,-0.017469299653270765,2022,4,20224,-0.03612228907203474,0.0
11500,8092,298749490193,19702835,15162.766687788839,0.4967638247319672,0.02139299349723125,0.019159696725514673,0.019165987276835064,0.05051561473879164,0.18404271646281223,0.20895916656684796,0.32805386888777555,-0.03612228907203474,-0.04676276656987455,0.011162465254899168,0.00033810455647359516,-6.110930368408846e-05,-0.0011247744867553013,-0.001518018365012818,-0.002881487854048098,0.008573777376743835,-0.0033264919237171453,2023,1,20231,0.042547229499164674,0.0
11500,8093,311460453315,21297291,14624.416472264007,0.4998618467576155,0.01966515632020055,0.019480245486780057,0.018062023329525122,0.05270668106103794,0.17313221195200457,0.21709183509283625,0.3308359227758524,0.042547229499164674,0.08092520695625782,-0.035504748349019066,0.0030980220256483504,-0.0017278371770306986,0.0003205487612653844,-0.0011039639473099418,0.0021910663222462975,-0.010910504510807661,0.00813266852598829,2023,2,20232,0.0007414847199442853,0.0
11500,8094,311691396482,21504161,14494.469069590765,0.4971134572973304,0.018545104742195898,0.018150555366152718,0.017319513829801046,0.05262858463899665,0.17699082376239356,0.21925196036312966,0.33026206029567423,0.0007414847199442853,0.009713441958416169,-0.008885647021862009,-0.0027483894602851056,-0.0011200515780046515,-0.0013296901206273394,-0.0007425094997240769,-7.809642204128359e-05,0.00385861181038899,0.0021601252702934115,2023,3,20233,0.005852769324370399,0.0
11500,8095,313515654326,20521674,15277.294353569792,0.5111396194442287,0.01902194180644915,0.017111238424546853,0.017428179922136883,0.055814401828256095,0.17514395621822146,0.20434066235616083,0.33776783991486975,0.005852769324370399,-0.04568822750164492,0.05400855182901365,0.01402616214689828,0.0004768370642532528,-0.0010393169416058647,0.00010866609233583721,0.003185817189259442,-0.0018468675441720983,-0.014911298006968832,2023,4,20234,-0.038835575940139866,0.0
11500,8096,301340093324,19334572,15585.558000663268,0.5142276762700483,0.01867583701830552,0.01580177474386133,0.018400434087070715,0.05247448241810381,0.17722271317736615,0.20319708228524422,0.3408176776103074,-0.038835575940139866,-0.05784625562222656,0.02017789537592063,0.003088056825819585,-0.0003461047881436301,-0.0013094636806855221,0.0009722541649338327,-0.003339919410152284,0.0020787569591446953,-0.001143580070916611,2024,1,20241,0.03699999798238607,0.0
11500,8097,312489676169,20814101,15013.364073182887,0.5188252259678445,0.020112627549976933,0.015807224659571087,0.016968768229425533,0.04944461119619152,0.16876677584215108,0.21007476655483928,0.3451803420817787,0.03699999798238607,0.0765224593541558,-0.03671308575901033,0.004597549697796244,0.001436790531671412,5.4499157097556705e-06,-0.0014316658576451827,-0.0030298712219122906,-0.008455937335215075,0.0068776842695950635,2024,2,20242,-0.020844583334257982,0.0
11500,8098,305975959073,20484056,14937.274096155566,0.5072138695738948,0.017264947141614022,0.01598805149535579,0.017413606402746192,0.04693503920866457,0.17658385736151702,0.2186006288162076,0.3392938308715274,-0.020844583334257982,-0.015856798235004188,-0.0050681497268979525,-0.011611356393949723,-0.002847680408362911,0.00018082683578470385,0.0004448381733206594,-0.002509571987526951,0.007817081519365943,0.008525862261368311,2024,3,20243,0.017312356565687637,0.0
11500,8099,311273123977,19722383,15782.733961560325,0.5246366382182955,0.017860786331205383,0.014502390403398768,0.01724643921200427,0.05079381103640756,0.17252518063515204,0.20243475416353646,0.34939514772831515,0.017312356565687637,-0.0371837003374722,0.056600679612778704,0.017422768644400732,0.0005958391895913608,-0.0014856610919570228,-0.00016716719074192157,0.003858771827742989,-0.004058676726364979,-0.016165874652671136,2024,4,20244,-0.08560118964838359,0.0
11500,8100,284627774259,17658560,16118.402307945835,0.5240455757359512,0.018328150517219057,0.013127383561661862,0.01636108864331166,0.0531231755135783,0.17784807729247584,0.19716654873580208,0.34872635828424015,-0.08560118964838359,-0.10464369341169366,0.021268073529151943,-0.0005910624823443067,0.0004673641860136746,-0.0013750068417369057,-0.0008853505686926104,0.002329364477170741,0.0053228966573238,-0.005268205427734374,2025,1,20251,0.05648883553215511,0.0
11500,8101,300706065787,19417925,15486.004080611085,0.5237669323822765,0.021033203641725246,0.01296188868953805,0.012789125107719256,0.05248650076842688,0.17617976440331035,0.20078258500700377,0.34921355598221,0.05648883553215511,0.09963241623326025,-0.0392345478945515,-0.000278643353674779,0.002705053124506189,-0.0001654948721238128,-0.0035719635355924047,-0.0006366747451514165,-0.0016683128891654964,0.003616036271201689,2025,2,20252,0.014482684410113578,0.0
11500,8102,305061096838,19779060,15423.437556587623,0.5134874797889584,0.02190346869941388,0.015021044487470027,0.012097422579450642,0.055335895284492516,0.1773110716727161,0.20484361748749846,0.34098331832167045,0.014482684410113578,0.018598022188261565,-0.004040198084526936,-0.010279452593318084,0.0008702650576886337,0.0020591557979319774,-0.0006917025282686135,0.002849394516065633,0.0011313072694057458,0.004061032480494692,2025,3,20253,-0.007704360976739433,0.0
11500,8103,302710796028,18445292,16411.276982115545,0.5329020703314419,0.02207995090925585,0.01576236010941167,0.007382102040368924,0.06016402226472097,0.16841842129834142,0.19329107304645934,0.3541210013495925,-0.007704360976739433,-0.06743333606349344,0.06404794144649029,0.019414590542483512,0.00017648220984196883,0.0007413156219416434,-0.004715320539081718,0.004828126980228456,-0.008892650374374672,-0.01155254444103912,2025,4,20254,,
11530,8084,202680512396,14773577,13719.122484419311,0.3769398384968152,0.049465527654734026,0.024281487799796612,0.012657337030941063,0.041892042025287325,0.3460156373099048,0.14874812968252094,0.28888804963472897,,,,,,,,,,,2021,1,20211,0.10903901450979436,0.0
11530,8085,224780595728,16640914,13507.707312711309,0.40301223826552773,0.04984642487360531,0.026726581494025535,0.01361192585192026,0.041256325355689155,0.31362088179223835,0.15192562236699367,0.28894466155781945,0.10903901450979436,0.12639708040916564,-0.015410254697274195,0.026072399768712506,0.00038089721887128725,0.0024450936942289232,0.0009545888209791971,-0.00063571666959817,-0.03239475551766646,0.0031774926844727325,2021,2,20212,-0.0317047496467342,0.0
11530,8086,217653983215,16773524,12976.043866214399,0.3475140517749426,0.04363930273960367,0.02265148845509494,0.01206600401337847,0.04131688658836475,0.36670254499849403,0.16610972143012154,0.28709936448603934,-0.0317047496467342,0.00796891324599125,-0.03936000641623272,-0.05549818649058513,-0.0062071221340016455,-0.004075093038930597,-0.0015459218385417903,6.056123267559471e-05,0.05308166320625568,0.01418409906312787,2021,3,20213,0.06522778646314054,0.0
11530,8087,231851070755,16176721,14332.389781278913,0.41948037565361385,0.050115816067454674,0.026359863502455706,0.014106877041151062,0.04442847474224079,0.294816310092568,0.15069228290051595,0.2909679371526145,0.06522778646314054,-0.03558006057641794,0.10452692122874363,0.07196632387867125,0.0064765133278510065,0.003708375047360768,0.002040873027772592,0.0031115881538760423,-0.07188623490592605,-0.015417438529605587,2021,4,20214,-0.12029646345033551,0.0
11530,8088,203960206896,14499074,14067.11952059835,0.39146009072599075,0.048696159305547285,0.024177593007220617,0.013114255553603564,0.05027354613946067,0.30656593261784076,0.16571242265033637,0.2803395657685869,-0.12029646345033551,-0.10370748188090773,-0.018508445885769942,-0.028020284927623096,-0.0014196567619073897,-0.002182270495235089,-0.000992621487547498,0.005845071397219875,0.011749622525272785,0.015020139749820416,2022,1,20221,0.16501184261967938,0.0
11530,8089,237616056457,16164897,14699.50946529384,0.4526404812482171,0.051187723171397186,0.02683495965330063,0.01704683442860274,0.043613149117620195,0.26227886958168584,0.14639798279917635,0.30063897946439033,0.16501184261967938,0.11489168204810873,0.04495518387893749,0.06118039052222635,0.002491563865849901,0.0026573666460800137,0.003932578874999176,-0.006660397021840472,-0.04428706303615493,-0.01931443985116002,2022,2,20222,0.00410435846609758,0.0
11530,8090,238591317930,16105437,14814.33368930008,0.444898495230002,0.05288888903619796,0.02560574497850086,0.018172539099985514,0.04140970302154364,0.26984151782039656,0.14718311081337343,0.2979098773472975,0.00410435846609758,-0.003678340789922796,0.007811432366320981,-0.007741986018215075,0.0017011658648007771,-0.001229214674799771,0.001125704671382774,-0.0022034460960765542,0.007562648238710723,0.000785128014197084,2022,3,20223,0.036096084596534794,0.0
11530,8091,247203530326,15711471,15733.95198489053,0.4748235672007091,0.052877676333189405,0.027533451933409264,0.01587000308946389,0.04133914739616962,0.2508003786525179,0.13675577539454076,0.31257531374048353,0.036096084596534794,-0.024461677134249737,0.062076250938957855,0.029925071970707096,-1.1212703008557645e-05,0.0019277069549084036,-0.002302536010521626,-7.055562537402332e-05,-0.01904113916787864,-0.010427335418832673,2022,4,20224,-0.031242875997016806,0.0
11530,8092,239480181082,14926766,16043.674904664547,0.4657539438255568,0.0525107189755052,0.026472177352451897,0.015942701449238917,0.0400758168030355,0.26696953038092325,0.13227511121328842,0.3110145639903926,-0.031242875997016806,-0.04994471873448392,0.01968500476367585,-0.009069623375152325,-0.0003669573576842028,-0.0010612745809573665,7.269835977502873e-05,-0.0012633305931341182,0.01616915172840533,-0.004480664181252342,2023,1,20231,0.019240711858415693,0.0
11530,8093,244087950242,15957412,15296.21158130153,0.47057100869224316,0.05267243861179247,0.02465248679844334,0.016041269239706477,0.03839403603786522,0.25726372009245924,0.14040504052749012,0.31244882651973066,0.019240711858415693,0.06904683841094572,-0.04658928380216054,0.004817064866686371,0.00016171963628727054,-0.0018196905540085566,9.856779046756026e-05,-0.001681780765170282,-0.009705810288464012,0.0081299293142017,2023,2,20232,-0.004345102086966923,0.0
11530,8094,243027363180,15914970,15270.362632163304,0.4618771435456102,0.052353376173432754,0.0244587260472288,0.012381897020259642,0.03722810112661652,0.2706836392134039,0.1410171168734482,0.3113643036828884,-0.004345102086966923,-0.0026597044683687177,-0.0016898922325201404,-0.00869386514663295,-0.0003190624383597185,-0.00019376075121453964,-0.003659372219446835,-0.001165934911248695,0.013419919120944646,0.0006120763459580847,2023,3,20233,0.017247534327628156,0.0
11530,8095,247218985969,14985326,16497.404592265793,0.48909542693117414,0.05031570600552413,0.02180795433193811,0.012018927435341017,0.038080537391171475,0.2620582263537146,0.12662322155113653,0.32852412996830505,0.017247534327628156,-0.05841317954102332,0.08035447419683561,0.027218283385563924,-0.002037670167908623,-0.002650771715290691,-0.00036296958491862513,0.0008524362645549524,-0.008625412859689263,-0.014393895322311667,2023,4,20234,-0.031365583628647054,1.0
11530,8096,239464818190,14303930,16741.190581189923,0.48039978114331616,0.049464911315705955,0.02293051043365879,0.010971076982655112,0.03711267239243717,0.2783821112465356,0.1207389364856912,0.32732874111080684,-0.031365583628647054,-0.04547088264879928,0.01477723284051713,-0.008695645787857975,-0.0008507946898181767,0.0011225561017206807,-0.0010478504526859056,-0.0009678649987343024,0.016323884892820995,-0.005884285065445333,2024,1,20241,0.02966976590842152,0.0
11530,8097,246569683289,15303985,16111.469221186508,0.49404693515471826,0.04667306472349841,0.0227596279848503,0.011334626446043218,0.0353574921284288,0.26432164566886773,0.12550660789359327,0.3337752167728009,0.02966976590842152,0.0699147017637809,-0.03761508818321191,0.013647154011402096,-0.0027918465922075475,-0.00017088244880849104,0.00036354946338810687,-0.0017551802640083727,-0.01406046557766788,0.004767671407902074,2024,2,20242,-0.002475545654510025,1.0
11530,8098,245959288781,15297144,16078.771879312897,0.48384860109090183,0.04604263151485747,0.023533601173135032,0.010309877937799142,0.0337334769917457,0.27521284811191504,0.12731896317964578,0.3299796942826687,-0.002475545654510025,-0.00044700775647654734,-0.002029445075723668,-0.010198334063816428,-0.0006304332086409375,0.0007739731882847323,-0.001024748508244076,-0.0016240151366831018,0.01089120244304731,0.0018123552860525027,2024,3,20243,0.011677057870976615,0.0
11530,8099,248831369630,14809314,16802.356248912,0.513508329343676,0.04807605443714006,0.022484012736493333,0.009143289181677604,0.03521489589929723,0.2548699478257178,0.11670347057599804,0.34640972112373586,0.011677057870976615,-0.03189026657525096,0.045002465053321394,0.02965972825277413,0.0020334229222825906,-0.001049588436641699,-0.0011665887561215383,0.0014814189075515322,-0.02034290028619723,-0.010615492603647733,2024,4,20244,-0.05789075516250053,1.0
11530,8100,234426333734,13690058,17123.837878115635,0.498365636910763,0.04797460639708355,0.021783537863090164,0.007934463493809392,0.03282754148572799,0.27838270232067786,0.11273151152884804,0.34249031926813195,-0.05789075516250053,-0.0755778424307838,0.019133127785244453,-0.015142692432912941,-0.0001014480400565107,-0.0007004748734031688,-0.0012088256878682122,-0.0023873544135692426,0.023512754494960042,-0.003971959047150003,2025,1,20251,0.03845382489848048,0.0
11530,8101,243440922923,14883708,16356.20121833887,0.49965077478971404,0.04566978780932643,0.022677165337341994,0.007939659465600012,0.031958521219790176,0.2738330440526844,0.118271047325543,0.3423078420158732,0.03845382489848048,0.08719101117029604,-0.04482854049662599,0.0012851378789510148,-0.002304818587757121,0.0008936274742518298,5.195971790619702e-06,-0.0008690202659378116,-0.004549658267993473,0.005539535796694958,2025,2,20252,0.04160879213477142,1.0
11530,8102,253570205682,15716086,16134.43739630847,0.48908416205856914,0.04388633210699783,0.026419465701744905,0.00777544798962932,0.032690006121600196,0.2776252073963485,0.12251937862511009,0.33504316390252237,0.04160879213477142,0.055925445460230705,-0.013558394095919635,-0.010566612731144898,-0.0017834557023286013,0.003742300364402911,-0.00016421147597069172,0.00073148490181002,0.0037921633436641122,0.0042483312995670874,2025,3,20253,-0.028294407076348782,0.0
11530,8103,246395587060,14413007,17095.363032849426,0.5031095281865313,0.04601636763583358,0.024452494469930787,0.007379984360503993,0.03365373462626494,0.2692243814571506,0.11616350926378478,0.3429973944071914,-0.028294407076348782,-0.08291371019476479,0.05955743066447505,0.01402536612796218,0.0021300355288357553,-0.001966971231814118,-0.0003954636291253269,0.0009637285046647445,-0.008400825939197887,-0.006355869361325303,2025,4,20254,,
11545,8084,152565652676,12944877,11785.793922646002,0.3977697513402797,0.052649414197168024,0.03261340145521969,0.016488343758094905,0.0311378222140776,0.25130591838664446,0.21803534864851562,0.2739918771796474,,,,,,,,,,,2021,1,20211,0.1028803520169328,0.0
11545,8085,168261660729,14558893,11557.311447305781,0.41471335255859215,0.05287766458771524,0.03388494569884711,0.016830889554579943,0.028598024607340972,0.2255001831766688,0.22759493981625575,0.2796823168449687,0.1028803520169328,0.1246837648592567,-0.019386260852669368,0.016943601218312454,0.00022825039054721885,0.0012715442436274232,0.0003425457964850373,-0.002539797606736626,-0.025805735209975644,0.009559591167740134,2021,2,20212,-0.048631510734813976,0.0
11545,8086,160078841969,14574464,10983.514863325334,0.37352809825785327,0.04675151069901728,0.029078202645302895,0.013798298643538084,0.030266685162166948,0.25453260363346775,0.2520446009586538,0.27197427827085113,-0.048631510734813976,0.0010695181288851163,-0.049647929503034205,-0.04118525430073888,-0.006126153888697965,-0.004806743053544216,-0.003032590911041858,0.0016686605548259757,0.029032420456798935,0.02444966114239802,2021,3,20213,0.09239079912174852,0.0
11545,8087,174868654101,14378934,12161.447719351101,0.41895728897007073,0.05194892448679315,0.03368302220475726,0.01677780571414155,0.032824551464121866,0.2201974275433038,0.22561097961681167,0.28010461388508023,0.09239079912174852,-0.013415930767676998,0.10724552847458346,0.04542919071221746,0.00519741378777587,0.004604819559454364,0.002979507070603467,0.0025578663019549183,-0.034335176090163955,-0.0264336213418421,2021,4,20214,-0.10951177236681486,0.0
11545,8088,155718477859,12876463,12093.26488640553,0.3955332520895188,0.048564563775453824,0.028347478569608127,0.01487840604310206,0.03382654796927532,0.23973187313584066,0.2391178784172012,0.27562298299432864,-0.10951177236681486,-0.10449112569819152,-0.005606473383681143,-0.023424036880551946,-0.0033843607113393237,-0.005335543635149133,-0.0018993996710394909,0.0010019965051534518,0.019534445592536864,0.013506898800389522,2022,1,20221,0.16304235752284302,0.0
11545,8089,181107185599,14586043,12416.471389738806,0.4506499296428283,0.05116605968643116,0.028753163579771035,0.014853512819509319,0.028752260302524143,0.20597833587672945,0.2198467380922066,0.29833705158268004,0.16304235752284302,0.13276782607149173,0.02672615760666952,0.05511667755330951,0.0026014959109773375,0.0004056850101629081,-2.4893223592741334e-05,-0.005074287666751175,-0.033753537259111205,-0.019271140324994607,2022,2,20222,0.011443599750861733,1.0
11545,8090,183179703743,14873998,12315.431516328024,0.43800979802090145,0.05007176108805396,0.028912004221987305,0.015579283270399192,0.0278969970012045,0.20512220151702182,0.23440795488043176,0.29323883178422305,0.011443599750861733,0.019741817571770515,-0.008137567448855298,-0.012640131621926842,-0.0010942985983772024,0.00015884064221627012,0.0007257704508898729,-0.0008552633013196413,-0.0008561343597076332,0.014561216788225168,2022,3,20223,0.02975657585759306,0.0
11545,8091,188630504493,14252264,13235.125625865476,0.4694215243340239,0.052960760831611546,0.028084775499270288,0.0175009242692372,0.02808971203380643,0.18432403518430004,0.21961826784775063,0.30725301210227535,0.02975657585759306,-0.04180005940568232,0.07467818795615111,0.031411726313122446,0.0028889997435575868,-0.0008272287227170175,0.0019216409988380076,0.00019271503260192765,-0.020798166332721774,-0.014789687032681131,2022,4,20224,-0.05992882346036188,0.0
11545,8092,177326100290,13149844,13485.034521322079,0.4719969129593494,0.0514379107987093,0.029260148193156886,0.018868642797242444,0.027022805938682382,0.18409444399675293,0.2173191353161066,0.30848772938960056,-0.05992882346036188,-0.0773505177844025,0.018882245814743515,0.0025753886253255254,-0.0015228500329022426,0.0011753726938865984,0.001367718528005244,-0.001066906095124047,-0.00022959118754711794,-0.002299132531644016,2023,1,20231,0.02062828053522736,0.0
11545,8093,180984032833,14034381,12895.761689311414,0.46510238930675224,0.05015918070173949,0.029153520221690706,0.016499823195759322,0.025455621586524646,0.18611924606676167,0.22751021892077192,0.307007609994521,0.02062828053522736,0.06726596908678162,-0.04369828131169606,-0.006894523652597184,-0.0012787300969698129,-0.00010662797146617983,-0.0023688196014831214,-0.0015671843521577362,0.002024802070008741,0.010191083604665307,2023,2,20232,0.0048702325127947255,0.0
11545,8094,181865467154,14064586,12930.73732522237,0.46573134505671365,0.04952151064706357,0.026790790303660113,0.014845230643560465,0.025222392341893867,0.18789742077347646,0.22999131023363187,0.3091338056948141,0.0048702325127947255,0.002152214622076931,0.0027121806957666195,0.0006289557499614129,-0.0006376700546759234,-0.0023627299180305934,-0.0016545925521988577,-0.0002332292446307789,0.0017781747067147913,0.002481091312859951,2023,3,20233,-0.012680379327028701,0.0
11545,8095,179559344044,13225640,13576.609074797136,0.4891941962846303,0.05028915475870349,0.026395874919428207,0.01272475067318196,0.0272365940577372,0.17933125701945885,0.21482817228686,0.3217512976655249,-0.012680379327028701,-0.059649533942911614,0.04994856312756002,0.023462851227916637,0.0007676441116399244,-0.00039491538423190586,-0.0021204799703785047,0.0020142017158433327,-0.008566163754017614,-0.015163137946771876,2023,4,20234,-0.04028974643183847,0.0
11545,8096,172324943603,12581701,13696.47423690962,0.4891274197958456,0.05204140834457743,0.024290303640796485,0.013743475358135963,0.026700804490615238,0.18484418422548937,0.20925240414453988,0.3213997169872128,-0.04028974643183847,-0.04868868349660205,0.008828799698961332,-6.677648878467002e-05,0.0017522535858739419,-0.0021055712786317224,0.0010187246849540036,-0.0005357895671219623,0.005512927206030527,-0.005575768142320109,2024,1,20241,0.0435267393458727,0.0
11545,8097,179825686506,13717341,13109.369119423363,0.48195530975552964,0.05211657303300383,0.024577022492571092,0.0144639043094281,0.02606485950405984,0.1852348551711971,0.2155874757342104,0.3172795805134351,0.0435267393458727,0.09026124527995072,-0.042865419766505375,-0.007172110040315982,7.516468842639484e-05,0.0002867188517746075,0.0007204289512921375,-0.0006359449865553958,0.0003906709457077162,0.0063350715896705045,2024,2,20242,0.0073485399648727245,1.0
11545,8098,181147142750,13923640,13010.042111832825,0.4720529424469766,0.052481093505958705,0.026370021980377054,0.014670535569350017,0.026692560261207875,0.1924416223285973,0.2152912239075325,0.31059543019093094,0.0073485399648727245,0.01503928494596729,-0.007576795396154634,-0.00990236730855304,0.0003645204729548768,0.0017929994878059623,0.0002066312599219161,0.0006277007571480336,0.007206767157400207,-0.0002962518266778902,2024,3,20243,0.018407021454386108,0.0
11545,8099,184481522093,13486407,13679.071237654329,0.48687643160663263,0.056845563653325465,0.02584201216963449,0.014769014723471773,0.029191262506416293,0.18038394407448727,0.2060917712660321,0.3170303264201067,0.018407021454386108,-0.031402205170486974,0.05142405536205086,0.014823489159656034,0.00436447014736676,-0.0005280098107425628,9.847915412175556e-05,0.002498702245208418,-0.012057678254110027,-0.009199452641500405,2024,4,20244,-0.07361113081641946,0.0
11545,8100,170901628637,12105480,14117.707735422304,0.49531272980316954,0.055517508678357044,0.023103117995361133,0.014279333447333016,0.03052370432981715,0.18449337051065262,0.1967702352353095,0.3228425732626809,-0.07361113081641946,-0.10239398825795487,0.03206624851550899,0.008436298196536907,-0.0013280549749684206,-0.0027388941742733583,-0.0004896812761387564,0.001332441823400858,0.004109426436165353,-0.009321536030722583,2025,1,20251,0.061534594994042235,0.0
11545,8101,181417991139,13242683,13699.48907929005,0.49799964647264805,0.05353344279156333,0.024125048753552883,0.012260850409790624,0.028902286135351275,0.18101033974540906,0.20216838569168477,0.32607396522591253,0.061534594994042235,0.09394117374940936,-0.029623694155596847,0.002686916669478512,-0.001984065886793715,0.0010219307581917497,-0.0020184830375423925,-0.001621418194465877,-0.003483030765243561,0.005398150456375261,2025,2,20252,0.021916746437532497,1.0
11545,8102,185394083250,13891260,13346.095548567948,0.49204289000954404,0.05019625995534569,0.026742844518475212,0.012909164473025328,0.02682096006966285,0.18263911331701035,0.20864876765693655,0.3231184142398203,0.021916746437532497,0.04897625352808044,-0.02579611025467643,-0.005956756463104007,-0.003337182836217638,0.0026177957649223295,0.0006483140632347045,-0.002081326065688425,0.001628773571601294,0.006480381965251775,2025,3,20253,-0.019365723808772106,0.0
11545,8103,181803792638,12730928,14280.482352739722,0.5071965938114678,0.05186744057521404,0.026246811916082222,0.013585701470584962,0.027986001024362196,0.17782320435620394,0.19529424684608487,0.3313562336980079,-0.019365723808772106,-0.08352964381920713,0.07001199719958806,0.015153703801923712,0.0016711806198683454,-0.0004960326023929901,0.000676536997559634,0.0011650409546993465,-0.004815908960806414,-0.013354520810851672,2025,4,20254,,
11560,8084,350219481412,20688628,16928.115359413878,0.47503958197369295,0.07685924464131677,0.06360850430474282,0.04457535601691716,0.04601890423976789,0.1646309379065411,0.12926747091702132,0.28353411641319537,,,,,,,,,,,2021,1,20211,0.14806315638391898,0.0
11560,8085,402074083257,24006355,16748.651898924265,0.4873923325387281,0.07958350677764783,0.06188401280292371,0.0416240629448942,0.042503171762694004,0.1532745090725195,0.13373840410059265,0.29263256949788735,0.14806315638391898,0.1603647665761112,-0.010601502688237008,0.012352750565035153,0.0027242621363310626,-0.0017244915018191156,-0.0029512930720229577,-0.003515732477073888,-0.011356428834021604,0.004470933183571335,2021,2,20212,-0.1105947913623101,0.0
11560,8086,357606783907,23243053,15385.534073643425,0.4483220131492079,0.07567328205674537,0.05657519446907778,0.037855900651819284,0.04761170174396884,0.18135251183843812,0.1526093960907427,0.2697981304030213,-0.1105947913623101,-0.03179583072898817,-0.08138671897338745,-0.039070319389520214,-0.0039102247209024665,-0.00530881833384593,-0.003768162293074917,0.005108529981274833,0.028078002765918625,0.01887099199015005,2021,3,20213,0.2011631605671893,0.0
11560,8087,429544094798,23279944,18451.251205673005,0.5120985978574422,0.07932543284531414,0.06346429600858508,0.041958518394894055,0.0390661688804996,0.14078087651382507,0.12330610949943994,0.31087554974030307,0.2011631605671893,0.0015871839211483163,0.1992597148305293,0.06377658470823427,0.0036521507885687726,0.006889101539507302,0.004102617743074771,-0.008545532863469235,-0.04057163532461305,-0.029303286591302755,2021,4,20214,-0.14199364236326595,0.0
11560,8088,368551564222,20092891,18342.386081823664,0.4869575947340042,0.08073065259350737,0.060704880949911035,0.03985240290868164,0.03964478939559962,0.15925560850325207,0.13285407091504406,0.2935026962507011,-0.14199364236326595,-0.13690123137753252,-0.005900148593493193,-0.025141003123437977,0.0014052197481932288,-0.002759415058674046,-0.0021061154862124162,0.0005786205151000201,0.018474731989427007,0.009547961415604114,2022,1,20221,0.23282672805130855,0.0
11560,8089,454360219038,23647810,19213.627775172416,0.5219796817977252,0.08539708030151053,0.05949788395039725,0.04371532549450333,0.03603750013297395,0.12844875747610057,0.12492377084678907,0.31861021064691175,0.23282672805130855,0.17692421662965274,0.04749881991700655,0.035022087063721064,0.004666427708003157,-0.001206996999513786,0.0038629225858216945,-0.003607289262625671,-0.0308068510271515,-0.007930300068254986,2022,2,20222,-0.0008477160738576961,0.0
11560,8090,453975050577,24746507,18345.01534204403,0.500846943447688,0.0878226530584144,0.058871551355148516,0.04048812246320223,0.03491111112352163,0.1464792329567043,0.13058038559532098,0.3033918152403534,-0.0008477160738576961,0.04646083506252796,-0.04520814305827214,-0.02113273835003726,0.0024255727569038738,-0.0006263325952487325,-0.0032272030313011055,-0.0011263890094523193,0.01803047548060374,0.005656614748531907,2022,3,20223,0.08898205734138331,1.0
11560,8091,494370684559,25387698,19472.844074283537,0.5154175228701093,0.08568720147876094,0.05900576780563262,0.0381735799905582,0.03184396626803061,0.15742120666281567,0.11245075492409261,0.316377069000304,0.08898205734138331,0.025910363834378725,0.06147875655653956,0.014570579422421348,-0.0021354515796534607,0.0001342164504841009,-0.002314542472644031,-0.003067144855491019,0.010941973706111358,-0.018129630671228372,2022,4,20224,-0.025017077175667368,1.0
11560,8092,482002974990,24460206,19705.597532171232,0.525418955595148,0.084730397916833,0.05950992151987257,0.037294091463590945,0.027230802949447165,0.15375383313046467,0.11206199742464373,0.3251162483456203,-0.025017077175667368,-0.036533127186245906,0.01195272026006089,0.010001432725038617,-0.0009568035619279408,0.0005041537142399521,-0.0008794885269672523,-0.004613163318583448,-0.003667373532350998,-0.0003887574994488746,2023,1,20231,0.014535185736447742,0.0
11560,8093,489008977757,26602561,18382.026367950064,0.5137794720710597,0.08272098158717486,0.05772141803913119,0.03536009279484538,0.027303977806793694,0.15290595693144135,0.13020810076955391,0.3164740933544788,0.014535185736447742,0.087585321235643,-0.0671672686941015,-0.011639483524088279,-0.002009416329658134,-0.001788503480741381,-0.0019339986687455651,7.317485734652934e-05,-0.000847876199023323,0.01814610334491018,2023,2,20232,0.0013200061090099524,0.0
11560,8094,489654472595,26701705,18337.947805018444,0.5096176597173557,0.08231152327354756,0.05647152405135073,0.03668020609270628,0.02730140244436625,0.16005840560926246,0.12755927881141096,0.3136552458995877,0.0013200061090099524,0.003726859229831403,-0.0023979164238645545,-0.004161812353703942,-0.0004094583136273061,-0.0012498939877804566,0.0013201132978609004,-2.5753624274434117e-06,0.0071524486778211105,-0.0026488219581429495,2023,3,20233,0.027583825080612412,0.0
11560,8095,503161015917,25171026,19989.690365303344,0.5394587183951769,0.0807459841219136,0.05457074393364642,0.037611456131016616,0.02695323704338239,0.1479318169579305,0.11272804341693361,0.3372461217583516,0.027583825080612412,-0.05732514084774731,0.09007237766446674,0.029841058677821164,-0.00156553915163396,-0.0019007801177043093,0.0009312500383103356,-0.00034816540098386167,-0.012126588651331954,-0.014831235394477352,2023,4,20234,-0.048767455786057345,0.0
11560,8096,478623133320,23935918,19996.021599004474,0.5415255514377986,0.08102581456728658,0.053421753502886034,0.03872159716862053,0.025051151867295205,0.150240657985336,0.11001347347077703,0.3394711311877665,-0.048767455786057345,-0.0490686394746086,0.00031672495098367115,0.002066833042621674,0.0002798304453729833,-0.0011489904307603882,0.001110141037603915,-0.0019020851760871843,0.0023088410274055005,-0.0027145699461565836,2024,1,20241,0.03472025973907433,0.0
11560,8097,495241052826,26179946,18916.80956202125,0.5370150387602067,0.07636779301955,0.05250596619084411,0.03741519310700247,0.027488866311297225,0.14649590429348006,0.12271123831761935,0.33564870058145985,0.03472025973907433,0.09375149096015445,-0.05397133783036889,-0.004510512677591838,-0.004658021547736577,-0.0009157873120419213,-0.001306404061618062,0.0024377144440020197,-0.003744753691855951,0.012697764846842319,2024,2,20242,-0.023759548227788252,0.0
11560,8098,483474349147,25758440,18769.5508403071,0.5325479100644396,0.07746653417927746,0.051985289675333245,0.03826363417136582,0.026533308568764635,0.15275687824452655,0.12044644509629274,0.3323209429253327,-0.023759548227788252,-0.01610033878603112,-0.0077845432249737945,-0.004467128695767153,0.0010987411597274538,-0.0005206765155108678,0.0008484410643633533,-0.0009555577425325902,0.006260973951046495,-0.002264793221326611,2024,3,20243,0.04892672793858566,0.0
11560,8099,507129167093,25113452,20193.5268434224,0.5588241441376796,0.07544342716533944,0.05334076661388184,0.03698623285171898,0.027557744604023396,0.14028918789432024,0.10755849673303658,0.3541986693243593,0.04892672793858566,-0.025039870426935784,0.07586628019128461,0.02627623407323998,-0.0020231070139380136,0.0013554769385485943,-0.0012774013196468412,0.0010244360352587613,-0.012467690350206312,-0.012887948363256158,2024,4,20244,-0.08832747255648488,0.0
11560,8100,462335729504,22848549,20234.79606971979,0.5505816718579992,0.07788376096874526,0.05220845001725346,0.037297162889615716,0.027542785191318052,0.15117911425098995,0.10330705482407838,0.3476089353996389,-0.08832747255648488,-0.09018684488297346,0.002043685910707138,-0.008242472279680335,0.002440333803405817,-0.00113231659662838,0.0003109300378967353,-1.495941270534401e-05,0.010889926356669716,-0.004251441908958195,2025,1,20251,0.043380885914910516,0.0
11560,8101,482392263040,24926166,19352.846444174367,0.548133539716566,0.075153641603895,0.051220938883406515,0.03615516643879878,0.02639838699888946,0.14878539262361384,0.1141529337348304,0.3458940880234284,0.043380885914910516,0.0909299316993828,-0.04358579263693241,-0.0024481321414332458,-0.002730119364850264,-0.0009875111338469439,-0.0011419964508169386,-0.0011443981924285918,-0.002393721627376111,0.010845878910752019,2025,2,20252,-0.00022402889366213152,0.0
11560,8102,482284193235,25401115,18986.73319005878,0.5343269572084715,0.0758920996176322,0.0556866474533484,0.03814039468848403,0.0291220893116775,0.15188832817563697,0.11494348354474948,0.3329507651268926,-0.00022402889366213152,0.019054234012563454,-0.018917798741993064,-0.013806582508094523,0.0007384580137372032,0.004465708569941884,0.0019852282496852502,0.00272370231278804,0.0031029355520231228,0.0007905498099190778,2025,3,20253,0.025860806889274723,0.0
11560,8103,494756451622,23648905,20920.903171711332,0.550284881572414,0.07932100618666281,0.05649886967084276,0.03733826029845057,0.02951339746683296,0.14387664681002557,0.10316693799477142,0.34590648808837704,0.025860806889274723,-0.06898161753923004,0.10186955082221605,0.0159579243639425,0.0034289065690306098,0.0008122222174943641,-0.0008021343900334599,0.00039130815515546133,-0.008011681365611395,-0.011776545549978062,2025,4,20254,,
11590,8084,168510524225,13502791,12479.680995210545,0.4069812228963766,0.03503913595993681,0.034724707735090427,0.017062822101015274,0.08012542487240606,0.24827368193418248,0.1777930045009923,0.2680286593660165,,,,,,,,,,,2021,1,20211,0.12673864880678787,0.0
11590,8085,189867320375,15198823,12492.238403921147,0.44232244344697697,0.03470720140245725,0.038107962432447635,0.018453978773597047,0.07003692682203631,0.21863811540611996,0.1777333717163648,0.28294344798810667,0.12673864880678787,0.12560603211587895,0.0010062283415273043,0.03534122055060035,-0.0003319345574795615,0.003383254697357209,0.0013911566725817726,-0.010088498050369751,-0.029635566528062512,-5.9632784627505764e-05,2021,2,20212,-0.05181815215260943,0.0
11590,8086,180028746679,15131293,11897.776791381939,0.39607375040575976,0.03241890322330838,0.0381180111709375,0.017393497687251652,0.06985849927858787,0.25346297901724335,0.19267435921691145,0.2659280179375099,-0.05181815215260943,-0.004443107206393515,-0.047586476764053254,-0.046248693041217204,-0.0022882981791488705,1.0048738489865094e-05,-0.0010604810863453946,-0.0001784275434484478,0.034824863611123386,0.014940987500546649,2021,3,20213,0.12209642181308378,0.0
11590,8087,202009612472,14902268,13555.628745369497,0.46687135151587106,0.037257322044727974,0.03985572764818783,0.017424723219484874,0.07013410545482708,0.20125326676043742,0.16720350335646378,0.2946277485822144,0.12209642181308378,-0.015135851245494991,0.13934132258964627,0.0707976011101113,0.004838418821419596,0.0017377164772503298,3.122553223322208e-05,0.00027560617623921535,-0.05220971225680593,-0.025470855860447672,2021,4,20214,-0.13598909315668184,0.0
11590,8088,174538508463,13222932,13199.682828513374,0.44887262758755775,0.03946751217631895,0.03846521716107831,0.020908509051305518,0.0713164034264605,0.19969501122091182,0.1812747193763671,0.2827857097859301,-0.13598909315668184,-0.1126899610180142,-0.026258163567492998,-0.01799872392831331,0.002210190131590975,-0.001390510487109517,0.0034837858318206433,0.0011822979716334253,-0.0015582555395255993,0.014071216019903326,2022,1,20221,0.236264065054399,0.0
11590,8089,215775685981,15072543,14315.811603987462,0.51000450783732,0.03999023103909777,0.04440380290503941,0.02055732010227783,0.05151541158339217,0.1694235154660523,0.16410521106682058,0.3223868032379322,0.236264065054399,0.13987903741772256,0.08455724201668513,0.06113188024976224,0.000522718862778819,0.005938585743961097,-0.0003511889490276886,-0.019800991843068334,-0.030271495754859518,-0.017169508309546527,2022,2,20222,-0.03679457493973204,0.0
11590,8090,207836311333,14853710,13992.215502591609,0.49525352578106807,0.04071913200210972,0.04571432280559065,0.017606578496945174,0.04967402486016291,0.17703550232878787,0.17399691372533566,0.31341789724208335,-0.03679457493973204,-0.014518651563973028,-0.0226041044928057,-0.014750982056251916,0.0007289009630119525,0.0013105199005512408,-0.0029507416053326553,-0.0018413867232292616,0.007611986862735565,0.009891702658515078,2022,3,20223,0.08128523408468324,0.0
11590,8091,224730334551,14602829,15389.506687437071,0.531299642958987,0.03942095501570809,0.046080640771928756,0.018272138882381814,0.051481161780473655,0.15536683438290477,0.15807862620761592,0.33806863412410565,0.08128523408468324,-0.01689012374686194,0.09986204004552812,0.036046117177918946,-0.001298176986401632,0.0003663179663381047,0.00066556038543664,0.0018071369203107451,-0.021668667945883097,-0.01591828751771973,2022,4,20224,-0.08327985112642966,0.0
11590,8092,206014825746,13405569,15367.853893109646,0.5174354285474027,0.03825012515708715,0.046948096837092765,0.0188277872233441,0.04710966634491566,0.176334226206559,0.1550946696835986,0.32912854071817943,-0.08327985112642966,-0.08198822296693331,-0.001406984302173897,-0.013864214411584364,-0.0011708298586209365,0.0008674560651640087,0.000555648340962285,-0.0043714954355579955,0.02096739182365423,-0.0029839565240173116,2023,1,20231,0.06437761102374218,0.0
11590,8093,219277568063,15119209,14503.243394743733,0.5142806662448952,0.03504543182817559,0.045849570139848854,0.019676084946182944,0.05369856366528559,0.166139360395192,0.1653103227804198,0.32601544299613977,0.06437761102374218,0.12783045613356658,-0.056260978558207886,-0.003154762302507441,-0.0032046933289115592,-0.0010985266972439109,0.0008482977228388457,0.006588897320369928,-0.010194865811366999,0.010215653096821181,2023,2,20232,-0.019319993861765417,0.0
11590,8094,215041126794,14626459,14702.200087799789,0.5102897449106082,0.03461884234419717,0.04536795032396662,0.017839586604635655,0.04830009422313816,0.17070145364874553,0.17288232794470873,0.3253307744683488,-0.019319993861765417,-0.03259099070592908,0.013718082751625227,-0.003990921334287023,-0.00042658948397842483,-0.0004816198158822324,-0.0018364983415472894,-0.005398469442147426,0.004562093253553529,0.007572005164288936,2023,3,20233,0.08960638985331815,1.0
11590,8095,234310185836,14438337,16228.336119041964,0.5571373244881915,0.03140115221089786,0.04163630792742555,0.01788136151252316,0.04826229027838771,0.15052527222476852,0.15315629135780565,0.3618853117491344,0.08960638985331815,-0.012861759637107006,0.10380324183647827,0.04684757957758334,-0.0032176901332993044,-0.003731642396541071,4.1774907887506124e-05,-3.78039447504544e-05,-0.020176181423977008,-0.019726036586903084,2023,4,20234,-0.08740624551138643,0.0
11590,8096,213830012207,13335118,16035.104616772045,0.537204265100068,0.03307319816337965,0.04361329834734353,0.01745342313494862,0.04967428870890875,0.16478606866883252,0.15419545787651895,0.34528722326613487,-0.08740624551138643,-0.07640900749165225,-0.01190704338710269,-0.01993305938812351,0.001672045952481785,0.0019769904199179802,-0.0004279383775745403,0.00141199843052104,0.014260796444064,0.0010391665187133026,2024,1,20241,0.02570198665882173,0.0
11590,8097,219325868328,14478001,15148.905455110826,0.5404140764587978,0.030791351081763126,0.0408103685134587,0.01785815028048824,0.04777417292305015,0.16516509642093768,0.15718678432150435,0.34924944688545473,0.02570198665882173,0.08570475341875494,-0.05526619144937117,0.003209811358729775,-0.0022818470816165226,-0.002802929833884832,0.0004047271455396191,-0.0019001157858586012,0.00037902775210515993,0.0029913264449853982,2024,2,20242,-0.07238473913281307,0.0
11590,8098,203450022564,13310456,15284.977656963818,0.550842166890132,0.031030396283264382,0.030658315203862255,0.017547373782556195,0.04527097007375685,0.16371431595453514,0.16093646181189322,0.36039020365592783,-0.07238473913281307,-0.0806426936978385,0.008982312435456219,0.010428090431334192,0.00023904520150125688,-0.010152053309596443,-0.000310776497932045,-0.0025032028492932984,-0.0014507804664025403,0.003749677490388875,2024,3,20243,0.1158046240107371,1.0
11590,8099,227010475932,13479308,16841.404316304666,0.597352430143444,0.030092418193274413,0.02966023224856326,0.01648444735264527,0.04662677162603994,0.13871649535871078,0.14106720507732237,0.4002032240777553,0.1158046240107371,0.012685666065835655,0.10182721193784294,0.04651026325331198,-0.0009379780899899694,-0.000998082955298997,-0.001062926429910925,0.001355801552283091,-0.024997820595824366,-0.01986925673457085,2024,4,20244,-0.12276063028187179,0.0
11590,8100,199142526826,11877315,16766.62838579258,0.5867545071379721,0.030375356853261745,0.0307437832470079,0.0160854004569243,0.04776608749326205,0.14637845423880683,0.14189641057276517,0.3902502765800773,-0.12276063028187179,-0.11884831179760857,-0.00444000566150482,-0.01059792300547191,0.0002829386599873321,0.001083550998444642,-0.00039904689572096974,0.0011393158672221085,0.007661958880096048,0.0008292054954427974,2025,1,20251,0.0634399083327819,0.0
11590,8101,211776110473,13355124,15857.292711995786,0.5774796031660613,0.027789508749856452,0.03305805079413132,0.01622991697846962,0.0514004238801421,0.14508391424025735,0.14895858219108185,0.38149119875153525,0.0634399083327819,0.12442281778331221,-0.05423485586209642,-0.009274903971910775,-0.002585848103405293,0.0023142675471234213,0.00014451652154531813,0.0036343363868800507,-0.0012945399985494765,0.007062171618316682,2025,2,20252,-0.003550983330085633,0.0
11590,8102,211024097035,13066921,16149.48900624715,0.5731014687528384,0.027875435737674828,0.034918464438579516,0.01559035762846713,0.048926680777539665,0.14929471569673242,0.150292876968168,0.37795537290820197,-0.003550983330085633,-0.021579956876476736,0.018426619193976368,-0.004378134413222878,8.592698781837577e-05,0.0018604136444481945,-0.0006395593500024884,-0.002473743102602434,0.004210801456475066,0.001334294777086159,2025,3,20253,0.06411093021644887,1.0
11590,8103,224553048194,12746560,17616.756850005022,0.6121752499045927,0.026989361007311127,0.0325294954699937,0.015117785210678369,0.04788950144960596,0.13125220923092112,0.13404639772689703,0.4142626612291888,0.06411093021644887,-0.024516946264540818,0.09085537277311295,0.039073781151754305,-0.0008860747303637007,-0.002388968968585814,-0.00047257241778876115,-0.0010371793279337072,-0.018042506465811292,-0.016246479241270984,2025,4,20254,,
11620,8084,225160507481,17922284,12563.159220164127,0.38255523265450336,0.023065864964966164,0.03140603585021105,0.021007418285372007,0.04546504986832043,0.2913508416636326,0.20514955671299437,0.2773469151859387,,,,,,,,,,,2021,1,20211,0.08484140416858854,0.0
11620,8085,244263441099,19641227,12436.261802737681,0.4137496657186565,0.023443414991763348,0.033505376601498736,0.02171200375356422,0.04192163972606018,0.2579606524844702,0.20770724672398674,0.28477582340617336,0.08484140416858854,0.0959109341197808,-0.010100756919706355,0.03119443306415315,0.00037755002679718333,0.002099340751287683,0.0007045854681922113,-0.003543410142260249,-0.03339018917916242,0.002557690010992375,2021,2,20212,-0.011184804892242162,1.0
11620,8086,241531402168,20107279,12012.137602904899,0.37238201506170954,0.02158187904434159,0.030080981395315193,0.020516265233094896,0.041968212509896914,0.2896781114007448,0.22379253535489707,0.27621776319187485,-0.011184804892242162,0.023728252822494245,-0.034103833335143885,-0.041367650656946975,-0.0018615359474217566,-0.0034243952061835427,-0.0011957385204693222,4.65727838367333e-05,0.03171745891627459,0.016085288630910327,2021,3,20213,0.05914326770257361,0.0
11620,8087,255816358545,19276616,13270.812602429804,0.4241346169616199,0.023217796093189243,0.03443353750362486,0.025316460131148178,0.0437715827310171,0.2455794370630482,0.2035465695163525,0.2859122483440477,0.05914326770257361,-0.04131155687450305,0.10478359815163274,0.05175260189991038,0.0016359170488476522,0.004352556108309664,0.004800194898053282,0.0018033702211201832,-0.0440986743376966,-0.020245965838544572,2021,4,20214,-0.09963623432047397,1.0
11620,8088,230327779902,17541581,13130.388868711434,0.3855696860959882,0.02257774229062868,0.03239174312006303,0.022407656363448433,0.06203353307655415,0.25800183235944957,0.21701780669386794,0.2682348985181699,-0.09963623432047397,-0.09000723985994219,-0.010581396778420293,-0.03856493086563173,-0.0006400538025605647,-0.0020417943835618277,-0.0029088037676997455,0.01826195034553705,0.012422395296401378,0.013471237177515444,2022,1,20221,0.17427245529427116,0.0
11620,8089,270467567628,19450797,13905.217746501596,0.45617416953923584,0.02232914647018397,0.03505873205116352,0.02402260392616245,0.05110374385445945,0.21331277955792596,0.19799882460086882,0.2977171330313231,0.17427245529427116,0.10883944839407578,0.05901035266644006,0.07060448344324766,-0.00024859582044470946,0.0026669889311004905,0.0016149475627140163,-0.010929789222094699,-0.044689052801523604,-0.019018982092999126,2022,2,20222,0.0009939367975155822,0.0
11620,8090,270736395296,19372097,13975.585363628936,0.4497918216531679,0.021103596240739392,0.03221242487351995,0.026468432104096475,0.049856468012889385,0.21268589650846528,0.20788136060712162,0.2954318808788467,0.0009939367975155822,-0.004046106696810381,0.0050605188937111745,-0.006382347886067952,-0.0012255502294445768,-0.0028463071776435728,0.0024458281779340257,-0.0012472758415700627,-0.0006268830494606803,0.009882536006252801,2022,3,20223,0.022706520917805895,0.0
11620,8091,276883876919,18605844,14881.554253545284,0.4765599614621163,0.023263766741045615,0.03304536595562289,0.02668796275617639,0.04562005531183466,0.20086961348157675,0.19395327429162737,0.3095025069543078,0.022706520917805895,-0.039554468470811344,0.0648251122471124,0.026768139808948432,0.002160170500306223,0.0008329410821029393,0.00021953065207991687,-0.004236412701054723,-0.01181628302688853,-0.013928086315494248,2022,4,20224,-0.04958026013560912,0.0
11620,8092,263155902274,17485061,15050.32794989963,0.467860441643472,0.023434010610102453,0.03118515673441087,0.027260008147302575,0.04569254605766069,0.21274339694159058,0.19182443986546083,0.3053023451900162,-0.04958026013560912,-0.060238224076263336,0.011341133693353322,-0.008699519818644308,0.0001702438690568374,-0.0018602092212120155,0.0005720453911261837,7.249074582602738e-05,0.011873783460013831,-0.0021288344261665426,2023,1,20231,0.037077673883372464,0.0
11620,8093,272913110999,18702378,14592.428353175195,0.4784352097451208,0.022579309057169407,0.03276435446163949,0.025671104016786028,0.04528560282340296,0.20401427964816252,0.1912501402477188,0.31139181189429527,0.037077673883372464,0.06962040338320818,-0.03042455940154376,0.010574768101648813,-0.000854701552933046,0.001579197727228622,-0.0015889041305165476,-0.00040694323425773116,-0.008729117293428068,-0.0005742996177420245,2023,2,20232,-0.024116305394445203,0.0
11620,8094,266331455068,18546602,14360.121334786825,0.46851061402094346,0.023130880133655638,0.029167235353468213,0.023893371398339903,0.04476508835937525,0.2120172605356841,0.19851555019853342,0.3078225094524879,-0.024116305394445203,-0.008329208189461257,-0.015919695664486255,-0.009924595724177365,0.0005515710764862312,-0.0035971191081712803,-0.0017777326184461248,-0.0005205144640277048,0.008002980887521577,0.007265409950814622,2023,3,20233,-0.0035114116346536273,0.0
11620,8095,265396255698,17493533,15171.106699715832,0.49206470195119684,0.023751929937448263,0.02941322724568803,0.023538694766322123,0.04448639046526297,0.2020842236637635,0.18466083197031827,0.3210277284247661,-0.0035114116346536273,-0.05677961925316566,0.05647482678049709,0.023554087930253376,0.0006210498037926247,0.00024599189221981635,-0.0003546766320177801,-0.00027869789411228557,-0.009933036871920597,-0.013854718228215157,2023,4,20234,-0.051813152848876554,0.0
11620,8096,251645238936,16284538,15453.016778001316,0.4907610171134957,0.024444917841519247,0.03080889349538526,0.02271123754681295,0.03717711551609898,0.20816184950879343,0.18593496897789447,0.3221942243536987,-0.051813152848876554,-0.06911096803601646,0.018582037808142493,-0.0013036848377011578,0.0006929879040709838,0.001395666249697232,-0.0008274572195091714,-0.007309274949163988,0.006077625845029938,0.0012741370075761982,2024,1,20241,0.047354722030050755,0.0
11620,8097,263561829276,17680162,14907.206691658143,0.49613648096616575,0.02310027212864851,0.0309045938001528,0.02284633270887801,0.0342889661595733,0.2068851436180453,0.1858382106185363,0.32667511553015643,0.047354722030050755,0.08570240064532375,-0.03532061695035371,0.00537546385267007,-0.0013446457128707366,9.570030476753824e-05,0.00013509516206505756,-0.0028881493565256766,-0.001276705890748131,-9.675835935815669e-05,2024,2,20242,-0.035135369068571176,0.0
11620,8098,254301487132,17278144,14718.102079251104,0.48740273535507417,0.023265279714738685,0.028744611376203676,0.02310490681067135,0.03237084149542173,0.21228211084341306,0.19282951440447732,0.32275757666243565,-0.035135369068571176,-0.0227383663113494,-0.01268544914674441,-0.008733745611091581,0.00016500758609017466,-0.0021599824239491236,0.0002585741017933421,-0.0019181246641515742,0.005396967225367755,0.006991303785941011,2024,3,20243,0.017394007643785292,0.0
11620,8099,258724809143,16685334,15506.121072733695,0.5085498817443416,0.02474664183233093,0.031176634037216513,0.024836227524081076,0.03601578507629604,0.1964669582108194,0.17820787157491447,0.33247864714621483,0.017394007643785292,-0.03430981938800837,0.05354080228819069,0.0211471463892674,0.001481362117592245,0.002432022661012837,0.0017313207134097251,0.0036449435808743116,-0.01581515263259367,-0.014621642829562853,2024,4,20244,-0.08019121310679045,0.0
11620,8100,237977352837,15056830,15805.275933712475,0.5011978805718343,0.02698014320882779,0.02964807441921852,0.024496155384133855,0.03606224132545144,0.20627661874877265,0.17533888634176142,0.3280005673180495,-0.08019121310679045,-0.09760092306213353,0.019292694773602737,-0.007352001172507228,0.0022335013764968603,-0.0015285596179979918,-0.00034007213994722077,4.645624915539798e-05,0.009809660537953263,-0.002868985233153043,2025,1,20251,0.05092017058152587,0.0
11620,8101,250095200238,16380643,15267.727905308724,0.5139358349807724,0.02592891447668295,0.028652240219647424,0.022435969129596407,0.03529780091580775,0.19616197965140253,0.1775872606260905,0.3373893668106397,0.05092017058152587,0.08792109627325284,-0.03401067027606697,0.012737954408938101,-0.001051228732144839,-0.0009958341995710968,-0.0020601862545374487,-0.0007644404096436852,-0.01011463909737012,0.0022483742843290855,2025,2,20252,0.023609468216027052,1.0
11620,8102,255999814919,16829051,15211.77961365736,0.4961286725819955,0.02415205627768253,0.03443752560051436,0.0234706808085042,0.03539281705678896,0.20161784016262296,0.1848004075118915,0.3245173931951315,0.023609468216027052,0.027374261193531924,-0.003664480530328973,-0.017807162398776943,-0.0017768581990004195,0.005785285380866933,0.0010347116789077918,9.50161409812092e-05,0.005455860511220434,0.007213146885800992,2025,3,20253,-0.016939607321091676,0.0
11620,8103,251663278580,15822803,15905.10092175198,0.5107228954467513,0.024479962196954384,0.03576033822963636,0.023935471491861544,0.03690089531694601,0.19448440150334148,0.17371603581450887,0.33265197267092617,-0.016939607321091676,-0.059792319840257235,0.04557792222233781,0.014594222864755813,0.00032790591927185295,0.001322812629122004,0.00046479068335734605,0.0015080782601570447,-0.0071334386592814825,-0.011084371697382633,2025,4,20254,,
11650,8084,344521874387,19911495,17302.66232580728,0.4901914839935414,0.04314757187609484,0.05655407539120019,0.06697338969566065,0.04464403375363841,0.1583645125845128,0.14012493270535167,0.29654060767087914,,,,,,,,,,,2021,1,20211,0.1532489818474998,1.0
11650,8085,397319500861,23217246,17113.119310576283,0.5102044085445442,0.04126268954700896,0.05900716102832817,0.07019155868404411,0.044374876858027934,0.13269584034699752,0.14226346499104917,0.31023605722288017,0.1532489818474998,0.16602223991719356,-0.010954557839823797,0.020012924551002786,-0.001884882329085881,0.002453085637127976,0.0032181689883834658,-0.00026915689561047423,-0.02566867223751529,0.002138532285697492,2021,2,20212,-0.11473679084014654,0.0
11650,8086,351732336394,22312341,15764.026571393832,0.46624985605900493,0.03973619896677324,0.05481704099961422,0.06550081615809324,0.05293689672917324,0.15508477090913983,0.1656744201782013,0.2805647733893382,-0.11473679084014654,-0.03897555291441546,-0.07883383003989708,-0.043954552485539256,-0.001526490580235719,-0.0041901200287139465,-0.004690742525950878,0.008562019871145306,0.022388930562142306,0.023410955187152138,2021,3,20213,0.21793726617200382,1.0
11650,8087,428387920212,22721267,18854.0507099362,0.5240607775095505,0.04308893064460162,0.061342685092509966,0.07396014409164584,0.04664615882752019,0.11673688098686766,0.13416442284730423,0.3195328382702803,0.21793726617200382,0.01832734628786814,0.19601744037590474,0.05781092145054556,0.0033527316778283814,0.006525644092895744,0.008459327933552599,-0.0062907379016530485,-0.03834788992227217,-0.03150999733089707,2021,4,20214,-0.16896173872311837,0.0
11650,8088,356006752365,19835035,17948.380346442544,0.509530726052132,0.04425601161588799,0.06059476802530675,0.06637680824596401,0.052667359479677545,0.12117717760524477,0.14539714897578696,0.3082558519975424,-0.16896173872311837,-0.12702777534369014,-0.04803585062049098,-0.01453005145741848,0.0011670809712863717,-0.0007479170672032159,-0.007583335845681827,0.006021200652157353,0.00444029661837711,0.011232726128482723,2022,1,20221,0.2698564513784907,1.0
11650,8089,452077471225,24001237,18835.590483315507,0.5523508431782062,0.041592625034043464,0.06296819989694234,0.06849457468892256,0.04537645839420805,0.09500102547163818,0.13421627333603922,0.34457612722225406,0.2698564513784907,0.21004258374134444,0.049431208819285644,0.04282011712607414,-0.0026633865818445276,0.0023734318716355923,0.002117766442958552,-0.007290901085469495,-0.026176152133606592,-0.011180875639747734,2022,2,20222,-0.01730812113197666,0.0
11650,8090,444252859592,23952533,18547.21835022626,0.545527907952186,0.04174752168851088,0.057404853450850446,0.06817196280472829,0.04699097196396736,0.09845591670061508,0.14170086543914193,0.3392671418798629,-0.01730812113197666,-0.0020292287435018652,-0.01530995979896077,-0.006822935226020177,0.00015489665446741935,-0.005563346446091896,-0.0003226118841942738,0.0016145135697593072,0.0034548912289769085,0.007484592103102705,2022,3,20223,0.0609640239341922,0.0
11650,8091,471336301557,22762452,20706.745545558977,0.5670302482200796,0.04362356745720222,0.06096437006247657,0.07253677782521786,0.0450662247376913,0.0883332698509856,0.12244554184634684,0.35723119848131846,0.0609640239341922,-0.04968497486257506,0.11643402016164717,0.02150234026789366,0.0018760457686913395,0.0035595166116261234,0.004364815020489576,-0.0019247472262760579,-0.01012264684962949,-0.01925532359279508,2022,4,20224,-0.042689301917829714,0.0
11650,8092,451215283875,21554577,20933.61813015398,0.5687870668031236,0.042521867056957305,0.05639891603505582,0.07264086613493374,0.04401219544793063,0.09954852390249166,0.11609056461950726,0.35910837085626107,-0.042689301917829714,-0.053064362310352164,0.01095645784103727,0.0017568185830439953,-0.0011017004002449177,-0.00456545402742075,0.00010408830971588012,-0.0010540292897606718,0.011215254051506071,-0.0063549772268395865,2023,1,20231,0.0033899594576316527,0.0
11650,8093,452744885394,23283953,19444.502632091724,0.5683231431053731,0.04015617286803465,0.05524423112639643,0.06630357713677183,0.045681886727447704,0.09081330516902374,0.13347768386695255,0.36020198588364416,0.0033899594576316527,0.08023242580914491,-0.07113512288242463,-0.00046392369775050124,-0.002365694188922657,-0.0011546849086593869,-0.006337288998161911,0.001669691279517077,-0.008735218733467928,0.017387119247445293,2023,2,20232,-0.020511992836580117,0.0
11650,8094,443458185548,23180795,19130.41315226678,0.5641370918655,0.0411150720455615,0.05267193652573078,0.06394555723885857,0.04580812839185085,0.09377818703382271,0.13854402689867562,0.3568916551351499,-0.020511992836580117,-0.004430433268783895,-0.01615312490979126,-0.004186051239873145,0.0009588991775268535,-0.002572294600665652,-0.0023580198979132605,0.00012624166440314277,0.002964881864798971,0.0050663430317230695,2023,3,20233,0.058012144965165824,0.0
11650,8095,469184146094,22091742,21237.98775551516,0.578724774416397,0.04323789194048266,0.0496806108412922,0.06808477494164952,0.046541772985707566,0.09621523635616573,0.11751493851830534,0.36912884860987255,0.058012144965165824,-0.046980830467634904,0.11016879700784976,0.014587682550897041,0.002122819894921156,-0.0029913256844385783,0.004139217702790951,0.0007336445938567193,0.002437049322343024,-0.02102908838037028,2023,4,20234,-0.06057176305208367,0.0
11650,8096,440764835169,20696063,21297.037758775667,0.5833656908369543,0.043334523063021727,0.04835841548209586,0.0648471182326531,0.04490665294433204,0.1002553672029141,0.11493223223802881,0.37401425936466526,-0.06057176305208367,-0.06317650278552045,0.002780395390574064,0.004640916420557306,9.663112253906897e-05,-0.0013221953591963445,-0.0032376567089964225,-0.0016351200413755249,0.004040130846748369,-0.0025827062802765283,2024,1,20241,0.03401591296694817,0.0
11650,8097,455757853441,22481702,20272.391006739614,0.5848221743819155,0.04129042360964195,0.04777906229720946,0.06273499429824167,0.0437995264969892,0.10105473592231193,0.11851908299369025,0.37611762424161016,0.03401591296694817,0.08627916333652452,-0.048112172389506935,0.0014564835449611957,-0.0020440994533797788,-0.0005793531848863956,-0.0021121239344114306,-0.0011071264473428433,0.0007993687193978277,0.0035868507556614387,2024,2,20242,-0.038118498998611305,0.0
11650,8098,438385048161,22218453,19730.673785479124,0.5773443863100175,0.04157562541299612,0.045861829924035744,0.06191670287311307,0.0432360920576812,0.1052358638451032,0.12482949957705321,0.36951840923113394,-0.038118498998611305,-0.011709478223668301,-0.02672192052138267,-0.007477788071898028,0.00028520180335417367,-0.001917232373173719,-0.0008182914251285978,-0.0005634344393080012,0.004181127922791267,0.006310416583362954,2024,3,20243,0.07503954104273802,0.0
11650,8099,471281260975,21640830,21777.41153989935,0.5931225377552791,0.0452837477111828,0.04395568462693214,0.06801692785892546,0.044150617872972815,0.09565690320836122,0.10981358096634641,0.3835619100410525,0.07503954104273802,-0.025997444556558502,0.10373379929511217,0.015778151445261623,0.003708122298186678,-0.0019061452971036036,0.006100224985812391,0.0009145258152916183,-0.009578960636741976,-0.015015918610706794,2024,4,20244,-0.0994912540804106,0.0
11650,8100,424392897296,19334471,21950.065108892817,0.591912651042305,0.044526478403384216,0.04291443570107001,0.06769739682745343,0.0453886196958781,0.10057943453805847,0.10698098379185085,0.3823890604146564,-0.0994912540804106,-0.10657442436357567,0.007928103332076164,-0.001209886712974173,-0.0007572693077985831,-0.0010412489258621316,-0.0003195310314720312,0.001238001822905288,0.0049225313296972495,-0.002832597174495563,2025,1,20251,0.04505479044731464,0.0
11650,8101,443513830351,21435627,20690.49952917169,0.5891027973247754,0.04209787856947695,0.04333614211261239,0.0639962008412169,0.04563023362086316,0.09891327296666587,0.11692347456438926,0.38032492482472186,0.04505479044731464,0.10867408785065802,-0.057383227497162514,-0.002809853717529509,-0.002428599833907266,0.00042170641154238436,-0.0037011959862365273,0.00024161392498505546,-0.0016661615713925992,0.009942490772538407,2025,2,20252,0.013828069208453586,0.0
11650,8102,449646770292,21779248,20645.65178246742,0.5809424663194285,0.0414648528552585,0.048310376088976176,0.061787609258169514,0.044012259496823296,0.10098455476175779,0.12249788121958625,0.3725057744810411,0.013828069208453586,0.01603036850753181,-0.002167552631633707,-0.008160331005346966,-0.0006330257142184506,0.004974233976363783,-0.002208591583047391,-0.001617974124039863,0.002071281795091917,0.005574406655196998,2025,3,20253,0.024767976898327992,0.0
11650,8103,460783611111,20087347,22938.997922971113,0.5990102482627357,0.04306194407860597,0.04852082702571248,0.0662744325202216,0.04381335039743138,0.09129240286253702,0.10802679485275579,0.3893378805123731,0.024767976898327992,-0.07768408716407471,0.11108131458708592,0.01806778194330727,0.0015970912233474674,0.0002104509367363075,0.004486823262052082,-0.00019890909939191542,-0.009692151899220763,-0.014471086366830463,2025,4,20254,,
11680,8084,725426422687,42766114,16962.645301067103,0.4528211447292884,0.05145428611869738,0.07981057398288442,0.09506896498413953,0.03867994670785079,0.10836345069955876,0.17380163277758068,0.26654815177755187,,,,,,,,,,,2021,1,20211,0.14293891244948465,0.0
11680,8085,829118086608,49455244,16765.01862184726,0.46171309202785676,0.0500295551188616,0.08095700429429317,0.10105014230212017,0.03552286378107316,0.09638126184283984,0.1743460806329553,0.27339488085659996,0.14293891244948465,0.15641191996074277,-0.011650699269612819,0.008891947298568348,-0.0014247309998357827,0.0011464303114087498,0.005981177317980646,-0.0031570829267776324,-0.011982188856718923,0.0005444478553746357,2021,2,20212,-0.12755512704187533,0.0
11680,8086,723359823738,47159135,15338.699993924825,0.4237048301040433,0.04750248140052308,0.07819878376392671,0.09793036319177405,0.039285255118471626,0.11277765669710148,0.20060062972415976,0.25199041837527547,-0.12755512704187533,-0.04642801883658687,-0.08507706791710523,-0.03800826192381346,-0.0025270737183385183,-0.0027582205303664648,-0.003119779110346124,0.003762391337398467,0.016396394854261642,0.02625454909120445,2021,3,20213,0.23640590072768308,1.0
11680,8087,894366354419,48188184,18559.868419590162,0.4713033165126468,0.052655275698058564,0.08519788315997193,0.11113680840730025,0.03330414021483367,0.08384171061612893,0.16256086539105988,0.27907409684373813,0.23640590072768308,0.021820777671176517,0.21000270081174688,0.04759848640860348,0.005152794297535485,0.006999099396045219,0.013206445215526205,-0.005981114903637959,-0.028935946080972552,-0.038039764333099885,2021,4,20214,-0.1492039999052598,0.0
11680,8088,760923316959,42080566,18082.535224431154,0.4594099576893841,0.05389417926617389,0.08205634897026597,0.10197531676136162,0.03847404653993201,0.08840455819758325,0.17578559257529916,0.2712904941421621,-0.1492039999052598,-0.12674513735566384,-0.025718565690647788,-0.0118933588232627,0.0012389035681153251,-0.0031415341897059607,-0.00916149164593863,0.005169906325098339,0.004562847581454324,0.013224727184239282,2022,1,20221,0.26183568474973584,1.0
11680,8089,960160194697,50042770,19186.791512480224,0.49579326967540593,0.052255917048127105,0.08172799139289832,0.10828308400850732,0.03273426249660191,0.07174768518261637,0.157457790195843,0.2979585559451,0.26183568474973584,0.18921332949751668,0.06106755907529604,0.03638331198602185,-0.0016382622180467835,-0.00032835757736764115,0.006307767247145699,-0.005739784043330094,-0.016656873014966878,-0.018327802379456165,2022,2,20222,0.011033951160976052,1.0
11680,8090,970754555392,51408920,18882.998425020403,0.48991424719501175,0.05470597435677781,0.07817214248390163,0.10721567279895118,0.033463310300802435,0.07252135481308314,0.16400729805147207,0.29389233144359195,0.011033951160976052,0.027299647881202427,-0.015833449134119992,-0.00587902248039418,0.0024500573086507077,-0.0035558489089966977,-0.0010674112095561405,0.0007290478042005222,0.0007736696304667667,0.0065495078556290776,2022,3,20223,0.05590171408578826,0.0
11680,8091,1025021398995,49661803,20640.035944627303,0.5077921095572552,0.05598556289192157,0.07998173308809127,0.10940045718650114,0.03138844900949911,0.06440821037271051,0.15104347789402123,0.30730053195028184,0.05590171408578826,-0.033984705377977154,0.09304865043460397,0.017877862362243424,0.0012795885351437539,0.0018095906041896426,0.0021847843875499595,-0.002074861291303326,-0.00811314444037263,-0.012963820157450845,2022,4,20224,-0.040783531994539324,0.0
11680,8092,983217405974,47771991,20581.461760176586,0.5025026401770851,0.05500850345953926,0.08079843841383415,0.10910536304199311,0.030040040232750965,0.07121246502917537,0.15133254964562196,0.30284236650739993,-0.040783531994539324,-0.038053632486923616,-0.0028378915912675717,-0.005289469380170053,-0.000977059432382306,0.000816705325742878,-0.0002950941445080263,-0.0013484087767481438,0.006804254656464864,0.00028907175160072796,2023,1,20231,-0.02464545064272472,0.0
11680,8093,958985569924,49640331,19318.677990362314,0.5016483605609678,0.05289015227207188,0.07967372056083723,0.10224858630122129,0.029082609866809862,0.06996583347684512,0.16449073696124678,0.3040493396063032,-0.02464545064272472,0.03910952758908448,-0.061355397616006724,-0.0008542796161172816,-0.0021183511874673794,-0.0011247178529969204,-0.006856776740771828,-0.0009574303659411025,-0.001246631552330249,0.01315818731562482,2023,2,20232,-0.0011339484108047193,0.0
11680,8094,957898129761,50804741,18854.5027669957,0.496083879213298,0.05440030087124366,0.07520419999564443,0.10011895098482804,0.029909536554944917,0.07188069861789947,0.17240243376214148,0.3005220983713216,-0.0011339484108047193,0.023456934644533245,-0.0240272767938976,-0.005564481347669847,0.0015101485991717775,-0.0044695205651928,-0.0021296353163932497,0.0008269266881350545,0.0019148651410543505,0.007911696800894708,2023,3,20233,0.03493476386194572,0.0
11680,8095,991362074728,47490331,20875.029797707663,0.5171090321078237,0.054600018693322726,0.07460845246707011,0.10298936672457751,0.029072722750573023,0.06914859021695824,0.15247181703967477,0.3154305496951665,0.03493476386194572,-0.06523820286772053,0.1071641642148653,0.021025152894525667,0.00019971782207906658,-0.0005957475285743169,0.002870415739749471,-0.0008368138043718942,-0.0027321084009412355,-0.01993061672246671,2023,4,20234,-0.05373964499864203,0.0
11680,8096,938086628767,45307845,20704.728480619637,0.5191576987800385,0.05665364882116905,0.07313564275953517,0.0950204236650939,0.029523606814865922,0.07227657317759344,0.154232405981704,0.31699523672724184,-0.05373964499864203,-0.045956428478041156,-0.008158135281163825,0.002048666672214816,0.0020536301278463245,-0.001472809707534939,-0.007968943059483605,0.0004508840642928995,0.0031279829606351978,0.0017605889420292398,2024,1,20241,0.0004832941138879221,0.0
11680,8097,938540000513,47467749,19772.161526197502,0.5193312785502835,0.05306148508937228,0.07091273173825492,0.09362890106012357,0.02821095257690432,0.07271134481822733,0.16214330616683412,0.3186887339621532,0.0004832941138879221,0.04767174426415566,-0.04504125496236522,0.0001735797702450137,-0.0035921637317967714,-0.0022229110212802494,-0.00139152260497033,-0.0013126542379616017,0.0004347716406338936,0.007910900185130104,2024,2,20242,-0.012213894584923723,0.0
11680,8098,927076771883,48062298,19289.06461948615,0.51023009558015,0.053672352458939254,0.07108348553394321,0.09182438543044788,0.028521627724847183,0.07362929313001343,0.17103876014165906,0.31218906505523547,-0.012213894584923723,0.012525325353009764,-0.024433186329742562,-0.009101182970133515,0.0006108673695669753,0.00017075379568828875,-0.0018045156296756931,0.00031067514794286266,0.0009179483117860987,0.00889545397482494,2024,3,20243,0.06311246387088221,0.0
11680,8099,985586871154,45701222,21565.875659823712,0.5200077455982252,0.05642250831617555,0.07198798700912672,0.10275953832199032,0.02713214773314655,0.07123830790561464,0.150451765115721,0.31778013149691664,0.06311246387088221,-0.04912532480240539,0.11803636336193746,0.009777650018075179,0.002750155857236293,0.0009045014751835057,0.01093515289154244,-0.0013894799917006338,-0.0023909852243987895,-0.020586995025938054,2024,4,20244,-0.10220884510165096,0.0
11680,8100,884851175306,41629827,21255.221053548936,0.5213211685213344,0.05797142239457471,0.07261543601699989,0.09205060527928045,0.02739444335892677,0.07519249086829895,0.15345443356058486,0.31883539143244527,-0.10220884510165096,-0.08908722396963475,-0.01440491502292729,0.0013134229231092087,0.0015489140783991606,0.0006274490078731765,-0.010708933042709867,0.000262295625780222,0.003954182962684308,0.003002668444863854,2025,1,20251,0.024627613887119537,0.0
11680,8101,906642948399,44684168,20290.026400379662,0.5225032411011719,0.05402783149143613,0.06835653162740504,0.09074063246868655,0.027795796856415273,0.07488865484686859,0.16168731160801658,0.32135882501652635,0.024627613887119537,0.07336905339529753,-0.0454097678277553,0.0011820725798374898,-0.003943590903138575,-0.00425890438959485,-0.001309972810593904,0.0004013534974885019,-0.00030383602143035926,0.008232878047431724,2025,2,20252,0.0543442156032925,1.0
11680,8102,955913748262,47600144,20082.160849387346,0.5237010818185139,0.05239904866215132,0.07481498538652513,0.08578461337133571,0.026952487448625384,0.07300487227522616,0.16334291103762236,0.3227018198700708,0.0543442156032925,0.06525747553361638,-0.010244715649479152,0.0011978407173420802,-0.0016287828292848167,0.006458453759120089,-0.004956019097350842,-0.0008433094077898891,-0.0018837825716424283,0.0016555994296057752,2025,3,20253,0.007117313604255493,0.0
11680,8103,962717286187,43091278,22341.349128401343,0.5366243899152874,0.05624372713037836,0.07435006801684928,0.0910550261314958,0.02667157880139322,0.06827283735116497,0.146782372653431,0.33186566144889657,0.007117313604255493,-0.09472378907089019,0.11249727038626522,0.012923308096773445,0.0038446784682270446,-0.0004649173696758546,0.00527041276016009,-0.00028090864723216355,-0.004732034924061185,-0.01656053838419136,2025,4,20254,,
11710,8084,381296392014,24717655,15426.07468281275,0.4226449374770978,0.02100432914326118,0.03272686712320588,0.023112056202400234,0.045029106116927516,0.2957097884678124,0.15977291546929503,0.29567442390230764,,,,,,,,,,,2021,1,20211,0.11776897351116622,0.0
11710,8085,426201276705,28374832,15020.398242534087,0.45111406541393034,0.019590444462181143,0.033025448426196306,0.0252851612958896,0.03909330024727383,0.27204012279684425,0.1598514573576845,0.30670430810894134,0.11776897351116622,0.14795808906629704,-0.026298099070572678,0.02846912793683254,-0.0014138846810800368,0.00029858130299042357,0.002173105093489367,-0.005935805869653685,-0.02366966567096812,7.854188838946063e-05,2021,2,20212,-0.05138708002547632,0.0
11710,8086,404300037592,27766736,14560.589245779554,0.4016770916006796,0.0206575106466556,0.02857632841394673,0.022251118171001647,0.04130022328083603,0.31163978990560726,0.1738979379812731,0.2921484973979757,-0.05138708002547632,-0.021430822920819437,-0.030612303970241395,-0.04943697381325074,0.0010670661844744585,-0.004449120012249577,-0.0030340431248879543,0.002206923033562201,0.039599667108763004,0.014046480623588598,2021,3,20213,0.09534982956618654,0.0
11710,8087,442849977270,27208372,16276.239433583163,0.4662998869007484,0.022290877262440195,0.03404344762968853,0.02700545884799386,0.04132930759493093,0.25609097103070516,0.15294005073349295,0.31050207509497524,0.09534982956618654,-0.020109097446671442,0.11782834876005421,0.06462279530006881,0.0016333666157845941,0.005467119215741799,0.0047543406769922116,2.9084314094894592e-05,-0.055548818874902095,-0.020957887247780138,2021,4,20214,-0.14394084650282357,0.0
11710,8088,379105776668,22969442,16504.78826033301,0.4590765196211014,0.023279217680527986,0.03148301270664192,0.025317095182132442,0.04625301899938075,0.2507322415380737,0.16385889427214176,0.3047810441861416,-0.14394084650282357,-0.15579506190227033,0.014041869295574383,-0.007223367279647008,0.0009883404180877908,-0.0025604349230466047,-0.0016883636658614164,0.004923711404449825,-0.005358729492631442,0.010918843538648804,2022,1,20221,0.21741352392311675,0.0
11710,8089,461528499513,27232845,16947.494817856892,0.5094452494745175,0.021008414102771763,0.03159277827780014,0.03220413429004582,0.038215614497503415,0.22155593289883016,0.14597787645853122,0.3338680305893834,0.21741352392311675,0.1856119534814995,0.026822916510105488,0.050368729853416117,-0.002270803577756223,0.00010976557115821572,0.006887039107913381,-0.008037404501877336,-0.02917630863924356,-0.01788101781361054,2022,2,20222,-0.01857857243495853,0.0
11710,8090,452953958854,27041822,16750.1272234541,0.5002594128734348,0.02244142336832174,0.03009902825773614,0.031106733831509758,0.037282704000923136,0.22526751185740063,0.15354318581067375,0.32834763986793003,-0.01857857243495853,-0.007014434224554944,-0.011645827098577088,-0.009185836601082742,0.0014330092655499768,-0.0014937500200639976,-0.0010974004585360651,-0.000932910496580279,0.003711578958570466,0.00756530935214253,2022,3,20223,0.0266771543924067,0.0
11710,8091,465037481547,25353104,18342.427875774105,0.5338065578482002,0.02413989371922363,0.03261832839266944,0.03519561690931316,0.03928736857558759,0.19193916876564465,0.1430130657893613,0.3466717412897914,0.0266771543924067,-0.062448380882027865,0.09506200347483995,0.03354714497476541,0.0016984703509018914,0.0025193001349332993,0.004088883077803401,0.002004664574664451,-0.033328343091755974,-0.010530120021312456,2022,4,20224,-0.027819519727664055,0.0
11710,8092,452100362155,24583357,18390.505501547246,0.5117085043999261,0.024503421749531733,0.03292325060977699,0.03426056212202195,0.03162325436514115,0.2186402900914084,0.14634071666219367,0.3349229497213778,-0.027819519727664055,-0.030361055593035036,0.0026211157050064493,-0.02209805344827409,0.00036352803030810163,0.00030492221710754636,-0.0009350547872912091,-0.007664114210446438,0.026701121325763744,0.0033276508728323773,2023,1,20231,0.013981837076770143,0.0
11710,8093,458421555761,26291383,17436.190243814865,0.5165752246987737,0.023285299490945374,0.031135379801907385,0.03637648632887146,0.03480106070823043,0.21013513366989728,0.14769141530137436,0.33686547096062164,0.013981837076770143,0.06947895684059757,-0.05189173607283892,0.004866720298847604,-0.0012181222585863592,-0.0017878708078696015,0.002115924206849508,0.0031778063430892775,-0.008505156421511118,0.0013506986391806919,2023,2,20232,0.00818148296227883,1.0
11710,8094,462172123909,26130973,17686.755250522052,0.5096315088842884,0.023148528746200443,0.03004845206703641,0.037886602166528935,0.04132450332024034,0.21371489929463608,0.14424550552106932,0.33078697194434986,0.00818148296227883,-0.006101238569306111,0.014370398762772796,-0.006943715814485274,-0.00013677074474493026,-0.0010869277348709745,0.0015101158376574775,0.006523442612009912,0.003579765624738801,-0.00344590978030504,2023,3,20233,0.0655898069091867,1.0
11710,8095,492485904275,26180151,18811.423367076837,0.5249010189754634,0.022167401897667235,0.029863163307487537,0.03803994613932953,0.04356101599817712,0.20226160179475525,0.13920585188711998,0.3405369063283776,0.0655898069091867,0.0018819812029196026,0.06358815399571882,0.015269510091174943,-0.0009811268485332078,-0.00018528875954887392,0.00015334397280059725,0.002236512677936779,-0.011453297499880832,-0.0050396536339493425,2023,4,20234,-0.062234985655316044,0.0
11710,8096,461836051087,24266704,19031.676122435085,0.5216265684348199,0.023679524299284035,0.031320261993308826,0.034787209561025614,0.04397594330108737,0.20589531850359405,0.13871517390688018,0.3384147707714314,-0.062234985655316044,-0.07308769915039837,0.011708457731259614,-0.0032744505406434588,0.0015121224016168,0.001457098685821289,-0.0032527365783039178,0.00041492730291024793,0.0036337167088388023,-0.0004906779802398009,2024,1,20241,0.045475632451316805,0.0
11710,8097,482838337599,27072862,17834.772607306903,0.5206603772726615,0.021755011356873157,0.02986334448855468,0.036560760460286536,0.0419813117715489,0.2029369563698103,0.146242238280265,0.33812164858624844,0.045475632451316805,0.11563820121595425,-0.0628900737606205,-0.0009661911621584585,-0.0019245129424108783,-0.0014569175047541467,0.0017735508992609214,-0.0019946315295384653,-0.002958362133783754,0.007527064373384823,2024,2,20242,-0.033576118596166715,0.0
11710,8098,466626500313,26599611,17542.606179955037,0.5066157572178804,0.022175567497900457,0.030815465740490006,0.035245222039400344,0.0414589107048643,0.21167948451865534,0.15200959228080915,0.32897706144900574,-0.033576118596166715,-0.0174806416846508,-0.01638184202203763,-0.01404462005478102,0.00042055614102729996,0.000952121251935327,-0.001315538420886192,-0.000522401066684601,0.008742528148845047,0.00576735400054415,2024,3,20243,0.03829647864193997,0.0
11710,8099,484496652116,25406704,19069.63815991244,0.5302356006301002,0.023779410509201182,0.03134435772605515,0.03748736776338232,0.04406891179691373,0.19647284347634492,0.13661150809800243,0.3433093753982693,0.03829647864193997,-0.044846783661610656,0.08704704217223203,0.023619843412219788,0.0016038430113007249,0.0005288919855651435,0.0022421457239819795,0.0026100010920494313,-0.015206641042310426,-0.01539808418280672,2024,4,20244,-0.08853051802250733,0.0
11710,8100,441603912524,22788366,19378.48077935908,0.5221267384796301,0.025010666975011784,0.03299915220793706,0.03509991963478721,0.04551504519993953,0.20329148337679415,0.13595699412590018,0.3374461637075621,-0.08853051802250733,-0.10305697267933689,0.01619551545009812,-0.00810886215047013,0.001231256465810602,0.0016547944818819105,-0.002387448128595114,0.0014461334030257955,0.00681863990044923,-0.0006545139721022553,2025,1,20251,0.06866490115472446,0.0
11710,8101,471926601527,25449784,18543.44231475599,0.5218261046340078,0.023306906339694254,0.03348462233717909,0.04086881929646117,0.04480745994944767,0.19577131896582475,0.13993476847738529,0.3355530329099395,0.06866490115472446,0.11678845249369796,-0.043091018027198946,-0.000300633845622289,-0.0017037606353175298,0.00048547012924202854,0.00576889966167396,-0.00070758525049186,-0.007520164410969393,0.003977774351485108,2025,2,20252,0.00505099489472971,0.0
11710,8102,474310300382,26086425,18182.265311632393,0.5159422564719974,0.02376113722371883,0.03742192313071174,0.03735009734077515,0.04424307683619594,0.1975924342155751,0.14368907478102577,0.3312032038763441,0.00505099489472971,0.025015575770702014,-0.019477343903736233,-0.005883848162010374,0.0004542308840245757,0.003937300793532654,-0.003518721955686019,-0.0005643831132517291,0.0018211152497503436,0.0037543063036404867,2025,3,20253,0.011169467324941618,0.0
11710,8103,479608093784,24054514,19938.382200696302,0.5431382783112869,0.025045278096181962,0.034764441349292824,0.03971501033212013,0.04203849556817595,0.1821146593729854,0.13318383696995678,0.35108322244808693,0.011169467324941618,-0.07789150870615658,0.09658405368996603,0.027196021839289486,0.0012841408724631326,-0.002657481781418919,0.002364912991344982,-0.0022045812680199853,-0.015477774842589692,-0.01050523781106899,2025,4,20254,,
11740,8084,188158630113,12899887,14586.068088270851,0.45688443195707823,0.025139763289938957,0.02635668162029929,0.023317999776917307,0.06314018499637863,0.23521002677592448,0.1699509115834631,0.29880754764800443,,,,,,,,,,,2021,1,20211,0.09604579343050501,0.0
11740,8085,206230475033,14480988,14241.464396835354,0.4804437982123901,0.0233838694219578,0.028696661659985072,0.02331096714600855,0.060015457119126016,0.21403078175491272,0.17011846468561978,0.3110912708284301,0.09604579343050501,0.1225670426415364,-0.023625537009017816,0.023559366255311853,-0.0017558938679811571,0.002339980039685781,-7.03263090875636e-06,-0.0031247278772526185,-0.02117924502101176,0.00016755310215668673,2021,2,20212,-0.01981086650431385,0.0
11740,8086,202144870623,14760245,13695.224613344833,0.4473463569928993,0.022450766517167476,0.026496951451166678,0.021512174524131705,0.06021235045187002,0.23573693318131642,0.1862444668814484,0.29567209237761527,-0.01981086650431385,0.01928438860663384,-0.03835559098907715,-0.033097441219490764,-0.0009331029047903242,-0.0021997102088183937,-0.0017987926218768456,0.00019689333274400256,0.021706151426403697,0.01612600219582863,2021,3,20213,0.07549775419957427,0.0
11740,8087,217406354378,14398902,15098.814783099433,0.490117638635049,0.02443985905196558,0.029662799247290914,0.0246002554814985,0.06260751390152268,0.2015158255394275,0.16705610814324587,0.3147337326483507,0.07549775419957427,-0.024480826707144798,0.10248756113038993,0.04277128164214966,0.001989092534798103,0.0031658477961242354,0.0030880809573667935,0.002395163449652661,-0.034221107641888904,-0.019188358738202543,2021,4,20214,-0.13244095559846114,0.0
11740,8088,188612849051,12582194,14990.457868556152,0.4759675695992782,0.025546519960032668,0.02973014727901047,0.026400421042649,0.06669624632836382,0.19242783727945376,0.18323125851121205,0.3038291718107172,-0.13244095559846114,-0.126169898232518,-0.007176517898912715,-0.014150069035770763,0.0011066609080670892,6.734803171955586e-05,0.0018001655611505005,0.0040887324268411435,-0.009087988259973756,0.016175150367966185,2022,1,20221,0.19461549047527837,0.0
11740,8089,225319831179,14523749,15513.88909151487,0.5212329069947657,0.02317475965908974,0.030430394737660526,0.02854668516456567,0.056855960706906364,0.17409516117929702,0.16566413155771503,0.33494806487596784,0.19461549047527837,0.15430973326273612,0.034917627436628296,0.04526533739548744,-0.0023717603009429274,0.0007002474586500565,0.0021462641219166696,-0.009840285621457459,-0.018332676100156736,-0.01756712695349702,2022,2,20222,0.007806929122907702,1.0
11740,8090,227078887131,14733289,15412.640526565385,0.5109835912929287,0.02445190194540984,0.029936160516227838,0.02897292408432734,0.054800060411698215,0.1740287073945463,0.17682665435486175,0.3279944334246924,0.007806929122907702,0.01442740438436374,-0.006526317440599838,-0.010249315701836959,0.001277142286320098,-0.0004942342214326878,0.000426238919761672,-0.002055900295208149,-6.645378475073072e-05,0.011162522797146718,2022,3,20223,-0.002414622627085916,0.0
11740,8091,226530577312,13907043,16288.910396839932,0.5363954826179805,0.025620672965514717,0.02583057144617109,0.030678856556429452,0.05659766845224399,0.15399578852859813,0.17088095943306206,0.3461032445725664,-0.002414622627085916,-0.05608021399702401,0.056853974422111486,0.02541189132505184,0.0011687710201048786,-0.004105589070056748,0.0017059324721021112,0.0017976080405457742,-0.020032918865948157,-0.0059456949217996935,2022,4,20224,-0.02753592896825041,0.0
11740,8092,220292847426,13200781,16687.864712398456,0.5240052667746119,0.025283157833215414,0.024702641495557388,0.03137250917019249,0.05434649488119055,0.1717762801568555,0.1685136496883768,0.337672694567738,-0.02753592896825041,-0.050784483804357294,0.024492388124126574,-0.012390215843368635,-0.0003375151322993035,-0.001127929950613702,0.0006936526137630399,-0.002251173571053436,0.017780491628257372,-0.0023673097446852698,2023,1,20231,0.03884547719541631,0.0
11740,8093,228850228207,14421672,15868.494874034022,0.5347889107949619,0.023393665800313344,0.023977600765320788,0.029542611702727598,0.05394352560939415,0.1579019959259743,0.17645168940130793,0.34697227691867116,0.03884547719541631,0.09248627031991519,-0.04909974118831828,0.010783644020350036,-0.0018894920329020695,-0.0007250407302366001,-0.0018298974674648937,-0.0004029692717964009,-0.013874284230881218,0.007938039712931139,2023,2,20232,0.015859143272154208,1.0
11740,8094,232479596764,14639144,15880.682419955703,0.5364554218390334,0.023269524312241507,0.022841978736700526,0.02818641229686919,0.051860861644728175,0.1597093026391103,0.17767649853131695,0.3494076686633439,0.015859143272154208,0.015079527533284676,0.0007680341468063734,0.0016665110440714503,-0.00012414148807183764,-0.0011356220286202617,-0.0013561994058584083,-0.0020826639646659775,0.0018073067131360032,0.0012248091300090247,2023,3,20233,0.011496272013552744,0.0
11740,8095,235152245446,13970288,16832.31193558787,0.5415234640455189,0.02277779447881139,0.024460651502989265,0.028441440477487756,0.05429170976779702,0.16312686309775787,0.16537807662963785,0.3520816004849063,0.011496272013552744,-0.04568955671178587,0.05992371678161312,0.00506804220648549,-0.0004917298334301164,0.0016186727662887389,0.00025502818061856614,0.002430848123068846,0.0034175604586475783,-0.012298421901679096,2023,4,20234,-0.03827591655750062,0.0
11740,8096,226151577721,13113945,17245.121717454207,0.5441536830435862,0.023900332031590744,0.02828428804017152,0.026892922447364596,0.0540571224450264,0.1622598199967921,0.16045183199546836,0.3531928989319493,-0.03827591655750062,-0.061297447840731656,0.02452484147430467,0.0026302189980673685,0.0011225375527793534,0.0038236365371822553,-0.0015485180301231596,-0.0002345873227706241,-0.0008670431009657753,-0.004926244634169491,2024,1,20241,0.041380924905796146,0.0
11740,8097,235509939176,14362851,16397.15813914661,0.5514400561198675,0.021573480209695385,0.02853900106091546,0.023229889129696302,0.0509142764970063,0.15635985627120674,0.1679434407116124,0.3611513203547945,0.041380924905796146,0.09523495790168401,-0.04917121445709216,0.007286373076281216,-0.0023268518218953586,0.00025471302074394145,-0.003663033317668294,-0.003142845948020098,-0.00589996372558535,0.007491608716144044,2024,2,20242,-0.007927423443495396,1.0
11740,8098,233642952163,14289711,16350.432290967956,0.5476646075835007,0.020766524733924166,0.02718268782432274,0.023391661432128966,0.04856098818287726,0.15783189446379448,0.17460163577945179,0.3594086469912126,-0.007927423443495396,-0.005092303749443583,-0.0028496308800669556,-0.003775448536366799,-0.0008069554757712191,-0.0013563132365927225,0.00016177230243266325,-0.0023532883141290373,0.0014720381925877324,0.006658195067839379,2024,3,20243,0.023926214894340214,0.0
11740,8099,239233143645,14093393,16974.84371896817,0.5564883249310696,0.02130225793697842,0.028015964175706638,0.02364579902605075,0.05457339082737446,0.15193225157353593,0.16404201152928422,0.3644485056392516,0.023926214894340214,-0.013738416403242915,0.0381892916889508,0.008823717347568927,0.000535733203054254,0.0008332763513838985,0.0002541375939217848,0.006012402644497199,-0.005899642890258544,-0.01055962425016757,2024,4,20244,-0.04804839274719053,1.0
11740,8100,227738375601,13116434,17362.827091647014,0.5514564194311771,0.02102246832737564,0.02709025251330066,0.024728359544755055,0.05677057630661009,0.1612522918813633,0.15767963199541818,0.3599795665708264,-0.04804839274719053,-0.06932035458033425,0.022856373767099702,-0.0050319054998925195,-0.0002797896096027805,-0.0009257116624059765,0.001082560518704305,0.0021971854792356277,0.009320040307827376,-0.006362379533866036,2025,1,20251,0.06988532534755687,0.0
11740,8101,243653946074,14590748,16699.208709107992,0.5497922820478982,0.018304302273214494,0.026705393180965764,0.021809131990770732,0.05425643640503579,0.1639667834226927,0.16516567067942228,0.360903982872627,0.06988532534755687,0.11240204464109671,-0.038220641087779894,-0.001664137383278863,-0.0027181660541611453,-0.000384859332334897,-0.0029192275539843236,-0.0025141399015743,0.0027144915413293835,0.007486038684004104,2025,2,20252,0.015057792090449995,0.0
11740,8102,247322836536,14835679,16670.813417842215,0.5414950982802034,0.018701449606440802,0.02910423215994552,0.02906109327657578,0.054381083030487894,0.1605222177379532,0.16673482590839342,0.35178347590070114,0.015057792090449995,0.016786733620510752,-0.001700397411662391,-0.008297183767694838,0.00039714733322630813,0.0023988389789797553,0.0072519612858050475,0.00012464662545210586,-0.003444565684739498,0.0015691552289711364,2025,3,20253,0.022354714920129304,0.0
11740,8103,252851668040,14177702,17834.46062274408,0.5432499145636247,0.01835291921137686,0.03075481721864618,0.03397115471922121,0.05579346541533695,0.16268110952106812,0.15519661935072596,0.3512212422880268,0.022354714920129304,-0.044350986564214545,0.06980146533560583,0.0017548162834213343,-0.00034853039506394304,0.001650585058700662,0.0049100614426454275,0.001412382384849059,0.00215889178311493,-0.011538206557667463,2025,4,20254,,
